,site_no,analyze_start,analyze_end,analyze_range,quantile,valid,missing,threshold,hmf_years,annual_hmf,six_mo_hmf,three_mo_hmf,annual_duration,event_duration,event_hmf,inter_annual,intra_annual,timing,jan_hmf,feb_hmf,mar_hmf,apr_hmf,may_hmf,jun_hmf,jul_hmf,aug_hmf,sep_hmf,oct_hmf,nov_hmf,dec_hmf,dec_lat_va,dec_long_va,data_start,data_end,total_record,State,HCDN_2009
1,11342000,1990-10-01,2020-09-30,30,0.9,True,0.0,2860.0,30,0.2277435623476608,0.2087573205836563,0.1318353543595066,36.4,5.526582491582491,0.03785895088998408,1.0,5.7,139.3,0.08360956054962297,0.07063689093394226,0.07028677920409397,0.04793493915229825,0.0351470965346928,0.0209304537980832,0.0,0.0,0.0,0.0222393717153216,0.008465151389990402,0.06060330733072896,40.93959397,-122.4172351,1944-10-01,2020-09-30,76.0,CA,False
2,11372000,1990-10-01,2020-09-30,30,0.9,True,0.0,362.0,30,0.03144966846417849,0.02799461447777837,0.01977591479781254,36.5,4.739568302068302,0.004508665863857703,1.0,7.2,146.3333333333333,0.01168105261674557,0.01112351528025492,0.007928684097487593,0.003783701040364461,0.00409504319821728,0.003062359791416714,0.0,0.0,0.0,0.00217011250951488,0.0006005401975424493,0.005190777007680096,40.51320587,-122.5241795,1940-10-01,2020-09-30,80.0,CA,False
3,11374000,1990-10-01,2020-09-30,30,0.9,True,0.0,1630.0,30,0.2045859092773171,0.1962545040171878,0.1445192175163968,36.33333333333334,3.943871175121175,0.02200639683842185,1.0,9.0,130.8333333333333,0.07648952513194769,0.05581128136082688,0.04653284748300721,0.01872016594275638,0.0279154269825984,0.0079595257771008,0.0,0.0,0.0,0.0009133882039296,0.0099483878148984,0.0492098088931848,40.50487467,-122.2330577,1949-10-01,2020-09-30,71.0,CA,False
4,11376000,1990-10-01,2020-09-30,30,0.9,True,0.0,2120.0,30,0.2780932715640979,0.2715829340355533,0.1969240501916755,36.43333333333333,6.322302234802235,0.04884585444063943,1.0,5.3,129.8,0.128091821932032,0.1152370444672852,0.0832791015220608,0.03868647582492,0.0228125694147264,0.0178110699766272,0.0,0.0,0.0,0.0,0.006666918363503999,0.06275610192314203,40.38709797,-122.2386119,1940-10-01,2020-09-30,80.0,CA,False
5,11379500,1990-10-01,2020-09-30,30,0.9,True,0.0,246.0,30,0.0344946763890288,0.03291108959046586,0.02333209390679059,36.5,5.27013468013468,0.005060992638548113,1.0,6.1,133.0,0.01439687380184928,0.01336108268195477,0.01007884271813184,0.00518901197817888,0.00578300556972672,0.00234218832293376,0.0,0.0,0.0,0.0,0.00051133428916416,0.008639721751025054,40.02376507,-122.5119462,1948-10-01,2020-09-30,72.0,CA,False
6,11381500,1990-10-01,2020-09-30,30,0.9,True,0.0,608.3000000000011,30,0.0466006747124007,0.04266459950785435,0.02990074148585391,36.53333333333333,3.894168007918009,0.005372880043026113,1.0,8.033333333333333,133.7666666666667,0.01676192945088854,0.01331088146601326,0.01187694547241381,0.007398754351398925,0.00725776635792092,0.003248128063533664,0.0007158680048298027,0.0,0.0,0.000520019632353308,0.00177360416598758,0.01345438851787061,40.0546022,-122.0241541,1928-10-01,2020-09-30,92.0,CA,True
7,11383500,1990-10-01,2020-09-30,30,0.9,True,0.0,709.3000000000011,30,0.07021836553795571,0.06652822826256921,0.0431378079947563,36.53333333333333,5.465576923076923,0.011030495595865,1.0,5.9,136.2666666666667,0.02736365623648941,0.02209837450286327,0.02113395327954065,0.01721971384728906,0.008775071347310322,0.005403262093871,0.0,0.0,0.0,0.0,0.004303118623245116,0.01725445964823672,40.0140214,-121.9482872,1911-10-01,2020-09-30,109.0,CA,True
8,11418500,1990-10-01,2020-09-30,30,0.9,True,0.0,288.3000000000011,30,0.04408339313287436,0.04303421998612844,0.02847558676441364,36.53333333333333,4.728982221482221,0.006020836690814066,1.0,7.266666666666667,136.4333333333333,0.01496661452178093,0.01519855544396344,0.01324083627405652,0.00749232771079078,0.003577138106157489,0.0,0.0,0.0,0.0,0.0004596591185196425,0.00219800347074201,0.008011837639905307,39.22433764,-121.2685697,1935-10-01,2020-09-30,85.0,CA,False
10,11449500,1990-10-01,2020-09-30,30,0.9,True,0.0,148.0,30,0.03020688963920678,0.0298849202973216,0.02251501922686464,36.46666666666667,4.927805435305436,0.004263115180163503,1.0,7.333333333333333,124.2333333333333,0.01077023331713952,0.01069082155253448,0.006813908622322099,0.00226338820221528,0.0013246459028928,0.00010030959739584,0.0,0.0,0.0,0.00028624933891008,0.002907021064042368,0.007290239087898328,38.92739984,-122.8436046,1946-10-01,2020-09-30,74.0,CA,False
11,11289000,1990-10-01,2020-09-30,30,0.9,True,0.0,884.0,30,0.01306756775505888,0.000937935511910208,1.22328777312e-05,36.4,2.697729624572942,0.0009571371244400232,1.0,14.33333333333333,275.4,0.00022997810134656,0.00013700823058944,0.00197193989026944,0.00127938425528736,0.0018131843214912,0.00315825718846848,0.004825912447295404,0.00307643282853312,0.0008303899819897309,0.000469497847323456,0.0,0.0,37.67243198,-120.4749183,1909-01-01,2020-09-30,111.7,CA,False
12,11289500,1990-10-01,2020-09-30,30,0.9,True,0.0,1810.0,30,0.02226709957151232,0.00224350977590208,0.00013211507949696,36.4,2.876444838930133,0.00165564904191224,1.0,12.56666666666667,265.2333333333333,0.0,0.0010520274848832,0.00251018651044224,0.0027314268419808,0.002665328183315576,0.0046342218471696,0.0117553424301376,0.0041872687404352,0.000489315109248,0.0015535754718624,0.0,0.0029114249000256,37.66576548,-120.4410283,1900-10-01,2020-09-30,120.0,CA,False
13,11162630,1990-10-01,2020-09-30,30,0.9,True,0.0,36.53000000000011,30,0.006979739143896602,0.006973148069375031,0.005055271790001223,36.53333333333333,7.109835257335257,0.001282073164876956,1.0,4.933333333333334,132.0,0.002511467904384581,0.002950154190922576,0.002175758273846818,0.0008162335239524331,3.770784560642367e-05,0.0,0.0,0.0,0.0,4.690085322142055e-05,8.361905901939035e-05,0.001469944529476068,37.46660747,-122.434142,1966-07-01,2020-09-30,54.3,CA,False
14,11164500,1990-10-01,2020-09-30,30,0.9,True,0.0,40.0,30,0.01340615750015486,0.01338906409233846,0.00991995045179927,36.4,5.62502405002405,0.002068956909478189,1.0,5.866666666666666,135.0,0.0050492092499363,0.005706994253871961,0.003681064380447786,0.001155843840561984,9.0197085138048e-05,0.0,0.0,0.0,0.0,0.00024221097907776,0.0003452118095744641,0.002914591056614852,37.42327257,-122.1894095,1930-10-01,2020-09-30,90.0,CA,False
17,11176900,1990-10-01,2020-09-30,30,0.9,True,0.0,120.0,30,0.03838489461258681,0.03763607939040096,0.02792912780565735,36.46666666666667,3.101127190662795,0.0031270198333846,1.0,11.53333333333333,130.5,0.01196776680500943,0.01517331202698816,0.009594724682404424,0.0025634674890048,0.0005443630590384,0.0003302876987424,0.0,0.0,0.00015413425941312,0.001587582871955136,0.001060324567170449,0.004377958741877539,37.62659915,-121.8830126,1912-04-01,2020-09-30,108.5,CA,False
18,11179000,1990-10-01,2020-09-30,30,0.9,True,0.0,245.0,30,0.06469218748864167,0.06386508184897613,0.04458402773164973,36.36666666666667,4.204231601731601,0.00720525881320289,1.0,7.666666666666667,137.7666666666667,0.02000095897180752,0.02878484206871025,0.02013840155820046,0.006617497537469952,0.00164440458901656,0.0004844219581555201,0.0,0.0,0.0,0.00267227214038064,0.0009403485070077741,0.00689383824541776,37.58715679,-121.960793,1900-10-01,2020-09-30,120.0,CA,False
19,11180700,1990-10-01,2020-09-30,30,0.9,True,0.0,187.0,30,0.07278195263732064,0.07123375963165997,0.05091600990287348,36.5,4.501782661782661,0.008353153227681919,1.0,7.333333333333333,137.3666666666667,0.02485625019414987,0.02990018692873014,0.02015110827862639,0.007924621299307776,0.00296463791815632,0.0009345918586636801,0.0,0.0,0.00039634523849088,0.002324246768928,0.002784634720246927,0.01041409347012518,37.58576818,-122.0482955,1958-10-01,2020-09-30,62.0,CA,False
21,11181040,1990-10-01,2020-09-30,30,0.9,True,0.0,47.0,30,0.01074343515965637,0.01042251784525607,0.007601330806627623,36.5,3.133996743996744,0.000923141634425391,1.0,11.23333333333333,130.8333333333333,0.003531318639327521,0.003737614642178954,0.002475057763224144,0.000858654813852288,0.000314201464525872,0.00016228951123392,0.0,0.0,2.44657554624e-06,0.0004129066729577354,0.0003601236875287968,0.00177412406329116,37.6840977,-122.1399649,1967-10-01,2020-09-30,53.0,CA,False
22,11458000,1990-10-01,2020-09-30,30,0.9,True,0.0,435.0,30,0.1050601131339742,0.1047304778553775,0.08025020604473646,36.5,7.128423520923521,0.02043079694692342,1.0,5.033333333333333,124.7666666666667,0.04655844914854464,0.04091270001272364,0.02638295322482232,0.006969729136880935,0.001977811671580416,0.0,0.0,0.0,0.0,0.0,0.00353693271468096,0.02715481382944512,38.3682457,-122.3033085,1929-10-01,2020-09-30,91.0,CA,False
24,11459500,1990-10-01,2020-09-30,30,0.9,True,0.0,23.2,30,0.006857465822296992,0.006847916022414835,0.00526777074012027,36.43333333333333,6.876309523809524,0.001256815314312147,1.0,5.066666666666666,129.0666666666667,0.002810859524277199,0.003085366227298488,0.001610121949174872,0.0006314235088607557,1.4353243204608e-05,0.0,0.0,0.000177132069547776,0.0,3.3151098651552e-05,9.215434557503999e-05,0.001302671953785058,38.1076593,-122.5799419,1946-10-01,2020-09-30,74.0,CA,False
25,11376550,1990-10-01,2020-09-30,30,0.9,True,0.009947978461257612,872.0,29,0.05016154787184066,0.04303568568173164,0.02916545835737902,37.3448275862069,4.626125855390828,0.006517161041100777,0.97,7.448275862068965,138.8965517241379,0.01554945554168294,0.01492589015973399,0.01306239560850937,0.01022249165377536,0.01465474286442298,0.01168044097285901,0.0017003700046368,0.0,0.0,0.0,0.0018226987819488,0.01214350576565794,40.39820996,-122.1463869,1961-10-01,2020-09-30,59.0,CA,False
26,11390000,1990-10-01,2020-09-30,30,0.9,True,0.0,866.3000000000011,29,0.08055022651060036,0.07684301495005694,0.05020362897123595,37.79310344827586,6.124305866547245,0.01401977125346194,0.97,5.517241379310345,138.6551724137931,0.03234403094533084,0.02506018822185643,0.02347510366133358,0.01753635449386364,0.01038375593335178,0.003671575922242339,0.0,0.0,0.0,0.0,0.005290474961189371,0.02197815899950136,39.72599524,-121.7088643,1930-10-01,2020-09-30,90.0,CA,False
27,11402000,1990-10-01,2020-09-30,30,0.9,True,0.0,605.0,29,0.06691004477933363,0.06141545792584863,0.03476575414739639,37.75862068965517,5.627011494252873,0.01006104881143597,0.97,5.344827586206897,147.2068965517241,0.02592697270739184,0.02324939965332768,0.02069824186689007,0.01806306725788992,0.01299687654950313,0.004094344176632641,0.0,0.0,0.0,0.0,0.00259092350346816,0.01165907421308851,40.002947,-120.9543994,1933-10-01,2020-09-30,87.0,CA,False
28,11162500,1990-10-01,2020-09-30,30,0.9,True,0.0,84.0,29,0.01956314708996367,0.01953298671900571,0.01437312514611595,37.6551724137931,7.50087575259989,0.003853578284073333,0.97,4.827586206896552,129.4827586206897,0.008226687534512408,0.00944421531960596,0.00515749826160874,0.002027672881212787,0.00023487125243904,0.0,0.0,0.0,0.0,0.00017003700046368,0.000199477459536768,0.00329630181564348,37.26077707,-122.3288602,1951-04-14,2020-09-30,69.5,CA,True
29,11169500,1990-10-01,2020-09-30,30,0.9,True,0.0,17.0,29,0.004112221051054994,0.00409525531511193,0.003006048318393282,37.0,6.991912972085386,0.0007836191352787793,0.97,5.620689655172414,131.3793103448276,0.001551816267541056,0.001971428333564317,0.001168462239288349,0.000389844337753728,0.00011662010103744,0.0,0.0,0.0,0.0,0.000142146039236544,6.0430415992128e-05,0.000590307172454107,37.25438808,-122.039404,1933-10-01,2020-09-30,87.0,CA,False
30,11176400,1990-10-01,2020-09-30,30,0.9,True,0.0,49.0,29,0.02258965384180396,0.02257862737891108,0.01737725838640924,37.62068965517241,9.906896551724138,0.005742154567538914,0.97,3.517241379310345,137.7241379310345,0.01145549194346861,0.01206010289619648,0.006090571889597481,0.001260456901610954,0.000106589141297856,0.0,0.0,0.0,0.0,0.0,0.00023058974523312,0.003177105528807648,37.56132196,-121.6838389,1963-10-01,2020-09-30,57.0,CA,True
31,11180500,1990-10-01,2020-09-30,30,0.9,True,0.0,5.086000000000022,29,0.001630185682494529,0.001625769023080848,0.001189040946082427,37.79310344827586,8.294675056744023,0.0003746818124760592,0.97,5.068965517241379,135.6206896551724,0.000706504226241699,0.0007117390749716052,0.0004412690459252385,0.000149731952539604,2.114697573392509e-05,0.0,0.0,0.0,0.0,4.349522006105461e-05,3.005373401001211e-05,0.0003129228841454066,37.6060452,-122.0238504,1916-10-01,2020-09-30,104.0,CA,True
32,11182500,1990-10-01,2020-09-30,30,0.9,True,0.0,6.31,29,0.001376440871374404,0.001371652332477694,0.00100197223650061,37.75862068965517,6.256015823257203,0.0002387799169681354,0.97,5.862068965517241,135.3103448275862,0.0005519816952893914,0.0005920021398376862,0.0003999312192200832,0.0001456560596202163,1.90343577497472e-05,0.0,0.0,0.0,0.0,1.23307407530496e-05,2.28877142350752e-05,0.0002934341157642048,37.772983,-121.9946825,1952-10-01,2020-09-30,68.0,CA,False
34,11377100,1990-10-01,2020-09-30,30,0.9,True,0.0,17600.0,28,1.847741230218528,1.76708287712088,1.060144873034832,39.07142857142857,7.460969387755101,0.3567312484008409,0.93,4.892857142857143,142.7857142857143,0.6001321047792708,0.7392450341741472,0.7707099272058038,0.5048263982111616,0.267969924471744,0.095477610692016,0.000733972663872,0.0,0.0,0.0,0.051255757693728,0.218540360667888,40.28848836,-122.1866645,1900-10-01,2020-09-30,120.0,CA,False
35,11413000,1990-10-01,2020-09-30,30,0.9,True,0.0,1880.0,28,0.1252419497659872,0.0784538137750896,0.0478532701304928,38.96428571428572,6.271556122448979,0.02072570774074173,0.93,5.178571428571429,179.25,0.0375584297427072,0.02551058713685309,0.0232275163942752,0.02159424837391832,0.050005285747872,0.0327657630030192,0.005366155698086401,0.0,0.0,0.0006850411529472,0.007107301961827201,0.03803935659293952,39.5248937,-120.9380068,1930-10-01,2020-09-30,90.0,CA,False
36,11274630,1990-10-01,2020-09-30,30,0.9,True,0.0,13.0,28,0.00469637651640384,0.00467898835448592,0.003489550701602112,38.07142857142857,10.39226190476191,0.001292710664910031,0.93,3.428571428571428,134.6071428571429,0.001894473582447441,0.002578957524887459,0.001498308617944179,0.000401564599656192,0.00016147398605184,2.44657554624e-06,0.0,0.0,0.0,0.0,1.7615343932928e-05,0.0004523050937121513,37.48659935,-121.2091026,1965-06-18,2020-09-30,55.3,CA,True
37,11284400,1990-10-01,2020-09-30,30,0.9,True,0.0,15.0,28,0.006094777934245968,0.006048389114335297,0.004155630894065952,38.53571428571428,6.402581941867656,0.001002197190943009,0.93,5.75,141.9642857142857,0.002316395485584157,0.002233921529832768,0.001691766213965856,0.0007282447987696264,0.000141140224845312,1.4312466945504e-05,0.0,0.0,0.0,0.0,1.467945327744e-05,0.001320329444607648,37.8418714,-120.1849103,1969-05-01,2020-09-30,51.4,CA,True
38,11176500,1990-10-01,2020-09-30,30,0.9,True,0.0,12.3,28,0.01460992684307774,0.01428861283392816,0.01028170751976418,38.89285714285715,11.43469060701204,0.004468265243577569,0.93,4.214285714285714,170.2857142857143,0.00967427349069767,0.01564226230740365,0.006444019020737895,0.002320536129349536,4.783055192899199e-05,0.0001045666388462976,0.000272120365130544,0.000204479347320192,0.000184118401940928,0.0002997462806735041,0.00053661556980864,0.0006875855915152897,37.62326509,-121.7588418,1912-04-01,2020-09-30,108.5,CA,False
39,11389500,1990-10-01,2020-09-30,30,0.9,True,0.0,23400.0,27,1.181052630079168,1.129602052480832,0.6799939582092159,40.25925925925926,9.591681363903588,0.277374598267707,0.9,3.925925925925926,143.3333333333333,0.429537113401536,0.3994279236791424,0.4490238730154477,0.399226760800896,0.2284612245078912,0.08228649087187201,0.0,0.0,0.0,0.0,0.014924110832064,0.2030469505260258,39.2140566,-122.0002508,1921-04-11,2020-09-30,99.5,CA,False
40,11390500,1990-10-01,2020-09-30,30,0.9,True,0.0,22030.00000000011,27,0.3843769533742996,0.3650036996044442,0.2274581285339265,40.5925925925926,10.78086419753087,0.1027841877423134,0.9,3.62962962962963,143.3333333333333,0.1448821262224186,0.1237920624958431,0.138349984125848,0.1200099673776153,0.0741475495547113,0.0260641848192752,0.0,0.0,0.0,0.0,0.004991014114329066,0.07183522199998277,39.00989476,-121.82469,1938-10-01,2020-09-30,82.0,CA,False
41,11427000,1990-10-01,2020-09-30,30,0.9,True,0.0,2113.000000000011,27,0.1908203878872604,0.1648622213416543,0.1045854865393942,40.5925925925926,4.860496499385388,0.02410195588304626,0.9,7.185185185185185,150.8888888888889,0.07732695602957046,0.05341956061367605,0.05299990852392881,0.02937199573405209,0.03522273649533035,0.01882604931752417,0.0,0.0,0.0,0.002762183791704907,0.00825841575633308,0.05407767870502015,38.93600919,-121.023833,1941-10-01,2020-09-30,79.0,CA,False
42,11452500,1990-10-01,2020-09-30,30,0.9,True,0.0,970.3000000000011,27,0.3109129226588707,0.3076815128615696,0.1833381980606229,40.5925925925926,11.31388888888889,0.09097252114098986,0.9,3.666666666666667,141.5555555555555,0.1239706165945982,0.1259376352701145,0.1239907483134385,0.06740057798468246,0.01561052206731708,0.009195454190543028,0.0,0.0,0.0,0.0,0.001247019555918525,0.02698984667719669,38.727126,-121.8071874,1903-01-01,2020-09-30,117.7,CA,False
43,11264500,1990-10-01,2020-09-30,30,0.9,True,0.0,1110.0,27,0.084275466177056,0.0058156006873216,0.0018448991896832,40.51851851851852,11.76556437389771,0.02356351384802917,0.9,3.814814814814815,234.7407407407407,0.0227286868245696,0.0039634523849088,2.44657554624e-05,0.005104022603846401,0.031877973228416,0.05209789475017061,0.0289837649711232,0.0006850411529472001,0.0,0.0031560824546496,0.0,0.0003914520873984,37.73131496,-119.5590514,1915-08-23,2020-09-30,105.1,CA,True
44,11266500,1990-10-01,2020-09-30,30,0.9,True,0.0,2023.000000000011,27,0.1410760701976539,0.01614640185218351,0.005383009885182703,40.5925925925926,12.62367724867725,0.04115801172754268,0.9,3.481481481481481,227.0,0.05757159246634644,0.008178902051080258,0.001740738501149707,0.01287899609136593,0.06372868212563744,0.08060419834210412,0.03718620074888607,0.0,0.0,0.002488167330526053,0.0003107150943724533,0.002830687906999653,37.71627778,-119.6656667,1916-10-01,2020-09-30,104.0,CA,True
45,11335000,1990-10-01,2020-09-30,30,0.9,True,0.0,1370.0,27,0.1726412442117888,0.1648593216965632,0.0949706258704896,40.33333333333334,7.249764844209288,0.03219250633265767,0.9,4.814814814814815,149.6296296296296,0.0715944460315644,0.0529893312236352,0.06151791882243168,0.04377576072369024,0.01882083842934807,0.0007706712970656,0.0,0.0,0.0,0.0,0.0,0.0382399757877312,38.50018619,-121.0452212,1907-10-01,2020-09-30,113.0,CA,False
46,11425500,1990-10-01,2020-09-30,30,0.9,True,0.0,41100.0,26,1.755173296872576,1.644399884063587,0.9297081174771471,42.11538461538461,17.31730769230769,0.7393982588093189,0.87,2.230769230769231,146.8461538461538,0.5877394043111492,0.8430334737986216,0.676111152203424,0.801498148948224,0.33535560523104,0.266309748208224,0.0,0.0,0.0,0.0,0.0,0.292855092884928,38.77434584,-121.5982928,1929-10-01,2020-09-30,91.0,CA,False
47,11454000,1990-10-01,2020-09-30,30,0.9,True,0.0,686.0,26,0.09146880256044229,0.08884221551343471,0.04641492567831375,41.92307692307692,10.45314407814408,0.02500526047078874,0.87,4.538461538461538,220.8076923076923,0.1380561804484128,0.09907744078636488,0.07472012978505196,0.03954535976251392,0.00315499508774016,0.0010629011539776,0.0008540676113374332,0.000224106320035584,0.0,0.0,0.0,0.0,38.51518487,-122.0819159,1930-06-28,2020-09-30,90.3,CA,False
48,11253310,1990-10-01,2020-09-30,30,0.9,True,0.0,4.88,26,0.001848763280431609,0.001787309066672438,0.0009961787520967038,42.11538461538461,9.392857142857142,0.0004199881604109145,0.87,3.5,149.5,0.0008042208380203968,0.0007494652437280433,0.000835107980514696,0.0003867228568675181,0.0001731441514074048,7.034720220622081e-05,1.6147398605184e-06,0.0,0.0,0.0,0.0,0.0002715209541217152,36.40217399,-120.4334917,1966-10-01,2020-09-30,54.0,CA,True
49,11274500,1990-10-01,2020-09-30,30,0.9,True,0.0,18.0,26,0.01622053239420468,0.01618788002056833,0.01258446004710064,41.73076923076923,14.04358974358974,0.005776131185341621,0.87,3.076923076923077,135.6153846153846,0.007551528122920083,0.009372251465542384,0.003781560613843793,0.0008072758311997293,0.00019246394297088,0.0,0.0,0.0,0.0,0.00027156988563264,0.0,0.002305245032185536,37.31549247,-121.1252081,1932-04-01,2020-09-30,88.5,CA,True
50,11277300,1990-10-01,2020-09-30,30,0.9,True,0.0,18.0,26,0.05519237302687574,0.01323374355744894,0.009071027004204842,42.11538461538461,9.45982905982906,0.01097613727194285,0.87,4.0,223.6153846153846,0.007960932558039887,0.01215201840939677,0.002267639127226872,0.01336617230047747,0.02215237847911316,0.02915933589246528,0.0223243619858356,0.00305087970616128,0.003392386701337152,0.01037967830744141,0.003297494521222272,0.01123390015941111,37.96769944,-119.9174029,1956-11-01,2020-09-30,63.9,CA,False
51,11348500,1990-10-01,2020-09-30,30,0.9,True,0.0,563.6000000000022,25,0.07201381599252071,0.04734448587206926,0.02284721851663377,43.84,9.328793650793651,0.0151940490304461,0.83,3.88,175.08,0.01705342198939232,0.0258680102367274,0.02278024840420653,0.01746348149366488,0.02636573884743717,0.01292272306885613,0.0,0.0,0.0,0.0,0.003458968507274075,0.004883731776626954,41.40600116,-120.9277458,1904-01-01,2020-09-30,116.7,CA,False
53,11421000,1990-10-01,2020-09-30,30,0.9,True,0.0,5250.0,24,0.5990562553745952,0.4975407001157544,0.3236350520695824,45.58333333333334,8.6942791005291,0.1188117137195255,0.8,4.416666666666667,159.0416666666667,0.3256836883962939,0.1879321714747092,0.1464927884570304,0.152788642862688,0.153196405453728,0.07127792032026961,0.0138965491026432,0.0,0.0,0.0,0.0089789322547008,0.1963009889525664,39.1757251,-121.5249647,1943-10-01,2020-09-30,77.0,CA,False
54,11345500,1990-10-01,2020-09-30,30,0.9,True,0.0,185.0,23,0.01461445946618989,0.001383272539274129,2.935890655488e-05,47.47826086956522,12.34601449275362,0.004080252433350548,0.77,3.826086956521739,236.7391304347826,0.0005994110088288,3.792192096672e-05,0.00034007400092736,0.003079993955161536,0.00838965705884928,0.00596203276445952,0.001139859546993216,0.0008329477655153455,0.0002568904323552,0.0,0.0,0.0,41.2307286,-120.4371726,1928-10-01,2020-09-30,92.0,CA,False
55,11424000,1990-10-01,2020-09-30,30,0.9,True,0.0,1210.0,23,0.1658905867770524,0.1630259659309549,0.09672376862785086,47.39130434782609,14.95217391304348,0.05611350435602076,0.77,3.391304347826087,157.0,0.0714522388279392,0.0645834779818704,0.05705800475233717,0.02938989651179904,0.007320697717804799,0.0,0.0,0.0,0.0,0.0,0.0,0.0556473607992288,39.0001727,-121.4066238,1928-10-23,2020-09-30,91.9,CA,False
56,11224500,1990-10-01,2020-09-30,30,0.9,True,0.0,6.806000000000021,23,0.004803015419933923,0.004610132722510853,0.002623057464929575,47.65217391304348,10.47924430641822,0.001050916261667188,0.77,4.0,147.4782608695652,0.001901715669260676,0.001633974021937756,0.001973430241078501,0.0006835361012236706,0.0004747904018738589,0.0002003843235392401,1.573637391341552e-05,0.0,0.0,5.353107295173017e-06,5.123129193826508e-06,0.0003988423765984087,36.21467719,-120.4707116,1945-05-01,2020-09-30,75.4,CA,True
57,11278000,1990-10-01,2020-09-30,30,0.9,True,0.0,478.0,23,0.05521282770764661,0.01891819859772572,0.01088949501061457,47.60869565217391,16.57919254658385,0.01959768062955985,0.77,3.565217391304348,206.3478260869565,0.02651745371547686,0.00969374007679392,0.00356466057087168,0.00921063735055059,0.02421828434589782,0.02053264061426458,0.00555512453313408,0.0,0.0,0.0017676508321584,0.00256401117245952,0.01194173524119744,37.969088,-119.882124,1909-10-01,2020-09-30,111.0,CA,False
59,11370500,1990-10-01,2020-09-30,30,0.9,True,0.0,14800.0,22,1.252090639778007,1.191126425484881,0.6491432172050967,48.09090909090909,10.74804435330751,0.290357080164268,0.73,5.136363636363637,194.7727272727273,0.547788264803136,0.8502828653402495,0.6908376550105993,0.367689722405544,0.129423846396096,0.014085284930496,0.015151292847072,0.003704814398592,0.0,0.0,0.00122328777312,0.1696455483762816,40.6009835,-122.4444553,1938-10-01,2020-09-30,82.0,CA,False
60,11200800,1990-10-01,2020-09-30,30,0.9,True,0.0,61.0,22,0.01185779545836553,0.01055093488874556,0.006490731561780908,49.45454545454545,11.30449134199134,0.003117215252619152,0.73,4.5,139.1363636363636,0.00415812989623104,0.004695048375393024,0.003069259604952408,0.002807238421379565,0.002955847721729472,0.001800312615700704,0.00085874801673024,0.0,0.0,0.0,0.001240740012016512,0.002356449819555384,35.94161745,-118.8228702,1968-09-01,2020-09-30,52.1,CA,False
61,11276500,1990-10-01,2020-09-30,30,0.9,True,0.0,910.3000000000011,22,0.2645026407849834,0.02448441616133903,0.01505141060605404,49.81818181818182,18.30454545454545,0.09620971394975465,0.73,3.0,243.5,0.1008798941556685,0.08607419758004249,0.01777278106932853,0.02866342667960214,0.1026611724136195,0.1147515860507619,0.08387748412186125,0.004746723546037525,0.0,0.0,0.0,0.01443234914726975,37.93742147,-119.7982326,1910-10-01,2020-09-30,110.0,CA,False
62,11276900,1990-10-01,2020-09-30,30,0.9,True,0.0,1560.0,22,0.2707847572982557,0.02594704574766894,0.01464942712300887,49.68181818181818,18.15432900432901,0.09180683476114272,0.73,3.136363636363636,243.7727272727273,0.1061324471958912,0.0314629615246464,0.0138394623398976,0.0345048704538048,0.106252329397657,0.1191470058141149,0.07899102774973964,0.004770822315168,0.0,0.0,0.0,0.01569885975504,37.8815908,-119.9701824,1966-10-01,2020-09-30,54.0,CA,False
63,11276600,1990-10-01,2020-09-30,30,0.9,True,0.03312950625171118,890.7000000000007,21,0.2888703203416876,0.03211879522571538,0.01990120276649952,50.47619047619047,16.83174603174603,0.09078785901398581,0.7,3.0,243.4761904761905,0.1271911015525974,0.03641597216549106,0.01217097936988012,0.03464758736066878,0.1087878959102131,0.1246117284610501,0.0945997549202696,0.005595807589360121,0.0,0.0,0.0,0.01809837949827398,37.87936848,-119.947126,1970-10-01,2020-09-30,50.0,CA,False
64,11278400,1990-10-01,2020-09-30,30,0.9,True,0.0,1623.000000000011,21,0.1134992026692159,0.03717373486395985,0.02308996448023087,52.19047619047619,12.31659451659451,0.02471358026734842,0.7,4.238095238095238,211.8571428571429,0.06812244950950624,0.01604922976139093,0.00573966623147886,0.01750087914844287,0.03742552366510082,0.03637599104343915,0.03950520485592922,0.01974875780924912,0.00293833723103416,0.005255244273323413,0.002414770064138853,0.01680112359113918,37.8902017,-119.9699046,1963-04-01,2020-09-30,57.5,CA,False
66,11278300,1990-10-01,2020-09-30,30,0.9,True,0.03312950625171118,631.0,20,0.1112438328270958,0.04148792715414211,0.02769193230644938,52.9,11.2203373015873,0.02009840860005887,0.67,4.4,210.35,0.04846339947028609,0.02044638135072,0.00761415086248992,0.01572920894217312,0.03576342969104976,0.03542869738006503,0.03544913211105601,0.01515898208450304,0.00568584156946176,0.0112420146349728,0.00334202219616384,0.01998892997537184,37.89436824,-119.962682,1956-06-01,2020-09-30,64.3,CA,False
68,11446500,1990-10-01,2020-09-30,30,0.9,True,0.0,7170.0,18,0.984801025707072,0.8259652636192608,0.5707643275996033,60.72222222222222,17.77522045855379,0.2942734610776447,0.6,3.555555555555555,163.0,0.4763509772702016,0.3723421082226782,0.2079231637878011,0.171858587165835,0.1878211581092986,0.0837860378004216,0.07763595852106081,0.0,0.0,0.0,0.0001712602882368,0.3781671821823168,38.6354601,-121.2277262,1904-10-01,2020-09-30,116.0,CA,False
69,11451000,1990-10-01,2020-09-30,30,0.9,True,0.0,672.0,18,0.2461994409015859,0.2405447252099069,0.1181914821424445,60.77777777777778,16.96615961199295,0.08028214140677398,0.6,4.555555555555555,153.5,0.07679177874962863,0.1126716987990732,0.1046905986739738,0.04861533808497821,0.007226739331675462,0.00201781318176144,0.0010153288516896,2.813561878176e-05,0.0,0.0,0.0,0.00722473758804672,38.9240648,-122.5658147,1944-10-01,2020-09-30,76.0,CA,False
70,11189500,1990-10-01,2020-09-30,30,0.9,True,0.06972711508624618,284.0,18,0.06151968579365952,0.0316974250144944,0.004548727623914881,56.55555555555556,16.69259259259259,0.01701046437468381,0.6,3.055555555555555,190.0,0.00536941779881472,0.006543774061009921,0.005646859465758336,0.02295808926108175,0.03618750278573136,0.01242218151409032,0.00158660424173664,0.0,0.0,0.0,0.01368614360566656,0.00519897303576,35.7374516,-118.173689,1911-09-12,2020-09-30,109.1,CA,False
71,11303000,1990-10-01,2020-09-30,30,0.9,True,0.0,1870.0,17,0.1942019710501011,0.1461670581048937,0.08060171178983379,64.11764705882354,24.35918003565062,0.07728922294411404,0.57,3.352941176470588,165.3529411764706,0.0687854714825376,0.0724621308450816,0.06785169514905601,0.04984408360354751,0.05674587321949056,0.02314052704152,0.01284452161776,0.0074253567828384,0.0078168088702368,0.0206368647325344,0.00275239748952,0.0419465377402848,37.72965078,-121.1104934,1940-10-01,2020-09-30,80.0,CA,False
74,11251000,1990-10-01,2020-09-30,30,0.9,True,0.0,1360.0,14,0.6438495585183264,0.3306214815490656,0.1384866612409536,77.64285714285714,46.98452380952381,0.4488945356269843,0.47,2.714285714285714,223.8571428571429,0.312101487182016,0.2287119985013808,0.1022105865952685,0.1667781618360883,0.1915423995151296,0.192409574625408,0.07308410471728129,0.0036209318084352,0.0,0.0,0.0,0.0438304009108896,36.98439397,-119.7243124,1907-10-01,2020-09-30,113.0,CA,False
76,11274000,1990-10-01,2020-09-30,30,0.9,True,0.0,3873.000000000011,13,1.187073185488316,0.8407786721355813,0.4090999896059043,84.3076923076923,38.59615384615385,0.6120437605132201,0.43,2.230769230769231,174.2307692307692,0.2724745069408618,0.3353991387419495,0.2284426305337392,0.4159245709435516,0.3054115302321176,0.2122096716865952,0.1146137459844864,0.0,0.0,0.0,0.0,0.05995578033615709,37.3504928,-120.97715,1912-05-01,2020-09-30,108.4,CA,False
77,11289650,1990-10-01,2020-09-30,30,0.9,True,0.0,3950.0,13,0.5220954576052372,0.3829944639331673,0.175120231656291,84.0,28.33440170940171,0.2020791678379966,0.43,3.846153846153846,179.5384615384615,0.1730992975223904,0.1217144150081664,0.1095331872051648,0.1542185303486016,0.1264906741578816,0.0704246770985184,0.02129988670556544,0.0,0.0,0.0,0.0,0.0475124971079808,37.666321,-120.4421394,1970-10-01,2020-09-30,50.0,CA,False
78,11290000,1990-10-01,2020-09-30,30,0.9,True,0.0,4213.000000000011,13,0.5389922611200441,0.4148014516192372,0.2038388882105312,84.3076923076923,30.2008547008547,0.2379903905573955,0.43,3.692307692307693,177.1538461538462,0.2055641317332216,0.1383810313126075,0.1122660120903143,0.1395321179229407,0.1286384956457524,0.06133411983451995,0.0235054745605006,0.0006777014263084533,0.0,0.0,0.0,0.05703049150803609,37.627153,-120.9843777,1940-04-01,2020-09-30,80.5,CA,False
79,11303500,1990-10-01,2020-09-30,30,0.9,True,0.0,10500.0,12,1.88151853570632,1.39210148581056,0.599084798755968,90.91666666666667,52.56944444444444,1.230578228445636,0.4,2.25,180.1666666666667,0.379871629812864,0.579471418126944,0.3976352510516248,0.642776560385904,0.455644113292872,0.257379747464448,0.08523869203100161,0.0,0.0,0.0,0.0,0.09133882039296,37.6760406,-121.2663293,1923-10-01,2020-09-30,97.0,CA,False
1095,9486800,1992-05-06,2020-09-30,28,0.9,True,0.05311672903166931,0.0,29,0.003148055155917713,6.529994497588568e-05,3.890139483195608e-05,20.3448275862069,1.957949257188608,0.0003818153835351199,1.04,10.20689655172414,303.8275862068966,7.657169815844642e-05,9.195046427952002e-05,1.8838631706048e-05,7.0216718177088e-06,2.9725892886816e-06,0.0007957813174218432,0.001180644867488128,0.001146802578882653,0.0009080807660446234,0.0003087211353022944,0.0001189728911877408,6.06669182949312e-05,31.83897238,-111.4042694,1966-01-11,2020-09-30,54.7,AZ,False
1096,9484600,1990-10-01,2020-09-30,30,0.9,True,0.0,2.82,31,0.003216217703140343,0.0008181301273551472,0.0005868727037632791,35.29032258064516,4.016441488618907,0.0003634135818529963,1.03,8.548387096774194,274.0666666666667,0.001108070375395738,0.0008401173439456225,0.0003039647700244451,0.0002218603636841357,3.64906742721696e-05,0.0002152766288892039,0.001422831494077812,0.0008578031323813474,0.0003970262020179169,0.0004361387897504736,0.0006790164606645841,0.0001874352108168792,32.0359141,-110.6775818,1959-01-01,2020-09-30,61.7,AZ,False
1097,9471000,1990-10-01,2020-09-30,30,0.9,True,0.0,32.0,31,0.01655188068041092,0.003266943895610998,0.002057648956179655,34.90322580645162,7.055168039845459,0.004091459508269956,1.03,6.419354838709677,261.8333333333333,0.004501515511915632,0.001613935985696064,0.00122705549946121,9.78630218496e-06,0.0,0.00082204938353664,0.003843379893933888,0.005690802212293447,0.003393767268966816,0.007592353039408897,0.01044769310762688,0.003295488329274356,31.62594167,-110.1751028,1904-03-29,2020-09-30,116.5,AZ,False
1098,9522650,1990-10-01,2020-09-30,30,0.9,True,0.0,20.2,31,0.000305632530979646,8.842397554862248e-05,1.267483976535949e-05,34.87096774193548,1.533088629948669,1.363648300896646e-05,1.03,22.32258064516129,233.7333333333333,8.997961175616003e-06,1.29446087991971e-05,3.314168874560493e-05,4.616434961732856e-05,6.923808795859202e-05,5.200238505870125e-05,5.391527592640001e-05,1.854692462168862e-05,2.46891384470567e-05,2.965453443338401e-05,9.235822687056002e-06,1.13031790236288e-05,32.75254574,-114.4935597,1969-07-01,2020-09-30,51.2,AZ,False
1101,9512500,1990-10-01,2020-09-30,30,0.9,True,0.0,13.93999999999996,30,0.0147963800159459,0.01288516249968378,0.009410496763704987,36.53333333333333,5.167181984681985,0.002285908087540324,1.0,7.366666666666666,207.2,0.01061380743196476,0.009123384599152268,0.005160254618532117,0.0005517339239113459,0.0001528620401290759,4.182013133706249e-05,0.0006858816236054382,0.0008331935351497635,0.001100599205286494,0.0008173152598546659,0.0007551879689658244,0.002010938304476506,34.3153073,-112.0640455,1940-01-01,2020-09-30,80.7,AZ,False
1102,9512800,1990-10-01,2020-09-30,30,0.9,True,0.0,61.79000000000033,30,0.04912514596193232,0.04510557158056834,0.03346779072998394,36.53333333333333,7.204947089947089,0.01169591552888513,1.0,5.2,187.8333333333333,0.03442529616668132,0.02628432816664816,0.0161181903561759,0.003161727053945559,4.69987162432696e-05,0.0005045083433901496,0.001047059054543141,0.00297058180906234,0.002206135511461477,0.003043305807291702,0.003459286562095119,0.007524599673296074,34.01558948,-112.1679378,1970-01-27,2020-09-30,50.7,AZ,False
1103,9522600,1990-10-01,2020-09-30,30,0.9,True,0.0,88.0,30,0.001282560143353574,0.0003380433432239808,1.39210148581056e-05,36.5,1.816050006599298,5.79976867048893e-05,1.0,19.5,228.5,5.749452533664e-05,3.150645620102401e-05,0.00010489692654504,0.000260913689920128,0.0004868766889535808,0.0002326608979800232,0.000112909461458976,1.7493015155616e-05,9.476402615769601e-05,0.0001107011051106594,4.036849651296e-05,9.541644630335997e-06,32.8031001,-114.4952265,1966-10-01,2020-09-30,54.0,AZ,False
1104,9525500,1990-10-01,2020-09-30,30,0.9,True,0.0,772.0,30,0.005871291995866752,0.00319033451229696,0.0,36.5,4.189647297147298,0.0007039288791062671,1.0,9.133333333333333,180.2333333333333,0.0,0.0,0.00065115155093632,0.002598344782625088,0.001602588535305408,0.0,0.0004648493537856,4.322283465024e-05,0.000183493165968,0.001520096017019116,8.930000743776e-05,0.0,32.73032465,-114.6199524,1938-10-01,2020-09-30,82.0,AZ,False
1105,9489000,1990-10-01,2020-09-30,30,0.9,True,0.0004563292872136193,2.35,30,0.006257644604301606,0.004332559082318208,0.003871170001880174,36.5,3.247315585648919,0.0005081599190099192,1.0,10.43333333333333,222.7666666666667,0.006378214803499098,0.0006320388121551841,0.000292038709255288,0.0001857807141037344,0.0002973567918900096,6.6485690469072e-05,0.0004343510420477568,0.0007062284971776384,0.0006349144898680618,0.001761810856329525,0.0006435129796253222,0.0001804643054417549,33.23226977,-112.169593,1940-01-01,2020-09-30,80.7,AZ,False
1107,9504500,1990-10-01,2020-09-30,30,0.9,True,0.0,115.0,30,0.03432056176265472,0.03360379668012461,0.02019876460472102,36.5,6.599126984126984,0.006213654062723614,1.0,5.1,180.8666666666667,0.01194567694624416,0.01484117192104647,0.01422556032718756,0.00492608576329477,0.00012722192840448,0.0,0.0002673757561248,0.000701433209107008,0.0009260288442518401,0.00120677338818288,0.0018206599689936,0.009411731468830656,34.76446436,-111.8909885,1940-07-01,2020-09-30,80.2,AZ,False
1108,9484000,1990-10-01,2020-09-30,30,0.9,True,0.0,36.0,30,0.008498017054828224,0.006672374226972116,0.004414111600526209,36.46666666666667,5.182265512265513,0.001281553222178167,1.0,6.133333333333334,204.4666666666667,0.003782757489721812,0.002815029823503744,0.003758569158450816,0.001177237784505216,2.495507057164801e-05,0.0,0.001836964199364569,0.0007670459169379899,0.0006084808138895041,0.001094010721256678,0.000566596314314856,0.001929881032469987,32.3147222,-110.8109167,1932-06-27,2020-09-30,88.3,AZ,False
1109,9525000,1990-10-01,2020-09-30,30,0.9,True,0.0,653.0,30,0.01380145886641267,0.009458379509245633,0.007400727922339584,36.43333333333333,4.329895752395752,0.001667537099533348,1.0,8.1,184.7,0.0057066374616048,0.00277655742303912,0.0019477459765344,0.0012416370897168,0.00078453522516096,0.00398411235618816,0.00147528505438272,0.00228158460784044,0.002632327089635299,0.0008077776928502399,0.001934211120003739,0.00412574189614272,32.7333801,-114.623008,1930-10-01,2020-09-30,90.0,AZ,False
1111,9504000,1990-10-01,2020-09-30,30,0.9,True,0.0,110.0,30,0.05709214521180173,0.05394250540609057,0.03582887558691168,36.26666666666667,6.045334295334296,0.009293250746501896,1.0,5.633333333333334,221.8666666666667,0.0298936580671296,0.03656116623009564,0.02284856902633536,0.0077846975661924,0.00105936721152192,7.502831675136e-05,0.00052671276402624,0.00116140979992968,0.002036065923007731,0.00240895944721656,0.01207996675956,0.01189606583100096,34.8522416,-112.065994,1915-06-18,2020-09-30,105.3,AZ,False
1112,9497800,1990-10-01,2020-09-30,30,0.9,True,0.0,60.0,30,0.01228210283119035,0.01047528232453665,0.007075105027638682,36.16666666666666,4.85554834054834,0.001585139490254992,1.0,7.033333333333333,209.6666666666667,0.009888153124949972,0.006537756650202143,0.005031713618122345,0.00182077647259104,0.00029603564109504,0.000297992901532032,0.0004098870341393184,0.0009376218483786389,0.0007879318875443232,0.000360004181723269,0.0003720752090721792,0.00242700294187008,33.8431053,-110.5576092,1959-05-15,2020-09-30,61.4,AZ,False
1113,9486500,1990-10-01,2020-09-30,30,0.9,True,0.0,78.0,30,0.02379083497696241,0.01169704506556616,0.010437311472059,36.1,2.895177381404562,0.002327979153500133,1.0,13.03333333333333,245.7333333333333,0.0105312621971942,0.002983146262163626,0.0007938849815131596,0.0008129970540155521,1.957260436991993e-06,0.00078045759925056,0.005662990553859879,0.003864750537157632,0.002679282520311213,0.003658253206313297,0.001386998628242688,0.001451243372015002,32.3511849,-111.0945447,1939-10-01,2020-09-30,81.0,AZ,False
1114,9480500,1990-10-01,2020-09-30,30,0.9,True,0.0,15.0,30,0.008167867995366777,0.004654259300893306,0.003011644789651411,36.0,8.278893421393422,0.0018698500249372,1.0,5.233333333333333,267.6896551724138,0.005744505014226048,0.003148956803371176,0.002940722642191824,0.00147365400401856,0.0,0.0,0.0008704693377563172,0.001724750661819331,0.001359776106405864,0.006208063119806689,0.005636910058536961,0.002242857355756416,31.3445443,-110.851474,1913-01-01,2020-09-30,107.7,AZ,False
1116,9522500,1990-10-01,2020-09-30,30,0.9,True,0.0,1690.0,30,0.0110014347062592,0.00168079740026688,0.0,35.53333333333333,2.21812455340908,0.0006554644879919958,1.0,15.53333333333333,249.2333333333333,0.0,0.0,0.00093703843420992,0.0015205013950336,0.003169580802490924,0.00285760023800832,0.00261946688484096,0.0006997206062246401,0.0006308669801376001,0.0001406780939088,0.0,0.0,32.87615405,-114.455781,1943-08-16,2020-09-30,77.1,AZ,False
1117,9503700,1990-10-01,2020-09-30,30,0.9,True,0.0,28.0,30,0.01475291578584177,0.01295983687850611,0.01081196374070655,34.76666666666667,5.977270463741052,0.002522500515796175,1.0,4.733333333333333,221.8333333333333,0.01324174762344753,0.01496482592677934,0.003611879478914112,0.000272854337794416,6.5078909529984e-05,7.33972663872e-06,0.0003872261841821673,0.000507268313613504,0.001564916069100265,0.001194393715918906,0.001947841121138976,0.001766217837909888,34.89502016,-112.3429468,1963-07-17,2020-09-30,57.2,AZ,False
1118,9482000,1991-10-01,2020-09-30,29,0.9,True,0.03322077210915397,0.0,29,0.008664865351829972,0.004865560469492334,0.004273973440531062,34.72413793103448,3.45590348348969,0.000953557640182209,1.0,9.89655172413793,274.4827586206897,0.01392125951566022,0.0008531523489451968,0.0004972035678306625,0.0005346207952132723,5.59409498647776e-05,8.44843312375776e-05,0.001339938456351768,0.0011568193774091,0.0008977180506609693,0.00356863625613432,0.002200498977799181,0.001100514534583766,31.8714728,-110.9800905,1940-05-01,2020-09-30,80.4,AZ,False
1119,9429155,1990-10-01,2020-09-30,30,0.9,True,0.03322077210915397,44.0,30,0.0006886049979928897,0.0002065643733690432,8.73182812453056e-05,34.7,1.376386048674444,2.682787767114978e-05,1.0,22.86666666666667,211.3448275862069,2.7646303672512e-05,2.930134007143906e-05,8.12982662394692e-05,7.265217292539055e-05,0.000136284451990344,0.000133058758636224,0.0001184921020235782,0.000101594049557616,0.000101716378334928,6.270223614220801e-05,3.979762888550401e-05,8.1272909574144e-05,33.57474765,-114.5463436,1968-01-01,2020-09-30,52.7,AZ,False
1120,9468500,1990-10-01,2020-09-30,30,0.9,True,0.0,52.03000000000011,29,0.04205402845873223,0.03863417563256205,0.03103528577716907,37.79310344827586,7.363472160023884,0.00764798062673548,0.97,5.0,180.7931034482759,0.03422670500826208,0.01434009007109239,0.01193610092163065,0.002343476852721443,0.0,4.641153811217254e-05,0.003860650338675227,0.003019987102560849,0.001399590231141641,0.001120604997444306,0.001346697121298255,0.007266754186814009,33.29644678,-110.4514876,1914-04-01,2020-09-30,106.5,AZ,False
1121,9496500,1990-10-01,2020-09-30,30,0.9,True,0.0,40.03000000000011,29,0.01766217645076347,0.01623504843959815,0.01131055502707734,37.79310344827586,7.597359058565955,0.003664703172487207,0.97,5.482758620689655,217.7586206896552,0.01191331826622786,0.009636402132292237,0.007701291647077944,0.001495322508106423,0.0002304021744412411,2.671660496494054e-05,0.0005822449451325442,0.001450868230431244,0.0005956244626756956,5.40902902194429e-05,0.0003240462126822138,0.004500027178458334,33.9858809,-110.2809417,1951-06-22,2020-09-30,69.3,AZ,False
1122,9505200,1990-10-01,2020-09-30,30,0.9,True,0.0,36.32000000000044,29,0.01593077374443943,0.01538317783109303,0.007813238557232751,37.79310344827586,7.993227844951982,0.003261850307306838,0.97,4.931034482758621,177.1034482758621,0.005230571278520723,0.00557228131890747,0.00734829373075773,0.003234821410979416,0.0003426184394954464,1.702816580182825e-05,0.0003540194815409253,0.000878120001905365,0.0006478741752918885,0.0003941188547437984,0.0008702664944019352,0.003277322505843518,34.67474409,-111.672094,1961-10-01,2020-09-30,59.0,AZ,False
1123,9506000,1990-10-01,2020-09-30,30,0.9,True,0.0,513.9000000000033,29,0.1537136677673188,0.1498197993655321,0.09084012674411795,37.79310344827586,11.96885604816639,0.06176506180052552,0.97,3.96551724137931,190.3793103448276,0.06490997348851606,0.0745878380084321,0.06196374871066637,0.02234737690489009,7.731178726117599e-05,0.0,0.0009669682083922373,0.005842238911255128,0.006219103291959059,0.003343979456600808,0.009855784930473184,0.03617471651591226,34.4483605,-111.7898705,1934-04-01,2020-09-30,86.5,AZ,False
1124,9508300,1990-10-01,2020-09-30,30,0.9,True,0.0,16.53000000000011,29,0.009877029642681969,0.009374808425604187,0.00696117390997746,37.79310344827586,8.23560320679996,0.001993237552890607,0.97,4.482758620689655,142.5172413793103,0.005947951842702964,0.003039828174908118,0.00308395096918974,0.000861711431360621,0.0,0.0,0.0001193292756923092,0.0007501969548514934,0.0003292258849553308,0.001414052161611424,0.0006438058696692846,0.002307654399395342,34.16086787,-111.6929235,1967-06-04,2020-09-30,53.3,AZ,False
1125,9415000,1990-10-01,2020-09-30,30,0.9,True,0.0,391.0,29,0.05720473268142157,0.03559986767931621,0.01720634399333588,37.75862068965517,5.395785440613027,0.008001446014488744,0.97,5.758620689655173,211.4137931034483,0.02253051420532416,0.0093214528311744,0.0162918994733838,0.01840628685594816,0.03807027241120564,0.011855697334488,0.00069292456304064,0.00138445593722856,0.00509030430524784,0.00393021973373904,0.00167264214844608,0.01954844443640088,36.8916437,-113.9244098,1929-10-01,2020-09-30,91.0,AZ,False
1126,9505350,1990-10-01,2020-09-30,30,0.9,True,0.0,61.0,29,0.0242404764733957,0.02384002267528062,0.01309722756228439,37.72413793103448,8.651765188834155,0.005662812644831857,0.97,4.310344827586207,176.2413793103448,0.007949454041102111,0.008844688654478612,0.01075319947811903,0.004560247439884313,0.00028257947559072,0.0,0.000172728233564544,0.001193341688434023,0.001182124139554512,7.339726638720001e-06,0.0009868507123313663,0.005439604861530642,34.72863146,-111.775708,1960-10-01,2020-09-30,60.0,AZ,False
1127,9447000,1990-10-01,2020-09-30,30,0.9,True,0.0,70.0,29,0.03187834787006095,0.03022206684406088,0.02466891403387933,37.68965517241379,10.56206896551724,0.008527365777361743,0.97,3.482758620689655,213.3103448275862,0.04051053134421717,0.0171950572051632,0.008514033969404276,0.002240503983088128,0.00174440836446912,0.000214075360296,0.000109830853896624,0.001249438947292032,0.001032076773383407,0.00534943743185376,0.004411848518145936,0.00363148266547836,33.0645062,-109.4422978,1944-04-01,2020-09-30,76.5,AZ,False
1128,9428505,1990-10-01,2020-09-30,30,0.9,True,0.0,10.5,29,0.0004381394979945799,0.0003183838432398323,0.0002013953497925561,37.62068965517241,1.426764967379799,1.492384852600222e-05,0.97,23.55172413793104,149.9655172413793,6.17515667870976e-05,8.7016536927936e-05,4.21187390191163e-05,2.889183304150691e-05,2.637853270764218e-05,2.7483198636096e-05,3.0949180659936e-05,1.7248357600992e-05,3.8551040392896e-05,2.4751189276128e-05,8.747151413478064e-05,0.0001187121004175583,34.02779463,-114.433566,1966-05-01,2020-09-30,54.4,AZ,False
1129,9423350,1990-10-01,2020-09-30,30,0.9,True,0.0,0.09,29,6.206202878744806e-05,5.604429659043774e-05,3.364631928798058e-05,37.41379310344828,9.33817733990148,1.43995112022534e-05,0.97,3.827586206896552,183.6206896551724,2.81830211829684e-05,2.091390343409393e-05,2.96429811599712e-05,9.188003255924946e-06,1.100958995808e-07,0.0,3.1071509437248e-06,8.560790252252509e-06,3.358480977111273e-06,3.0011326700544e-06,4.9665483588672e-06,1.692785620443456e-05,35.24500556,-115.2989889,1963-10-01,2020-09-30,57.0,CA,False
1130,9497980,1990-10-01,2020-09-30,30,0.9,True,0.0,40.0,29,0.01568596602069574,0.01508177997131807,0.01055245153549876,37.37931034482759,10.50514504652436,0.004048714893221186,0.97,4.310344827586207,179.7241379310345,0.01116465042109277,0.006902797029403256,0.005911892273220935,0.00144511062264576,0.0,0.0,0.0001624081330785862,0.000817191183523392,0.000332489616734016,0.0008171562324441601,0.002070781542337536,0.002697369927859152,33.8278262,-110.8562266,1965-05-04,2020-09-30,55.4,AZ,False
1131,9524000,1990-10-01,2020-09-30,30,0.9,True,0.0,1140.0,29,0.01382990101017666,0.005873468604456165,0.002973854758791724,36.96551724137931,3.530731385472765,0.001355120107251389,0.97,10.27586206896552,204.0344827586207,0.0030840443968992,0.0018390092855904,0.002059201084752,0.0036861738230016,0.002420670628691576,0.0039369478164912,0.003055995273212509,0.001984301535134653,0.0021706561929696,0.00319522766338944,0.0018360966956544,0.001514994857479385,32.7767123,-114.6355087,1938-10-01,2020-09-30,82.0,AZ,False
1132,9523800,1990-10-01,2020-09-30,30,0.9,True,0.03322077210915397,22.7,29,0.0005551111185070544,0.0002522503752847448,8.039953432988691e-06,36.48275862068966,1.942180731322712,2.908278512449636e-05,0.97,18.48275862068965,201.4827586206897,3.474137275660803e-06,1.2034093468068e-05,6.258171517933904e-05,0.0001674976237760309,0.0001141622768679989,3.4389677521836e-05,3.328781904972424e-05,5.827104714044661e-05,4.211873901911632e-05,0.0001073195682000668,2.27667446664e-05,7.747489229760003e-06,32.79365629,-114.6146748,1966-10-01,2020-09-30,54.0,AZ,False
1133,9523600,1990-10-01,2020-09-30,30,0.9,True,0.03322077210915397,26.0,29,0.0005989723125239569,0.000230762692814837,1.222444126379917e-05,36.20689655172414,1.717404029033564,2.692478404130276e-05,0.97,20.75862068965517,218.9310344827586,7.693120884288e-06,1.957260436992e-05,6.4181831829696e-05,0.0001501353738651277,0.0001486200545281329,9.102239662231298e-05,6.4130861505816e-05,3.875162919544487e-05,4.240360253551418e-05,5.5956677850432e-05,1.56733745931e-05,1.39944121244928e-05,32.80865585,-114.5882852,1966-10-01,2020-09-30,54.0,AZ,False
1134,9429100,1990-10-01,2020-09-30,30,0.9,True,0.0,11000.0,29,0.1102983747984199,0.07998614742724634,0.03438704112577324,36.13793103448276,2.790074340027866,0.00729625974576347,0.97,10.37931034482759,198.8275862068965,0.116293890964608,0.206001660993408,0.025001672010624,0.028074454393104,0.008433489824097883,0.005820274457370948,0.013104470269548,0.04165294867473601,0.0369922222591488,0.063855621756864,0.011254247512704,0.236339197766784,33.71946626,-114.4980105,1956-03-24,2020-09-30,64.5,AZ,False
1135,9429200,1990-10-01,2020-09-30,30,0.9,True,0.03322077210915397,76.0,29,0.001308318928052941,0.0005180075348782147,0.0002247728009602494,35.96551724137931,1.489900436767891,4.936863406405693e-05,0.97,21.96551724137931,200.1379310344828,0.0001598901503034846,6.787088397686963e-05,0.0001397638472573103,0.000174848599037952,0.0001876914896053478,0.0002034549982657309,0.0002067467544552175,0.00016142301572796,0.0001297663669725696,0.0001607544050088282,0.000136029600370944,0.000116334667223712,33.42780713,-114.6732907,1967-12-01,2020-09-30,52.8,AZ,False
1136,9523400,1990-10-01,2020-09-30,30,0.9,True,0.03322077210915397,1.7,29,0.0003044063040501411,0.00011641565731076,2.387098451064165e-05,35.82758620689656,1.296511434265958,1.122268482670627e-05,0.97,27.89655172413793,222.9655172413793,8.3581137098424e-06,1.04621686796088e-05,3.33268896352448e-05,5.267139692358687e-05,5.63252309548853e-05,4.30878199256512e-05,2.83170731347728e-05,3.177569770316578e-05,2.48650715426256e-05,1.95804683627472e-05,1.06874575111584e-05,1.00238238942408e-05,32.82448865,-114.5418948,1966-10-01,2020-09-30,54.0,AZ,False
1138,9505800,1990-10-01,2020-09-30,30,0.9,True,0.0,55.12000000000044,28,0.02682496030077581,0.02621523348091168,0.0145360210384877,39.14285714285715,10.78499922696351,0.007760456187958715,0.93,3.892857142857143,193.9642857142857,0.01364255786231028,0.01109929229127424,0.01232361454573126,0.005613308759767552,6.180049829802026e-05,0.0,0.0002651965563346832,0.001283604015586633,0.0005034970921643684,0.0006572725204973734,0.001344662385968963,0.005438829185874499,34.53863606,-111.6940356,1964-12-05,2020-09-30,55.8,AZ,False
1140,9513780,1990-10-01,2020-09-30,30,0.9,True,0.0,7.15,28,0.008839100850686395,0.008133946225418161,0.006271445154439959,39.10714285714285,11.41687925170068,0.002972717598670387,0.93,3.642857142857143,159.1071428571429,0.006488797877435543,0.003366353389971197,0.002469499959108269,0.0003095474105890473,8.746507577807998e-06,0.0,0.0004337827374994445,0.001897376422871866,9.438582635450641e-05,0.0009030962761317505,0.0007156682011602144,0.002209266892913018,33.97420168,-112.0990458,1965-10-01,2020-09-30,55.0,AZ,False
1141,9499000,1990-10-01,2020-09-30,30,0.9,True,0.0,199.0,28,0.0869783819997744,0.0845588935399392,0.05848643696524416,39.07142857142857,11.2641156462585,0.02221346152329309,0.93,3.892857142857143,167.1785714285714,0.05839067100814849,0.03407794302098592,0.03172046360088816,0.00884646766441152,0.0,0.0,0.000850918974982272,0.0035842331752416,0.00180098542397592,0.00321887789366976,0.006738847684563456,0.0172289888779176,33.9800413,-111.3034659,1940-12-21,2020-09-30,79.8,AZ,False
1143,9523000,1990-10-01,2020-09-30,30,0.9,True,0.0,9020.0,28,0.0882409897370304,0.0587606281818192,0.0219588893044848,38.92857142857143,5.161859023912595,0.009540861194077672,0.93,6.321428571428571,189.2857142857143,0.093663067161888,0.07567258164520321,0.01565074376929728,0.0251874952485408,0.01168484480884224,0.005864791095129601,0.01283784913899753,0.09968572063154879,0.0741230837992512,0.05229555230088,0.0121839462202752,0.182514535749504,32.8714319,-114.480504,1939-10-01,2020-09-30,81.0,AZ,False
1144,9444000,1990-10-01,2020-09-30,30,0.9,True,0.0,159.0,28,0.03332026187503488,0.02499072067246464,0.0136160666918064,38.78571428571428,10.25766723356009,0.008059641791286966,0.93,3.857142857142857,203.5,0.01803762287220902,0.01684442797830778,0.0123597938376612,0.00860052857021568,0.009475587090587519,0.00276952351834368,0.00127548138477312,0.00373994023322016,0.00831101713057728,0.006040944534458881,0.00866577058478208,0.0046327655522016,33.24716667,-108.88,1927-10-01,2020-09-30,93.0,AZ,False
1145,9428500,1990-10-01,2020-09-30,30,0.9,True,0.0,1310.0,28,0.010948425569424,0.0003302876987424,4.01937411168e-05,37.89285714285715,4.818521954236241,0.0013980917124456,0.93,7.857142857142857,274.0714285714286,0.0011254247512704,0.0,0.000244657554624,0.0007665936711552001,0.0007817920950030546,0.00354264139095552,0.005250351122231041,0.00285433813728,0.0001141735254912,0.0,0.0,0.0,34.16779378,-114.2766175,1954-10-01,2020-09-30,66.0,AZ,False
1146,9529150,1990-10-01,2020-09-30,30,0.9,True,0.03322077210915397,5.98,28,0.0002024209229260896,0.0001226765405503584,6.4541536686792e-05,37.82142857142857,1.742685971357512,8.787888094086346e-06,0.93,19.17857142857143,150.5925925925926,3.058363349008601e-05,2.530016649080185e-05,1.995686064688828e-05,2.047338900285381e-05,2.57624405019072e-05,1.634500663007261e-05,1.522096199834112e-05,1.385495731835712e-05,2.76034886004528e-05,4.750992176530054e-05,5.063362848339839e-05,4.244937339860412e-05,32.726991,-114.5055044,1966-10-01,2020-09-30,54.0,AZ,False
1147,9429000,1990-10-01,2020-09-30,30,0.9,True,0.0,1830.0,28,0.0114438571175376,0.0001336878780624,0.0,37.53571428571428,3.125616754799086,0.0008839675639776712,0.93,10.39285714285714,286.1428571428572,0.0,0.0,0.0,0.0004679075732184,0.0021774522361536,0.0041224797954144,0.004324566935533824,0.003197229407018182,0.0003250450368576,0.0,0.0,0.0,33.7319659,-114.5118999,1950-10-01,2020-09-30,70.0,AZ,False
1148,9429180,1990-10-01,2020-09-30,30,0.9,True,0.03322077210915397,39.7,28,0.0009079766118285119,0.000417473165886624,0.000173645699394384,37.53571428571428,1.460561190679329,2.938650236186108e-05,0.93,22.25,146.5925925925926,5.598403086896138e-05,8.779128585091198e-05,9.70734451960407e-05,0.0001049803325295709,0.0001586493033757265,0.0001297429649456055,0.000107557577451576,8.164222597802879e-05,7.637975848166397e-05,0.0001000862144111833,0.000113427902467584,7.976814910960894e-05,33.4916942,-114.6035666,1968-01-01,2020-09-30,52.7,AZ,False
1149,9473000,1990-10-01,2020-09-30,30,0.9,True,0.06662407593319342,34.0,28,0.01154599290882331,0.007222221110342016,0.005516320097416753,36.5,4.528540853987283,0.001572618792348734,0.93,7.857142857142857,216.1428571428571,0.006086957630267808,0.00353392546557204,0.003276413195265504,0.00060185758437504,0.00023487125243904,6.605753974848e-05,0.003112587778272001,0.002498256542064384,0.000490477232632464,0.00048640980078684,0.000537458279163456,0.000976672958059008,32.84423324,-110.6301,1931-05-01,2020-09-30,89.4,AZ,False
1150,9516500,1991-03-01,2020-09-30,29,0.9,True,0.06635027836086516,5.5,27,0.01963739059652353,0.01724695217926155,0.01246111604549146,37.66666666666666,inf,inf,0.93,3.333333333333333,212.3703703703704,0.01281484465638411,0.01800675153713465,0.008569638515131445,0.00407477157226272,0.0005019394390665984,0.000241232348859264,0.0008785190655611328,0.001332475177647963,0.002194020445752737,0.003905223886908288,0.0006444279988796161,0.002556854938986768,33.88503188,-112.6621198,1938-10-01,2020-09-30,82.0,AZ,False
1152,9431500,1990-10-01,2020-09-30,30,0.9,True,0.0,476.3999999999996,27,0.07545362219520567,0.05625501767378754,0.03665977794936935,40.5925925925926,9.69373897707231,0.01804438832241134,0.9,3.62962962962963,221.2962962962963,0.04052615384115972,0.02983382181948443,0.02231961939323829,0.0188505150729869,0.02292270026538645,0.002353605675482884,0.00343874348275853,0.008683844661629934,0.02169785044787923,0.004752880761162244,0.0211607988857617,0.01668789607485935,32.72694444,-108.6755556,1930-10-01,2020-09-30,90.0,AZ,False
1153,9492400,1990-10-01,2020-09-30,30,0.9,True,0.0,68.26000000000022,27,0.005260485381827,0.002203268138861878,0.0002220566334112886,40.5925925925926,9.210802469135801,0.0011647921949373,0.9,3.925925925925926,247.6666666666667,0.0008064239210479844,0.0003800836663602028,0.000520677329426621,0.002319654932929099,0.003702519666067746,0.0007489892008913616,0.0002525844593938158,0.0007056046204133445,0.0002275266326492261,5.704190886058506e-05,0.0001892507737534841,0.0003239388351999062,33.8222723,-109.8145413,1957-08-01,2020-09-30,63.2,AZ,False
1154,9510200,1990-10-01,2020-09-30,30,0.9,True,0.0,27.26000000000022,27,0.01844241695158624,0.01776919728922283,0.01259553996739279,40.5925925925926,11.18514109347443,0.005470452669939148,0.9,4.037037037037037,168.4074074074074,0.0128460594652462,0.007741561381092748,0.005979266714448953,0.001937975305248755,0.0004271231588625701,0.0,0.0004476114815083767,0.0005366563460677429,0.0005456461519915385,0.001088611944551306,0.0009199221916884225,0.003306342228061307,33.69421054,-111.541802,1960-10-01,2020-09-30,60.0,AZ,False
1155,9424900,1990-10-01,2020-09-30,30,0.9,True,0.0005475951446564098,44.6,27,0.02715666235319117,0.02492662686557523,0.01529703237504736,40.55555555555556,16.91913580246914,0.01245082075203412,0.9,3.222222222222222,199.5185185185185,0.01290637104756895,0.01176362454143117,0.01360026880399354,0.002568065497650432,8.293891101753597e-05,0.0,0.001726303705426944,0.002461401794050215,0.001469731327892755,0.004320285428327904,0.00813943063226765,0.005201052624974303,34.305854,-113.3471441,1966-04-18,2020-09-30,54.5,AZ,False
1156,9528800,1990-10-01,2020-09-30,30,0.9,True,0.0,3.41,27,0.0002529568825603008,0.0001237985349179264,6.0067960355648e-05,40.55555555555556,1.416693149495461,7.09800304919495e-06,0.9,24.48148148148148,145.5555555555555,2.26739986653007e-05,1.849978099289376e-05,2.1541515166656e-05,1.814543530128e-05,1.767715215725406e-05,3.556953857901024e-05,2.398674172387301e-05,8.998247324802693e-06,2.292196629272256e-05,6.774323029983936e-05,4.980860825812704e-05,5.41488332771568e-05,32.75865679,-114.5246718,1966-10-01,2020-09-30,54.0,AZ,False
1158,9521100,1990-10-01,2020-09-30,30,0.9,True,0.0,1890.0,27,0.2458464091116544,0.1873089176810432,0.0614380426615424,40.2962962962963,9.575133611244723,0.04709496001548499,0.9,5.518518518518518,188.2592592592593,0.03241712598768001,0.09007475636073602,0.1204173901665,0.082449595908288,0.05170429654387201,0.1086034884975936,0.030512292169536,0.007276523437108801,0.0106460987340672,0.0204778373220288,0.0218059783328448,0.0184451408056944,32.73171354,-114.6327306,1963-10-01,2020-09-30,57.0,AZ,False
1159,9485000,1990-10-01,2020-09-30,30,0.9,True,0.03331203796659665,9.398999999999997,27,0.004474894504624813,0.003509451418936955,0.002407257627389377,39.25925925925926,7.945634920634921,0.0009093466139842466,0.9,4.444444444444445,216.2962962962963,0.002500134660711454,0.001640252424104518,0.001595624953973746,0.0006277499992028413,0.0,0.0,0.0009916364859415391,0.0007362551441012458,0.0002995544283744197,0.001080003260729273,0.001331369325501063,0.0008767132209662804,32.12952258,-110.625914,1952-10-01,2020-09-30,68.0,AZ,False
1160,9423000,1990-10-01,2020-09-30,30,0.9,True,0.0,18400.0,27,0.123470512566912,0.08659971294598401,0.02600619191744,39.03703703703704,3.951276198352221,0.01172731595648724,0.9,8.555555555555555,199.0740740740741,0.061898361319872,0.0668404439232768,0.023150721106296,0.05024287541758464,0.027551159067936,0.01957260436992,0.008353307936448,0.057005210227392,0.010030959739584,0.02201917991616,0.009541644630336,0.244168239514752,35.19166556,-114.5721876,1905-05-11,2020-09-30,115.4,AZ,False
1161,9507980,1990-10-01,2020-03-09,30,0.9,True,0.05202153874235649,73.0,27,0.03721050210482797,0.03505214221932595,0.02461291245081088,38.4074074074074,7.093224573780129,0.006915614069455293,0.9,5.074074074074074,162.3333333333333,0.02482655007622283,0.01108912696405229,0.01261060181136672,0.004918014416468664,0.0,0.0,0.0004889370021181266,0.002503731314962545,0.001175960128386624,0.001953052327052467,0.002587375968926112,0.0108931818935899,34.27642068,-111.6387561,1961-09-01,2020-03-09,58.5,AZ,False
1162,9424450,1990-10-01,2020-09-30,30,0.9,True,0.0,53.06000000000022,26,0.08237733159457683,0.07373384366707741,0.05501413247040739,42.15384615384615,17.48223443223443,0.03296794456482343,0.87,3.346153846153846,192.0769230769231,0.04022054719652777,0.04577237636715645,0.0236300419544376,0.005902285214886511,0.0003192291772733914,0.0,0.002335931613736841,0.003779249712032388,0.006315356331178404,0.0221085190688065,0.02637346458932881,0.01578353573469536,34.46251664,-113.6243774,1966-03-29,2020-09-30,54.5,AZ,False
1163,9489500,1990-10-01,2020-09-30,30,0.9,True,0.0,516.3000000000011,26,0.05057628720510136,0.04713433180777957,0.01286904383265806,42.15384615384615,14.80952380952381,0.01817095832688913,0.87,3.192307692307693,201.9615384615385,0.01100134499848915,0.01483733267942003,0.02406888595772058,0.0260128300335252,0.006785479414474759,0.001213746128489656,0.000956855696134456,0.003345906134843482,0.003246570798781238,0.002942741067017461,0.007090420590558128,0.005282727471959607,33.47672039,-109.7639775,1953-06-01,2020-09-30,67.3,AZ,False
1164,9432000,1990-10-01,2020-09-30,30,0.9,True,0.0,491.0,26,0.08666438688104322,0.06901112102714851,0.04808029083282742,42.11538461538461,10.90512820512821,0.02221971494457071,0.87,3.5,198.0769230769231,0.05439765001020941,0.04011179427872374,0.02570146431137014,0.01703305895292288,0.0371757154251168,0.00239519745976896,0.00232098466819968,0.01222131210134505,0.02018710259461728,0.0057616854113952,0.01817022726681523,0.02051752621422336,32.64630833,-108.8468472,1927-07-01,2020-09-30,93.3,AZ,False
1165,9448500,1990-10-01,2020-09-30,30,0.9,True,0.0,997.0,26,0.1888153146726072,0.1588773225057441,0.113922061437941,42.07692307692308,11.45961538461539,0.06085296311372852,0.87,3.576923076923077,217.9615384615385,0.1442810100245765,0.07532394462986401,0.05534713102862592,0.025627878846864,0.03783996068592096,0.00853365550528512,0.00289124065176912,0.02181978400914144,0.030399590825867,0.0169215650101728,0.03779078451744153,0.03559414025533632,32.8827222,-109.4796056,1920-10-01,2020-09-30,100.0,AZ,False
1166,9498500,1990-10-01,2020-09-30,30,0.9,True,0.0,1770.0,26,0.2330598455442277,0.2212654694301615,0.1251762148515855,42.07692307692308,14.70384615384615,0.1109677654545112,0.87,3.384615384615385,186.6153846153846,0.1180088239189248,0.09343297255694401,0.0952383899719392,0.07381807738115329,0.01712602882368,0.0014190138168192,0.008403987001334401,0.030459865550688,0.0052682926762368,0.0030826851882624,0.0152829419121792,0.02943964354790592,33.6194949,-110.9215037,1913-10-01,2020-09-30,107.0,AZ,False
1167,9428510,1990-10-01,2020-09-30,30,0.9,True,0.03322077210915397,193.0,26,0.003840088517942622,0.001205597149939495,0.0006185131179013662,39.65384615384615,1.783572844390214,0.0001670318181872761,0.87,18.76923076923077,222.6538461538462,0.000549827077758336,0.0001917225564417164,0.00027992901874896,0.000641165898151296,0.0005828606448395294,0.00052832439712416,0.0008754877441518822,0.000941075283861216,0.0005566678948739012,0.000297084173472,0.0002079589214304,0.00038166578521344,33.99946154,-114.4455106,1969-10-01,2020-09-30,51.0,AZ,False
1169,9513860,1990-10-01,2020-09-30,30,0.9,True,0.0,0.0,26,0.001043177468339974,0.0006056243697256549,0.0005100376041246528,8.346153846153847,1.644923132423133,0.0002209851429684874,0.87,4.884615384615385,200.4615384615385,0.0008689918285423469,0.000340046816754624,0.0001415784337098163,1.14499735564032e-05,5.749452533664e-07,4.89315109248e-08,0.0001033977194186496,0.0004540561916643029,0.0001641468698361072,0.0003674441910739391,0.000176336932495248,0.0002517730118376481,33.72920456,-112.1198755,1967-10-01,2020-09-30,53.0,AZ,False
1171,9494000,1990-10-01,2020-09-30,30,0.9,True,0.0,411.3000000000011,25,0.03324418595793522,0.025466453792323,0.006939202649196127,43.84,13.01104761904762,0.009800334390851468,0.83,3.4,210.12,0.01208351429410203,0.008035043408961386,0.01017612322199419,0.01980452225616388,0.0119296654685026,0.001504888618492209,0.004768865054731001,0.004366941623994686,0.001521076793356503,0.0,0.002747748995982136,0.002098917161119291,33.73644059,-110.166767,1917-10-01,2020-09-30,103.0,AZ,False
1172,9484500,1990-10-01,2020-09-30,30,0.9,True,0.0,12.0,25,0.01970774341679211,0.01666909658836203,0.01239368624870326,43.64,9.912222222222223,0.004279701578798529,0.83,4.56,179.92,0.01114168872707332,0.006712271757692424,0.006033010639473216,0.00230253341095512,1.957260436992e-05,0.0,0.003861112129809581,0.001505482786839168,0.0004271965561289664,0.002996688057812064,0.002007170578135296,0.004415059648550376,32.26535338,-110.841199,1940-06-01,2020-09-30,80.3,AZ,False
1173,9530000,1990-10-01,2020-09-30,30,0.9,True,0.03322077210915397,82.36000000000023,25,0.000802829086045355,0.0003654029082424629,5.931282028260285e-05,42.4,4.940826210826211,0.0001062425131231763,0.83,7.2,140.04,6.63817110083541e-05,2.333054440894331e-05,0.000183321905679759,0.0001351375412871571,0.0001988398671216794,0.0001556456994172352,0.0001670801391606492,0.0001957260436991954,0.0001264335873951332,0.000322148757425233,0.0003690740764021158,8.351140969535222e-05,32.73726888,-114.621897,1966-10-01,2020-09-30,54.0,AZ,False
1174,9529250,1990-10-01,2020-09-30,30,0.9,True,0.03322077210915397,6.05,25,0.0003469478995820759,0.0002616064513781322,0.0001561756820489027,42.28,1.972235904046094,1.310589032300927e-05,0.83,14.96,98.76,6.61669160670178e-05,4.42921920452424e-05,2.4343426685088e-05,3.959957276985601e-06,6.892352824550401e-06,1.018264742345088e-05,7.225553113228801e-06,1.60373027056032e-05,5.907256656396481e-05,7.13910744392832e-05,0.0001193285030895057,0.0001218164356093756,32.7153248,-114.5335608,1966-10-01,2020-09-30,54.0,AZ,False
1175,9520500,1990-10-01,2020-09-30,30,0.9,True,0.0,64.0300000000001,24,0.2932356903321529,0.1891714333473332,0.04403494380121356,45.66666666666666,32.23263888888889,0.2628615226311636,0.8,2.041666666666667,210.125,0.04766008433123219,0.1557421243963535,0.2604287642780863,0.2109516739966905,0.1408260593027287,0.09850431415415452,0.09896820730466412,0.02387908412195126,0.01526626219804608,0.03162976089013721,0.04590317029585845,0.006637934598532875,32.7608789,-114.4205019,1905-01-01,2020-09-30,115.7,AZ,False
1176,9444500,1990-10-01,2020-09-30,30,0.9,True,0.0,417.0,24,0.08676698622221952,0.06994331335979569,0.04590285427985041,45.58333333333334,9.660515873015873,0.0198811337678087,0.8,4.666666666666667,204.125,0.04907986236928564,0.03596221395418176,0.02791298040705216,0.01193194893901248,0.02123994560468256,0.00429129350810496,0.00141350902184016,0.0109719126946679,0.01156190438764368,0.0121533640259472,0.01778578869598272,0.0144714943560096,33.05604444,-109.2990167,1910-10-23,2020-09-30,109.9,AZ,False
1177,9497500,1990-10-01,2020-09-30,30,0.9,True,0.0,1340.0,24,0.1726150794455304,0.1604250167863896,0.0784035715986936,45.54166666666666,12.73263888888889,0.05210097673020553,0.8,3.791666666666667,190.7083333333333,0.06990995524321329,0.05758190303472,0.06364315598574316,0.07171646898693312,0.01992001809748608,0.0027890961227136,0.0131625764387712,0.020918220920352,0.005137808647104,0.0023731782798528,0.0140433436354176,0.0185232953023104,33.79810588,-110.4998292,1924-09-18,2020-09-30,96.0,AZ,False
1178,9529420,1990-10-01,2020-09-30,30,0.9,True,0.03322077210915397,8.17,24,0.0002377469981123496,0.0001051680886680816,5.852004825310561e-05,44.125,1.583621224578158,7.052970507270834e-06,0.8,21.625,235.0833333333333,6.10175941232256e-05,3.70411537700736e-05,3.1889583135522e-05,2.250360187431552e-05,2.51372045289792e-05,4.13991164618136e-05,3.44783658853872e-05,3.308633635768094e-05,3.056674227191849e-05,2.32592878961604e-05,1.598621245154937e-05,2.93449261231872e-05,32.693659,-114.58134,1966-10-01,2020-09-30,54.0,AZ,False
1179,9507580,1990-10-01,2020-09-30,30,0.9,True,0.0,18.0,24,0.00043686664597548,4.9624707329568e-05,2.08978327908e-05,38.5,12.73366402116402,0.0001769365781293772,0.8,5.166666666666667,219.2916666666667,3.7799592189408e-05,0.0,0.0,7.829041747968001e-05,9.049611103814401e-05,0.0001813477074120665,0.000182901910210992,0.0001285430791994496,0.00018762176220228,0.000142574189957136,0.0001222309142901504,0.000141982934200128,34.41780739,-111.2637469,1965-10-21,2020-09-30,54.9,AZ,False
1181,9466500,1990-10-01,2020-09-30,30,0.9,True,0.0,891.2000000000044,23,0.2378890289143316,0.2044305127267523,0.1453214602752937,47.65217391304348,16.12234299516908,0.09127029718964817,0.77,3.304347826086957,224.8695652173913,0.1767115032113772,0.1127443398512005,0.06932738796602954,0.04655197154852673,0.05621610806121125,0.04614779726828798,0.002802796945772523,0.02407613830666119,0.02518955037199955,0.01557139316908085,0.04137795358333855,0.0418863519818472,33.18561278,-110.2200903,1929-10-01,2020-09-30,91.0,AZ,False
1182,9490500,1990-10-01,2020-09-30,30,0.9,True,0.0,835.3000000000011,23,0.1234359272076683,0.1153379004343188,0.05259643854392755,47.65217391304348,11.10481366459627,0.02949354805287772,0.77,4.217391304347826,170.9130434782609,0.04936481984216864,0.03414178233223911,0.04794172947249845,0.03762481259634695,0.006686637762406668,0.001006521179723131,0.008756701642583993,0.01755824085967874,0.005416065839229686,0.005257201533760501,0.01434606658300568,0.01052135134207234,33.71282949,-110.2117674,1912-11-24,2020-09-30,107.8,AZ,False
1183,9510000,1990-10-01,2020-09-30,30,0.9,True,0.0,925.0,23,0.2018832233662874,0.1870893129024233,0.1323393134644154,47.60869565217391,10.23567977915804,0.0338093926046765,0.77,4.260869565217392,129.9130434782609,0.2961506301457133,0.1877878235174811,0.06960175393800097,0.01903812171212603,0.00601123611711168,0.01326227439228048,0.00462362001980256,0.01896585363445248,0.00144470286005472,0.00817400889998784,0.00414776107605888,0.0202494902710464,33.80837509,-111.6634729,1904-01-01,2020-09-30,116.7,AZ,False
1184,9511300,1990-10-01,2020-09-30,30,0.9,True,0.06653281007575063,800.3000000000011,22,0.2096310557290735,0.1939097949800549,0.1380137953805405,46.5,9.756313131313133,0.03846176311248575,0.73,4.045454545454546,124.0454545454545,0.2402876037120834,0.2218801809460602,0.07498023840524103,0.02287961607001711,0.009123629722721247,0.01534840819617064,0.006893593587863104,0.01752318958735295,0.002080078529413241,0.009103860518530642,0.002908081246779048,0.006902768246161531,33.5586557,-111.6693043,1961-02-13,2020-09-30,59.6,AZ,False
1185,9474000,1990-10-01,2020-09-30,30,0.9,True,0.0,854.0,21,0.1603539204660518,0.1296758436773587,0.08785617835468609,52.14285714285715,14.77437641723356,0.03202108486056371,0.7,3.952380952380953,187.0952380952381,0.1656197083149437,0.06241948191122112,0.06630736229592384,0.07032497914500913,0.01472410328115888,0.02368366681278528,0.01328077661984892,0.01501690594742496,0.00166087528510464,0.00888596238394368,0.0001467945327744,0.005166555909772321,33.1028404,-110.9765014,1911-01-26,2020-09-30,109.7,AZ,False
1186,9537200,1990-10-01,2020-09-30,30,0.9,True,0.0,0.69,20,0.0008209080560443191,0.0001499273727613603,0.0001316147547977539,54.7,20.29767857142857,0.0002060136200876852,0.67,4.0,253.85,0.0004023882800900928,3.579340024149121e-05,1.410206144852736e-05,1.046155703572225e-05,4.797734646176641e-05,5.635686770763841e-05,0.0003209328835174132,0.0004086466203373748,0.0002742828660716928,0.0001884026275641216,2.704825187232e-05,0.0001103466735742896,31.5900961,-109.5089559,1969-10-01,2020-09-30,51.0,AZ,False
1187,9502000,1990-10-01,2020-09-30,30,0.9,True,0.0,1610.0,19,0.2452820752239613,0.2040534142557969,0.1256342296421043,57.47368421052632,10.77795625427204,0.05599561430033337,0.63,5.0,229.6315789473684,0.2433649472104032,0.1528661177549856,0.1735723021279968,0.0560663368615224,0.06451619715434881,0.01269995124457309,0.0102205693444176,0.01366301234595665,0.0060155176243176,0.0,0.0,0.004831986703824,33.55282304,-111.5765243,1934-10-01,2020-09-30,86.0,AZ,False
1188,9426000,1990-10-01,2020-09-30,30,0.9,True,0.0,52.0,19,0.111205009536191,0.103351321758773,0.042264592561296,56.31578947368421,23.12445953487143,0.06230271055485006,0.63,5.947368421052632,185.5263157894737,0.07669525022353152,0.09198055715873875,0.08092404484722798,0.01905755128592556,0.00418678978120128,0.00271379596423488,0.003109492666033344,0.003556146487970765,0.005286735195711553,0.00473351203808784,0.02663594952443309,0.01052908252079847,34.2308539,-113.6088195,1939-12-01,2020-09-30,80.8,AZ,False
1189,9529300,1990-10-01,2020-09-30,30,0.9,True,0.03322077210915397,184.0,19,0.002543794732419537,0.00168272890727707,0.0009419315853024,54.94736842105263,10.15424484015682,0.0005944490579506183,0.63,7.0,163.2222222222222,0.00119229781620096,0.000988905835790208,0.0019287170556192,0.00123429736307808,0.000706571017754112,0.00036034562688192,0.00091930076149968,0.0002726184180096,0.00024683228844288,0.000499590726542208,0.0003724231664832,0.0006442648938432001,32.74254606,-114.4368912,1966-10-01,2020-09-30,54.0,AZ,False
1190,9402500,1990-10-01,2020-09-30,30,0.9,True,0.06653281007575063,18230.00000000011,17,0.5169484604617217,0.24394229106724,0.05369801575370715,60.1764705882353,11.01939237233355,0.1381361743136627,0.57,6.411764705882353,163.1176470588235,0.04045820428298497,0.1133253793018319,0.2614214902668323,0.1250016610962638,0.1253918898958883,0.1695843839876213,0.1385434567447001,0.1727946406150792,0.08746507577807555,0.05131284445647041,0.1427038584610842,0.1127300459189132,36.10137176,-112.0862795,1922-10-01,2020-09-30,98.0,AZ,False
1191,9469500,1990-10-01,2020-09-30,30,0.9,True,0.0,775.3000000000011,12,0.1922419570163176,0.1443553785073169,0.08878991682449851,91.33333333333333,43.86666666666667,0.07133248167336792,0.4,2.583333333333333,262.0833333333333,0.7256946755112968,0.3397843263826851,0.06924864900969988,0.05025872922712423,0.009712497155981716,0.01520903902017906,0.01785530851082232,0.01803370835133497,0.001112360037853468,0.0,0.0,0.0,33.1695055,-110.5312109,1900-10-01,2020-09-30,120.0,AZ,False
1192,9519800,1990-10-01,2020-09-30,30,0.9,True,0.0,93.0,8,1.063234941638582,0.7299804642244229,0.2150698932555466,134.75,72.54166666666667,0.5455168742600716,0.27,2.25,175.625,0.1183384125960825,0.1866647434011091,0.3569582265345533,0.2599895445507014,0.1754765534281536,0.1673066221540762,0.132207233842535,0.04342243443855408,0.09174902955954624,0.1901405117271341,0.1576083966887808,0.00443931132865248,33.0750458,-113.0146217,1959-10-01,2020-09-30,61.0,AZ,False
