,Parameter Code,Count
0,agency_cd,5236
1,site_no,5236
2,sample_dt,5236
3,sample_tm,5236
4,sample_end_dt,5236
5,sample_end_tm,5236
6,sample_start_time_datum_cd,5236
7,tm_datum_rlbty_cd,5236
8,coll_ent_cd,5236
9,medium_cd,5236
10,project_cd,5236
11,aqfr_cd,5236
12,tu_id,5236
13,body_part_id,5236
14,hyd_cond_cd,5236
15,samp_type_cd,5236
16,hyd_event_cd,5236
17,sample_lab_cm_txt,5236
18,p00010,4945
19,p00020,3298
20,p00025,3099
21,p00028,4009
22,p00061,4583
23,p00065,3747
24,p00076,1055
25,p00095,4709
26,p00191,3782
27,p00300,3540
28,p00301,3159
29,p00400,3782
30,p00403,2550
31,p00405,2663
32,p00453,1521
33,p00600,2514
34,p00602,1748
35,p00605,2770
36,p00607,1863
37,p00608,2911
38,p00613,2660
39,p00618,2698
40,p00623,1703
41,p00625,2420
42,p00631,2971
43,p00660,2923
44,p00665,3061
45,p00666,2198
46,p00671,2922
47,p00681,1518
48,p00689,759
49,p00900,2780
50,p00904,1431
51,p00915,2659
52,p00925,2650
53,p00930,2556
54,p00931,2550
55,p00932,2523
56,p00935,2529
57,p00940,2933
58,p00945,2831
59,p00950,2236
60,p00955,2263
61,p01046,2187
62,p01056,2153
63,p04024,863
64,p04028,850
65,p04029,685
66,p04035,1003
67,p04037,1064
68,p04040,1011
69,p04041,975
70,p04095,942
71,p30207,3747
72,p30209,4583
73,p34253,845
74,p34653,845
75,p38442,520
76,p38478,554
77,p38482,520
78,p38487,520
79,p38501,521
80,p38538,514
81,p38711,520
82,p38746,520
83,p38811,568
84,p38866,520
85,p38933,1014
86,p39086,1604
87,p39341,846
88,p39381,943
89,p39415,1078
90,p39532,942
91,p39542,845
92,p39572,1014
93,p39630,291
94,p39632,1020
95,p39732,523
96,p39742,399
97,p39762,399
98,p46342,1009
99,p49235,520
100,p49236,521
101,p49291,519
102,p49292,521
103,p49293,521
104,p49294,521
105,p49295,507
106,p49296,521
107,p49297,521
108,p49298,296
109,p49299,394
110,p49300,521
111,p49301,520
112,p49302,521
113,p49303,394
114,p49304,520
115,p49305,520
116,p49306,464
117,p49308,521
118,p49309,521
119,p49310,520
120,p49311,521
121,p49312,521
122,p49313,521
123,p49314,521
124,p49315,520
125,p50280,2767
126,p61188,521
127,p70300,2136
128,p70301,2231
129,p70302,2348
130,p70303,2535
131,p70314,24
132,p70331,1924
133,p71846,2912
134,p71851,2637
135,p71856,2660
136,p71999,3448
137,p80154,2608
138,p80155,2353
139,p82619,69
140,p82630,1004
141,p82660,942
142,p82661,942
143,p82663,846
144,p82664,943
145,p82665,842
146,p82666,846
147,p82667,943
148,p82668,913
149,p82669,846
150,p82670,951
151,p82671,913
152,p82672,913
153,p82673,943
154,p82674,913
155,p82675,943
156,p82676,943
157,p82677,913
158,p82678,846
159,p82679,913
160,p82680,1015
161,p82681,913
162,p82682,943
163,p82683,946
164,p82684,846
165,p82685,913
166,p82686,939
167,p82687,943
168,p82694,25
169,p82697,24
170,p90095,3082
171,p90410,1835
172,p91063,846
173,p91064,629
174,p91065,846
175,p99819,329
176,p99821,217
177,p99835,385
178,p99847,218
179,p99857,350
180,p00500,137
181,p01000,1462
182,p01002,771
183,p01045,868
184,p01147,735
185,p01305,1022
186,p29801,753
187,p62452,38
188,p62453,38
189,p62454,38
190,p62455,38
191,p63680,928
192,p82398,3765
193,p84164,3300
194,p99156,893
195,p99159,803
196,p99206,1024
197,p00002,35
198,p00410,593
199,p00452,1203
200,p00610,1470
201,p00615,1022
202,p00620,1027
203,p00630,1354
204,p00650,1027
205,p01005,1265
206,p01010,1151
207,p01025,1590
208,p01030,1406
209,p01035,1038
210,p01040,1620
211,p01049,1625
212,p01060,1061
213,p01065,1355
214,p01075,1297
215,p01080,1181
216,p01085,928
217,p01090,1629
218,p01106,1354
219,p01130,977
220,p01145,1337
221,p03515,129
222,p03516,88
223,p04126,115
224,p04127,78
225,p09511,101
226,p22703,618
227,p31625,1080
228,p31673,773
229,p70507,1025
230,p71845,1475
231,p71870,499
232,p71887,1145
233,p71890,961
234,p75986,110
235,p75987,119
236,p75988,110
237,p75989,119
238,p75990,107
239,p76001,93
240,p76004,88
241,p76005,88
242,p80030,112
243,p80040,88
244,p80050,112
245,p80060,88
246,p82086,32
247,p99111,2423
248,p99891,239
249,p99892,246
250,p99893,237
251,p99894,219
252,p63676,948
253,p84182,1141
254,p00060,680
255,p00310,609
256,p00680,1022
257,p30208,680
258,p31633,625
259,p99100,84
260,p99101,76
261,p99102,106
262,p99898,466
263,p99899,473
264,p00340,315
265,p00530,1222
266,p00723,49
267,p30234,246
268,p30235,38
269,p30236,38
270,p30245,38
271,p30254,38
272,p30255,38
273,p30264,38
274,p30282,37
275,p30295,38
276,p30296,37
277,p30311,38
278,p30324,38
279,p39024,43
280,p39030,47
281,p39051,45
282,p39052,38
283,p39054,40
284,p39055,46
285,p39056,252
286,p39057,40
287,p39750,252
288,p75980,46
289,p75981,54
290,p77441,44
291,p77825,67
292,p81757,54
293,p82184,40
294,p82611,47
295,p82612,260
296,p82615,47
297,p99808,27
298,p99815,20
299,p99861,24
300,p99869,16
301,p01020,1005
302,p01055,801
303,p34221,191
304,p34248,191
305,p34288,193
306,p34377,191
307,p34409,182
308,p34443,191
309,p34459,94
310,p34462,191
311,p34466,187
312,p34470,191
313,p34476,187
314,p34572,191
315,p50284,263
316,p50305,375
317,p50359,359
318,p61705,192
319,p61706,192
320,p62005,206
321,p62054,188
322,p62055,188
323,p62056,188
324,p62057,188
325,p62058,188
326,p62059,173
327,p62060,188
328,p62061,188
329,p62062,188
330,p62063,188
331,p62064,188
332,p62065,189
333,p62066,188
334,p62067,182
335,p62068,188
336,p62069,92
337,p62070,188
338,p62071,188
339,p62072,188
340,p62073,188
341,p62075,189
342,p62076,188
343,p62077,188
344,p62078,188
345,p62079,188
346,p62080,188
347,p62081,188
348,p62082,186
349,p62083,187
350,p62084,188
351,p62085,178
352,p62086,188
353,p62087,188
354,p62088,188
355,p62089,188
356,p62090,188
357,p62091,188
358,p62092,188
359,p62093,188
360,p91741,172
361,p91747,75
362,p99585,188
363,p99586,188
364,p99587,188
365,p00004,1924
366,p00034,5
367,p00041,1010
368,p00063,2090
369,p00335,126
370,p00417,251
371,p00916,514
372,p00927,503
373,p01027,991
374,p01034,776
375,p01042,989
376,p01051,1070
377,p01059,242
378,p01067,816
379,p01092,1040
380,p01097,285
381,p31615,177
382,p31621,52
383,p31685,24
384,p31689,30
385,p32211,55
386,p50015,684
387,p61028,326
388,p62361,65
389,p63675,328
390,p71900,730
391,p72053,393
392,p82079,99
393,p84171,1538
394,p85328,1
395,p99160,125
396,p99165,537
397,p99171,577
398,p99172,408
399,p99173,608
400,p99870,700
401,p99871,232
402,p00029,400
403,p00572,589
404,p00573,563
405,p01095,686
406,p04022,407
407,p04064,149
408,p34790,514
409,p34795,557
410,p34800,561
411,p34805,558
412,p34810,561
413,p34816,487
414,p34825,561
415,p34830,506
416,p34835,551
417,p34840,561
418,p34845,561
419,p34850,561
420,p34855,494
421,p34860,551
422,p34870,498
423,p34875,502
424,p34880,514
425,p34885,545
426,p34890,561
427,p34895,564
428,p34900,508
429,p34905,560
430,p34910,548
431,p34915,561
432,p34920,498
433,p34925,561
434,p34930,551
435,p34935,499
436,p34940,507
437,p34945,551
438,p34950,549
439,p34955,561
440,p34960,507
441,p34965,561
442,p34970,534
443,p34975,521
444,p34980,549
445,p34985,496
446,p35000,559
447,p35005,561
448,p35010,545
449,p35015,498
450,p35020,561
451,p49237,365
452,p49238,365
453,p49239,368
454,p49240,368
455,p49241,368
456,p49242,368
457,p49243,368
458,p49244,368
459,p49245,368
460,p49246,365
461,p49247,365
462,p49248,365
463,p49249,368
464,p49250,368
465,p49251,368
466,p49252,368
467,p49253,368
468,p49254,362
469,p49255,368
470,p49257,368
471,p49258,409
472,p49260,870
473,p49261,336
474,p49264,344
475,p49266,537
476,p49267,535
477,p49269,515
478,p49274,504
479,p49275,471
480,p49276,428
481,p49277,422
482,p49289,375
483,p49316,479
484,p49317,478
485,p49318,478
486,p49319,479
487,p49320,479
488,p49321,479
489,p49322,474
490,p49324,479
491,p49325,459
492,p49326,451
493,p49327,471
494,p49328,479
495,p49329,459
496,p49330,459
497,p49331,479
498,p49332,471
499,p49335,479
500,p49338,479
501,p49339,471
502,p49341,479
503,p49342,479
504,p49343,483
505,p49344,479
506,p49345,479
507,p49346,469
508,p49347,470
509,p49348,479
510,p49349,468
511,p49350,465
512,p49351,479
513,p49353,374
514,p49354,375
515,p49355,369
516,p49356,375
517,p49357,374
518,p49358,375
519,p49359,374
520,p49360,375
521,p49361,375
522,p49362,375
523,p49363,375
524,p49364,375
525,p49365,372
526,p49366,375
527,p49367,372
528,p49368,375
529,p49369,375
530,p49370,375
531,p49371,374
532,p49372,375
533,p49373,374
534,p49374,375
535,p49375,370
536,p49376,375
537,p49377,375
538,p49378,375
539,p49379,375
540,p49380,375
541,p49459,479
542,p49460,616
543,p49465,368
544,p49954,579
545,p62359,504
546,p70950,548
547,p70957,575
548,p70958,117
549,p80164,839
550,p90852,194
551,p90854,248
552,p90863,451
553,p90864,477
554,p90865,369
555,p90866,373
556,p99630,257
557,p99660,219
558,p99818,553
559,p99822,365
560,p99824,363
561,p99852,369
562,p99853,470
563,p99856,639
564,p04254,209
565,p30194,219
566,p30218,209
567,p32104,484
568,p34220,317
569,p34247,318
570,p34336,302
571,p34376,317
572,p34408,346
573,p34461,317
574,p34469,317
575,p34475,485
576,p34571,507
577,p34694,296
578,p34696,478
579,p38932,336
580,p39032,298
581,p39100,304
582,p39570,344
583,p61678,326
584,p61679,326
585,p61680,328
586,p61682,326
587,p61683,328
588,p61685,326
589,p61687,326
590,p61703,207
591,p61704,208
592,p61707,209
593,p61708,215
594,p61944,219
595,p61945,215
596,p61947,215
597,p61948,208
598,p62485,207
599,p62486,207
600,p62805,209
601,p62806,215
602,p62807,207
603,p62808,209
604,p62809,207
605,p62810,215
606,p62811,219
607,p62812,214
608,p62813,209
609,p62814,209
610,p62815,208
611,p62816,207
612,p62817,209
613,p62818,215
614,p62819,208
615,p62823,214
616,p62824,207
617,p62825,209
618,p62826,209
619,p62827,209
620,p62828,209
621,p62829,215
622,p62830,209
623,p62831,209
624,p62832,209
625,p62833,209
626,p62834,209
627,p62841,209
628,p62842,209
629,p63145,201
630,p63147,210
631,p63163,158
632,p63165,158
633,p63166,153
634,p63167,301
635,p63168,159
636,p63170,135
637,p63171,158
638,p63173,158
639,p63174,151
640,p63175,158
641,p63176,158
642,p63178,158
643,p63179,158
644,p63180,301
645,p63181,298
646,p63182,158
647,p63183,301
648,p63184,158
649,p63185,158
650,p63186,158
651,p63187,300
652,p63188,109
653,p63189,158
654,p63192,158
655,p63194,301
656,p63195,158
657,p63196,135
658,p63198,158
659,p63200,151
660,p63201,151
661,p63202,300
662,p63203,158
663,p63206,151
664,p63208,301
665,p63209,158
666,p63210,158
667,p63211,158
668,p63212,158
669,p63213,158
670,p63214,158
671,p63215,158
672,p63218,158
673,p63219,158
674,p63220,302
675,p63221,151
676,p63222,158
677,p63224,301
678,p63225,158
679,p63226,189
680,p63227,335
681,p63229,185
682,p63230,192
683,p63231,192
684,p63232,192
685,p63234,192
686,p64527,74
687,p64528,75
688,p64529,75
689,p64530,75
690,p64531,74
691,p64532,75
692,p64533,74
693,p64534,75
694,p64535,75
695,p64536,75
696,p64537,74
697,p64538,75
698,p64539,75
699,p64540,75
700,p64541,74
701,p64542,75
702,p64543,64
703,p64544,74
704,p64545,75
705,p65064,338
706,p65065,361
707,p65066,333
708,p65067,336
709,p65068,338
710,p65069,340
711,p65070,338
712,p65072,340
713,p65078,340
714,p65080,338
715,p65084,326
716,p65085,340
717,p65087,340
718,p65088,338
719,p65090,340
720,p65091,338
721,p65093,338
722,p65098,338
723,p65102,340
724,p65103,338
725,p65105,340
726,p65107,340
727,p66589,340
728,p66592,326
729,p66596,328
730,p66598,346
731,p66604,340
732,p66607,340
733,p66610,340
734,p66613,340
735,p66620,340
736,p66632,340
737,p66641,336
738,p66643,340
739,p66646,338
740,p66649,340
741,p66651,326
742,p66654,340
743,p66660,340
744,p67305,73
745,p67309,75
746,p67434,165
747,p67435,165
748,p67436,165
749,p67437,165
750,p67439,165
751,p67440,165
752,p67441,165
753,p67442,165
754,p67443,165
755,p67444,165
756,p67445,165
757,p67446,165
758,p67447,165
759,p67448,165
760,p67449,165
761,p67450,165
762,p67451,165
763,p67452,164
764,p67454,165
765,p67455,165
766,p67456,165
767,p67457,165
768,p67458,165
769,p67459,165
770,p67460,165
771,p67461,165
772,p67462,165
773,p67464,165
774,p67466,165
775,p67467,165
776,p67468,165
777,p67469,165
778,p67470,165
779,p67471,165
780,p67472,165
781,p67475,165
782,p67476,165
783,p67477,165
784,p67478,165
785,p67479,165
786,p67480,165
787,p67481,165
788,p67483,165
789,p67484,165
790,p67485,165
791,p67487,164
792,p67488,165
793,p67489,165
794,p67492,165
795,p67493,165
796,p67494,165
797,p67495,165
798,p67496,165
799,p67497,165
800,p67498,165
801,p67499,165
802,p67500,165
803,p67501,165
804,p67502,165
805,p67503,165
806,p67504,165
807,p67505,165
808,p67506,165
809,p67507,165
810,p67508,165
811,p67510,165
812,p67511,165
813,p67512,165
814,p67514,165
815,p67515,165
816,p67516,165
817,p67517,165
818,p67518,165
819,p67519,165
820,p67521,165
821,p67522,165
822,p67523,165
823,p67524,164
824,p67525,165
825,p67527,165
826,p67528,165
827,p67529,165
828,p67530,164
829,p67531,165
830,p67532,165
831,p67534,165
832,p67595,326
833,p67670,336
834,p67685,326
835,p67702,338
836,p67706,336
837,p67995,165
838,p67997,165
839,p67999,165
840,p68000,165
841,p68001,165
842,p68002,165
843,p68005,165
844,p68006,165
845,p68007,165
846,p68008,165
847,p68009,165
848,p68011,165
849,p68012,165
850,p68014,164
851,p68015,164
852,p68017,165
853,p68018,165
854,p68021,165
855,p68022,165
856,p68211,329
857,p68216,332
858,p68226,344
859,p68231,346
860,p68236,336
861,p68240,332
862,p68250,165
863,p68251,165
864,p68252,165
865,p68336,328
866,p68426,347
867,p68437,338
868,p68498,328
869,p68500,328
870,p68502,326
871,p68503,326
872,p68505,326
873,p68508,326
874,p68514,326
875,p68515,314
876,p68517,326
877,p68519,328
878,p68520,328
879,p68521,326
880,p68522,328
881,p68523,322
882,p68524,326
883,p68525,326
884,p68526,326
885,p68527,326
886,p68528,326
887,p68529,326
888,p68530,326
889,p68533,326
890,p68536,326
891,p68538,328
892,p68542,328
893,p68543,328
894,p68545,332
895,p68547,328
896,p68548,331
897,p68549,314
898,p68550,328
899,p68551,314
900,p68552,328
901,p68553,327
902,p68560,326
903,p68561,326
904,p68562,328
905,p68563,326
906,p68564,326
907,p68566,326
908,p68567,326
909,p68568,326
910,p68569,326
911,p68570,332
912,p68571,328
913,p68572,328
914,p68573,328
915,p68574,326
916,p68575,326
917,p68576,328
918,p68577,326
919,p68578,328
920,p68580,328
921,p68581,326
922,p68582,326
923,p68583,326
924,p68586,326
925,p68587,326
926,p68588,326
927,p68589,326
928,p68590,326
929,p68591,326
930,p68594,326
931,p68595,326
932,p68596,328
933,p68597,326
934,p68598,328
935,p68599,326
936,p68600,326
937,p68601,326
938,p68602,326
939,p68603,326
940,p68604,328
941,p68605,326
942,p68606,326
943,p68608,328
944,p68611,323
945,p68612,326
946,p68613,326
947,p68614,326
948,p68615,326
949,p68616,326
950,p68617,317
951,p68618,326
952,p68619,326
953,p68620,305
954,p68621,326
955,p68622,328
956,p68623,326
957,p68624,328
958,p68625,326
959,p68627,332
960,p68632,326
961,p68633,326
962,p68638,326
963,p68639,328
964,p68644,328
965,p68645,328
966,p68647,331
967,p68648,326
968,p68649,326
969,p68650,328
970,p68651,328
971,p68652,328
972,p68653,325
973,p68654,326
974,p68655,329
975,p68656,326
976,p68657,326
977,p68658,326
978,p68659,328
979,p68660,328
980,p68661,326
981,p68662,326
982,p68663,331
983,p68664,326
984,p68665,326
985,p68666,326
986,p68668,326
987,p68669,326
988,p68670,326
989,p68671,326
990,p68672,326
991,p68673,326
992,p68675,326
993,p68676,326
994,p68677,332
995,p68678,328
996,p68679,328
997,p68682,332
998,p68683,326
999,p68684,326
1000,p68685,314
1001,p68686,326
1002,p68687,328
1003,p68688,328
1004,p68689,326
1005,p68690,314
1006,p68691,314
1007,p68692,329
1008,p68693,334
1009,p68694,332
1010,p68695,328
1011,p68696,326
1012,p68697,326
1013,p68698,326
1014,p68699,328
1015,p68700,326
1016,p68701,326
1017,p68702,326
1018,p68703,328
1019,p68704,328
1020,p68708,328
1021,p68710,332
1022,p68711,332
1023,p68712,328
1024,p68713,326
1025,p68714,314
1026,p68769,328
1027,p68871,320
1028,p68872,328
1029,p68873,328
1030,p77146,217
1031,p77223,379
1032,p77571,211
1033,p81436,217
1034,p81696,219
1035,p90509,75
1036,p90511,75
1037,p90516,328
1038,p90517,328
1039,p90518,328
1040,p90519,328
1041,p90520,328
1042,p90521,328
1043,p90522,328
1044,p90523,328
1045,p90524,328
1046,p90527,328
1047,p90529,328
1048,p90552,328
1049,p90553,328
1050,p90554,328
1051,p90555,322
1052,p90556,328
1053,p90558,328
1054,p90624,328
1055,p90625,328
1056,p90737,192
1057,p90738,191
1058,p90781,75
1059,p90808,328
1060,p90827,75
1061,p90832,75
1062,p90836,75
1063,p90851,227
1064,p91100,192
1065,p91119,75
1066,p91616,75
1067,p91680,75
1068,p91682,75
1069,p91683,75
1070,p91742,233
1071,p91748,225
1072,p91749,183
1073,p91755,75
1074,p91756,75
1075,p91769,165
1076,p91772,165
1077,p91773,165
1078,p91774,165
1079,p91775,165
1080,p91776,165
1081,p91777,165
1082,p91778,165
1083,p91779,165
1084,p91780,165
1085,p91781,165
1086,p91782,165
1087,p91783,165
1088,p91784,165
1089,p91786,165
1090,p91787,165
1091,p91788,165
1092,p91789,165
1093,p91790,165
1094,p91986,328
1095,p99963,209
1096,p00694,437
1097,p49570,432
1098,p90904,49
1099,p90905,12
1100,p99872,296
1101,p50286,326
1102,p50624,487
1103,p62649,287
1104,p62721,287
1105,p62722,287
1106,p62855,974
1107,p63041,217
1108,p63162,478
1109,p67609,201
1110,p68511,325
1111,p68641,322
1112,p68646,322
1113,p68680,153
1114,p71834,97
1115,p72219,866
1116,p72220,838
1117,p82690,232
1118,p84174,156
1119,p89011,93
1120,p00668,281
1121,p01003,199
1122,p01098,95
1123,p01153,107
1124,p01170,245
1125,p01375,128
1126,p01376,136
1127,p01377,136
1128,p01378,136
1129,p01379,136
1130,p01380,136
1131,p01381,136
1132,p30241,152
1133,p30243,175
1134,p30272,127
1135,p30274,132
1136,p30278,128
1137,p30280,130
1138,p30283,87
1139,p30287,127
1140,p30289,87
1141,p30297,127
1142,p30301,127
1143,p30305,127
1144,p30309,24
1145,p30312,127
1146,p30320,127
1147,p30322,127
1148,p30327,127
1149,p30329,126
1150,p32002,210
1151,p34480,135
1152,p62456,127
1153,p62457,127
1154,p62458,127
1155,p62459,127
1156,p62463,140
1157,p62465,127
1158,p62466,127
1159,p62468,127
1160,p62470,127
1161,p62475,127
1162,p62477,127
1163,p62597,108
1164,p63610,178
1165,p63631,173
1166,p63650,169
1167,p64095,178
1168,p64097,178
1169,p64099,178
1170,p64100,178
1171,p64101,178
1172,p64102,178
1173,p64103,178
1174,p64104,178
1175,p64105,178
1176,p64106,178
1177,p64107,178
1178,p64108,178
1179,p64109,178
1180,p64111,178
1181,p64112,178
1182,p64113,178
1183,p64114,178
1184,p64115,178
1185,p64116,178
1186,p64117,178
1187,p64118,178
1188,p64119,173
1189,p64120,178
1190,p64121,178
1191,p69052,72
1192,p80165,518
1193,p80166,455
1194,p80167,457
1195,p80168,451
1196,p80169,449
1197,p90754,178
1198,p90755,178
1199,p90756,178
1200,p91107,178
1201,p91122,213
1202,p99203,29
1203,p99105,1049
1204,p00419,352
1205,p00450,306
1206,p04025,281
1207,p04031,223
1208,p04032,216
1209,p04033,216
1210,p04036,422
1211,p04038,386
1212,p30217,194
1213,p32101,316
1214,p32102,317
1215,p32103,304
1216,p32105,316
1217,p32106,316
1218,p34010,318
1219,p34030,318
1220,p34215,168
1221,p34301,317
1222,p34311,232
1223,p34362,231
1224,p34371,318
1225,p34396,219
1226,p34413,278
1227,p34418,273
1228,p34423,318
1229,p34488,243
1230,p34496,317
1231,p34501,318
1232,p34506,317
1233,p34511,282
1234,p34516,234
1235,p34536,343
1236,p34541,316
1237,p34546,317
1238,p34551,288
1239,p34566,292
1240,p34668,247
1241,p34699,281
1242,p34704,281
1243,p38454,271
1244,p38548,208
1245,p38775,322
1246,p39175,318
1247,p39180,315
1248,p39702,236
1249,p49991,130
1250,p49999,139
1251,p50000,139
1252,p50002,130
1253,p50004,166
1254,p50005,166
1255,p50299,208
1256,p50300,208
1257,p50306,208
1258,p50337,208
1259,p50355,247
1260,p50356,208
1261,p50364,208
1262,p50407,208
1263,p50470,204
1264,p50471,208
1265,p61585,271
1266,p61586,271
1267,p61590,231
1268,p61591,271
1269,p61593,271
1270,p61594,271
1271,p61595,231
1272,p61596,271
1273,p61598,271
1274,p61599,271
1275,p61600,231
1276,p61601,267
1277,p61606,231
1278,p61610,248
1279,p61618,271
1280,p61620,271
1281,p61625,287
1282,p61627,231
1283,p61633,272
1284,p61635,271
1285,p61636,270
1286,p61638,95
1287,p61640,231
1288,p61644,257
1289,p61645,271
1290,p61646,271
1291,p61652,271
1292,p61664,271
1293,p61666,271
1294,p61668,258
1295,p61674,271
1296,p61692,208
1297,p61693,208
1298,p61694,208
1299,p61695,208
1300,p61697,208
1301,p61744,46
1302,p61759,46
1303,p62166,369
1304,p62167,369
1305,p62168,369
1306,p62169,369
1307,p62170,369
1308,p62650,8
1309,p62651,8
1310,p62680,8
1311,p62694,46
1312,p62751,8
1313,p62781,46
1314,p62792,43
1315,p62835,69
1316,p63727,46
1317,p63728,6
1318,p63729,46
1319,p63730,6
1320,p63731,46
1321,p64047,46
1322,p64175,46
1323,p66496,113
1324,p73547,130
1325,p73570,130
1326,p77032,68
1327,p77035,68
1328,p77041,191
1329,p77073,5
1330,p77093,279
1331,p77103,141
1332,p77128,304
1333,p77135,249
1334,p77168,190
1335,p77170,194
1336,p77173,194
1337,p77220,139
1338,p77221,139
1339,p77222,248
1340,p77224,248
1341,p77226,199
1342,p77275,190
1343,p77277,194
1344,p77297,233
1345,p77342,199
1346,p77350,248
1347,p77353,199
1348,p77356,199
1349,p77424,130
1350,p77443,242
1351,p77562,243
1352,p77613,190
1353,p77651,259
1354,p77652,216
1355,p78032,294
1356,p78109,130
1357,p78133,141
1358,p79846,231
1359,p79847,231
1360,p81552,151
1361,p81555,190
1362,p81576,162
1363,p81577,154
1364,p81593,130
1365,p81595,154
1366,p81597,130
1367,p81607,134
1368,p82346,273
1369,p82625,243
1370,p82662,271
1371,p85795,245
1372,p90640,208
1373,p90797,63
1374,p90867,316
1375,p90902,364
1376,p99571,63
1377,p99572,66
1378,p99832,265
1379,p99833,214
1380,p99834,214
1381,p99840,208
1382,p99958,208
1383,p99959,208
1384,p99972,258
1385,p99994,258
1386,p99995,258
1387,p80170,242
1388,p80171,210
1389,p80172,181
1390,p00905,740
1391,p01077,451
1392,p30210,19
1393,p72019,19
1394,p00080,277
1395,p00720,168
1396,p00745,53
1397,p01007,463
1398,p01012,403
1399,p01037,273
1400,p01062,197
1401,p01105,639
1402,p01132,191
1403,p01300,984
1404,p01320,1009
1405,p01325,1008
1406,p01330,1005
1407,p01340,979
1408,p01345,1069
1409,p01350,1049
1410,p31616,296
1411,p34200,125
1412,p34205,125
1413,p34230,125
1414,p34242,125
1415,p34320,125
1416,p34381,125
1417,p34403,125
1418,p34447,181
1419,p34521,125
1420,p34526,125
1421,p34556,125
1422,p49278,501
1423,p49279,503
1424,p71833,92
1425,p72105,972
1426,p90909,111
1427,p99631,130
1428,p99813,50
1429,p99820,211
1430,p99848,217
1431,p99855,102
1432,p72103,354
1433,p00418,120
1434,p04039,186
1435,p34257,67
1436,p39076,68
1437,p39333,155
1438,p39343,147
1439,p39363,147
1440,p39368,147
1441,p39373,147
1442,p39383,155
1443,p39389,146
1444,p39393,155
1445,p39403,155
1446,p39413,146
1447,p39423,155
1448,p39481,155
1449,p39507,73
1450,p39511,73
1451,p39701,78
1452,p39758,154
1453,p46343,58
1454,p50295,128
1455,p50410,25
1456,p61159,74
1457,p61649,103
1458,p61696,25
1459,p62538,44
1460,p62539,44
1461,p62540,44
1462,p62541,43
1463,p62542,44
1464,p62543,44
1465,p62544,44
1466,p62545,44
1467,p62546,35
1468,p62547,42
1469,p62548,67
1470,p62549,67
1471,p62550,67
1472,p62551,67
1473,p62552,67
1474,p62553,67
1475,p62554,67
1476,p62555,74
1477,p62556,67
1478,p62557,67
1479,p62558,67
1480,p62560,67
1481,p62561,67
1482,p62562,74
1483,p62563,45
1484,p62565,67
1485,p62566,67
1486,p62568,67
1487,p62594,119
1488,p62595,118
1489,p62596,118
1490,p62802,59
1491,p62803,58
1492,p62804,58
1493,p62836,58
1494,p62837,58
1495,p62838,48
1496,p62854,474
1497,p90855,159
1498,p99112,443
1499,p99750,86
1500,p99827,85
1501,p99962,58
1502,p00003,522
1503,p49273,399
1504,p99583,38
1505,p01028,226
1506,p01029,204
1507,p01038,176
1508,p01043,210
1509,p01052,231
1510,p01053,202
1511,p01093,214
1512,p01148,73
1513,p31751,1
1514,p34609,24
1515,p39251,87
1516,p39351,98
1517,p39519,100
1518,p39731,9
1519,p39741,9
1520,p39761,9
1521,p71921,202
1522,p81886,89
1523,p01310,118
1524,p00447,270
1525,p00495,150
1526,p01068,172
1527,p01082,288
1528,p04060,90
1529,p28011,122
1530,p34273,102
1531,p34278,102
1532,p34283,102
1533,p34292,102
1534,p34341,102
1535,p34386,164
1536,p34428,102
1537,p34433,102
1538,p34438,100
1539,p34452,97
1540,p34581,102
1541,p34586,97
1542,p34591,97
1543,p34596,102
1544,p34601,97
1545,p34606,97
1546,p34611,102
1547,p34616,97
1548,p34621,97
1549,p34626,102
1550,p34631,95
1551,p34636,102
1552,p34641,102
1553,p34646,97
1554,p34657,93
1555,p34815,102
1556,p39110,102
1557,p39700,103
1558,p49270,455
1559,p49271,469
1560,p49272,454
1561,p49280,500
1562,p49381,460
1563,p49382,449
1564,p49383,454
1565,p49384,456
1566,p49387,475
1567,p49388,471
1568,p49389,483
1569,p49390,475
1570,p49391,449
1571,p49392,449
1572,p49393,473
1573,p49394,449
1574,p49395,454
1575,p49396,454
1576,p49397,482
1577,p49398,477
1578,p49399,477
1579,p49400,471
1580,p49401,457
1581,p49402,474
1582,p49403,471
1583,p49404,473
1584,p49405,472
1585,p49406,472
1586,p49407,454
1587,p49408,479
1588,p49409,478
1589,p49410,472
1590,p49411,471
1591,p49413,455
1592,p49421,450
1593,p49422,450
1594,p49424,449
1595,p49426,460
1596,p49427,457
1597,p49428,483
1598,p49429,480
1599,p49430,454
1600,p49431,448
1601,p49433,449
1602,p49434,482
1603,p49435,476
1604,p49436,476
1605,p49437,453
1606,p49438,454
1607,p49439,454
1608,p49441,454
1609,p49442,455
1610,p49443,451
1611,p49444,449
1612,p49446,591
1613,p49449,453
1614,p49450,478
1615,p49451,478
1616,p49452,453
1617,p49454,454
1618,p49455,455
1619,p49456,50
1620,p49458,482
1621,p49461,477
1622,p49466,472
1623,p49467,448
1624,p49468,450
1625,p49948,471
1626,p62360,289
1627,p64847,138
1628,p64848,116
1629,p64906,137
1630,p70953,411
1631,p82626,88
1632,p90630,51
1633,p90652,55
1634,p90853,86
1635,p91820,51
1636,p91821,70
1637,p91822,70
1638,p99854,73
1639,p00693,70
1640,p39399,48
1641,p39531,220
1642,p39541,48
1643,p39571,220
1644,p39601,212
1645,p39787,39
1646,p70954,111
1647,p90568,10
1648,p90575,10
1649,p90710,9
1650,p99646,11
1651,p99825,436
1652,p99952,5
1653,p99953,9
1654,p99954,33
1655,p99955,33
1656,p31613,29
1657,p32240,5
1658,p38260,57
1659,p90903,26
1660,p90915,45
1661,p00688,285
1662,p49281,26
1663,p61702,161
1664,p61726,162
1665,p62839,32
1666,p62840,35
1667,p70332,200
1668,p70333,196
1669,p70334,183
1670,p70335,223
1671,p70337,236
1672,p70338,239
1673,p70339,223
1674,p70340,235
1675,p70341,205
1676,p70342,135
1677,p70343,129
1678,p70344,124
1679,p70345,115
1680,p72196,109
1681,p72199,63
1682,p72217,47
1683,p72218,49
1684,p90861,264
1685,p91157,663
1686,p00009,895
1687,p00078,29
1688,p31693,32
1689,p50014,253
1690,p50016,241
1691,p70346,56
1692,p70347,12
1693,p72005,66
1694,p72104,1097
1695,p80158,81
1696,p80159,32
1697,p80160,30
1698,p80161,28
1699,p80162,33
1700,p80163,46
1701,p81903,385
1702,p81904,928
1703,p90901,19
1704,p91158,452
1705,p91159,453
1706,p00077,31
1707,p00496,15
1708,p04023,33
1709,p38535,225
1710,p50332,17
1711,p50375,17
1712,p50377,17
1713,p61709,97
1714,p61741,16
1715,p61742,16
1716,p61752,16
1717,p61753,17
1718,p61754,17
1719,p99161,227
1720,p99163,404
1721,p99164,85
1722,p29802,84
1723,p31501,120
1724,p61743,5
1725,p61760,5
1726,p62023,80
1727,p62717,7
1728,p62757,45
1729,p62759,7
1730,p62771,45
1731,p62797,46
1732,p62889,5
1733,p62890,5
1734,p62891,5
1735,p62892,5
1736,p62893,5
1737,p62894,45
1738,p62895,45
1739,p62896,45
1740,p62897,45
1741,p62898,45
1742,p62899,45
1743,p62900,45
1744,p62901,5
1745,p62962,45
1746,p62963,45
1747,p63674,45
1748,p99176,42
1749,p99584,47
1750,p72000,61
1751,p81024,77
1752,p99849,178
1753,p99850,248
1754,p99202,112
1755,p72025,2
1756,p72013,3
1757,p00408,39
1758,p00929,338
1759,p00937,329
1760,p00956,81
1761,p01022,338
1762,p01087,169
1763,p34307,10
1764,p34316,10
1765,p34328,10
1766,p39087,59
1767,p49415,19
1768,p50009,113
1769,p50319,10
1770,p50374,57
1771,p51307,10
1772,p51308,10
1773,p51309,10
1774,p51310,10
1775,p51311,10
1776,p51312,10
1777,p51313,10
1778,p51314,10
1779,p51315,10
1780,p51316,10
1781,p51317,10
1782,p51318,10
1783,p51319,10
1784,p51320,10
1785,p51321,10
1786,p51322,10
1787,p51323,10
1788,p51324,10
1789,p51325,10
1790,p51326,10
1791,p51327,10
1792,p51328,10
1793,p51329,10
1794,p51330,10
1795,p61029,113
1796,p61030,113
1797,p61031,113
1798,p61043,113
1799,p61044,114
1800,p61588,82
1801,p61745,55
1802,p61749,56
1803,p61750,56
1804,p61751,57
1805,p61755,56
1806,p61762,41
1807,p61951,107
1808,p61952,106
1809,p62014,42
1810,p62481,82
1811,p62482,108
1812,p62483,108
1813,p62676,58
1814,p62678,58
1815,p62766,59
1816,p62767,59
1817,p62774,40
1818,p62775,41
1819,p62776,41
1820,p62778,41
1821,p62793,76
1822,p62847,58
1823,p62848,58
1824,p62849,44
1825,p62850,44
1826,p63154,36
1827,p63777,23
1828,p63778,24
1829,p63779,23
1830,p63780,24
1831,p63781,23
1832,p63782,24
1833,p63783,23
1834,p63784,23
1835,p63785,23
1836,p64045,23
1837,p65071,29
1838,p65073,29
1839,p65074,29
1840,p65075,29
1841,p65076,29
1842,p65077,29
1843,p65081,29
1844,p65082,29
1845,p65083,29
1846,p65089,29
1847,p65092,29
1848,p65094,29
1849,p65095,29
1850,p65096,29
1851,p65097,29
1852,p65099,29
1853,p65100,29
1854,p65101,29
1855,p65104,29
1856,p65106,29
1857,p65108,29
1858,p65194,40
1859,p66495,40
1860,p66584,44
1861,p66586,29
1862,p66593,29
1863,p66617,29
1864,p66623,29
1865,p66637,29
1866,p66639,29
1867,p66657,29
1868,p67536,27
1869,p67550,27
1870,p67562,27
1871,p67574,27
1872,p67582,27
1873,p67604,27
1874,p67613,27
1875,p67618,27
1876,p67622,27
1877,p67636,27
1878,p67640,27
1879,p67645,27
1880,p67649,27
1881,p67653,27
1882,p67662,27
1883,p67717,27
1884,p67731,27
1885,p67741,27
1886,p67746,27
1887,p67753,27
1888,p67758,27
1889,p67768,27
1890,p68221,57
1891,p68245,57
1892,p68302,57
1893,p68315,22
1894,p68322,27
1895,p68354,27
1896,p68373,27
1897,p68379,57
1898,p68485,57
1899,p00064,257
1900,p82696,8
1901,p99775,17
1902,p30006,3
1903,p82938,4
1904,p00032,518
1905,p00035,341
1906,p00090,29
1907,p63767,13
1908,p84184,95
1909,p99140,77
1910,p99168,66
1911,p00535,349
1912,p00540,303
1913,p49953,30
1914,p70949,32
1915,p81353,35
1916,p81354,35
1917,p99162,309
1918,p07000,88
1919,p75985,68
1920,p82082,379
1921,p82085,381
1922,p80181,1
1923,p80182,1
1924,p80183,1
1925,p80184,1
1926,p80185,1
1927,p00611,94
1928,p00626,112
1929,p00633,54
1930,p00686,62
1931,p00687,82
1932,p38930,7
1933,p38931,7
1934,p39791,26
1935,p00320,2
1936,p99103,14
1937,p77033,2
1938,p32218,41
1939,p32230,17
1940,p32231,17
1941,p32232,14
1942,p01057,361
1943,p62172,10
1944,p00691,69
1945,p00903,326
1946,p00953,1
1947,p01015,34
1948,p01072,29
1949,p01100,27
1950,p01110,29
1951,p01115,24
1952,p01135,35
1953,p01150,40
1954,p01154,6
1955,p01155,18
1956,p01160,18
1957,p01180,34
1958,p01187,17
1959,p01194,29
1960,p01201,34
1961,p01519,21
1962,p09503,6
1963,p22601,8
1964,p22603,15
1965,p22606,8
1966,p22610,15
1967,p22620,15
1968,p22622,8
1969,p28013,7
1970,p29804,44
1971,p39036,353
1972,p50573,29
1973,p50574,29
1974,p50575,29
1975,p50577,29
1976,p50579,29
1977,p50582,29
1978,p50583,12
1979,p50585,20
1980,p50586,29
1981,p50587,29
1982,p50932,29
1983,p62636,9
1984,p62639,9
1985,p62642,9
1986,p62645,9
1987,p62844,29
1988,p71830,88
1989,p81366,21
1990,p82323,29
1991,p82331,29
1992,p82365,25
1993,p85817,23
1994,p99158,137
1995,p99166,203
1996,p99174,241
1997,p01120,31
1998,p31648,66
1999,p31806,6
2000,p31808,12
2001,p31810,9
2002,p50468,346
2003,p50569,254
2004,p68203,14
2005,p68206,15
2006,p70336,118
2007,p91000,14
2008,p01507,5
2009,p04102,3
2010,p04103,2
2011,p04113,3
2012,p04125,11
2013,p34792,29
2014,p34802,29
2015,p34807,29
2016,p34812,29
2017,p34817,17
2018,p34827,29
2019,p34832,17
2020,p34837,17
2021,p34842,29
2022,p34847,29
2023,p34852,29
2024,p34857,17
2025,p34862,17
2026,p34872,17
2027,p34877,17
2028,p34882,29
2029,p34887,17
2030,p34892,29
2031,p34897,29
2032,p34902,17
2033,p34907,29
2034,p34917,29
2035,p34922,17
2036,p34927,29
2037,p34932,17
2038,p34937,18
2039,p34942,17
2040,p34947,17
2041,p34957,29
2042,p34962,17
2043,p34967,29
2044,p34977,18
2045,p34982,17
2046,p34987,22
2047,p34992,29
2048,p35002,29
2049,p35007,29
2050,p35012,17
2051,p35017,18
2052,p35022,29
2053,p75936,5
2054,p75939,5
2055,p75940,7
2056,p75941,3
2057,p75942,7
2058,p75943,3
2059,p75944,6
2060,p75947,3
2061,p75952,5
2062,p75953,5
2063,p75955,7
2064,p75965,5
2065,p75966,5
2066,p75975,7
2067,p76007,2
2068,p01023,100
2069,p01063,99
2070,p64849,77
2071,p99177,61
2072,p00946,151
2073,p00978,8
2074,p00985,6
2075,p00999,14
2076,p01113,15
2077,p01117,9
2078,p01137,9
2079,p01152,14
2080,p01189,2
2081,p22704,4
2082,p00045,13
2083,p17503,1
2084,p26503,4
2085,p29816,50
2086,p29818,50
2087,p29820,45
2088,p29822,48
2089,p29826,50
2090,p29829,50
2091,p29832,61
2092,p29836,61
2093,p29839,50
2094,p29841,43
2095,p29843,47
2096,p29845,49
2097,p29847,49
2098,p29850,50
2099,p29853,48
2100,p29855,50
2101,p30221,50
2102,p30244,42
2103,p30269,50
2104,p30292,46
2105,p30308,41
2106,p30317,50
2107,p35031,50
2108,p35040,44
2109,p35046,44
2110,p35050,45
2111,p49955,42
2112,p49960,2
2113,p49961,2
2114,p49964,2
2115,p49965,2
2116,p50279,43
2117,p50465,36
2118,p61738,4
2119,p62845,23
2120,p75937,4
2121,p75946,1
2122,p75948,1
2123,p75949,1
2124,p75976,4
2125,p75991,5
2126,p75992,5
2127,p75994,5
2128,p75995,1
2129,p75997,3
2130,p75999,3
2131,p76000,5
2132,p99106,30
2133,p99200,214
2134,p99323,4
2135,p99326,1
2136,p99337,4
2137,p50042,4
2138,p75993,16
2139,p00011,41
2140,p99167,88
2141,p04117,81
2142,p04119,118
2143,p04120,95
2144,p04121,75
2145,p04122,36
2146,p30333,101
2147,p80225,70
2148,p80226,117
2149,p80227,121
2150,p80228,124
2151,p80229,125
2152,p80230,126
2153,p80231,125
2154,p80232,117
2155,p80233,112
2156,p80234,107
2157,p80235,64
2158,p80236,44
2159,p82073,136
2160,p71832,3
2161,p69273,31
2162,p00115,253
2163,p82081,29
2164,p80173,109
2165,p80174,47
2166,p63172,77
2167,p63235,166
2168,p00055,95
2169,p31767,6
2170,p49425,24
2171,p63682,6
2172,p68202,8
2173,p99601,32
2174,p32730,161
2175,p00556,73
2176,p00557,5
2177,p34203,103
2178,p34208,109
2179,p34210,63
2180,p34223,111
2181,p34233,111
2182,p34245,112
2183,p34250,112
2184,p34276,20
2185,p34281,20
2186,p34286,20
2187,p34295,20
2188,p34323,112
2189,p34339,20
2190,p34344,20
2191,p34379,110
2192,p34384,110
2193,p34389,20
2194,p34399,20
2195,p34406,105
2196,p34411,20
2197,p34431,20
2198,p34436,20
2199,p34441,19
2200,p34445,126
2201,p34450,20
2202,p34455,20
2203,p34464,112
2204,p34472,110
2205,p34524,109
2206,p34529,111
2207,p34539,21
2208,p34554,21
2209,p34559,112
2210,p34569,21
2211,p34574,21
2212,p34576,83
2213,p34584,20
2214,p34589,20
2215,p34594,20
2216,p34599,20
2217,p34604,20
2218,p34614,20
2219,p34619,20
2220,p34624,20
2221,p34629,20
2222,p34639,20
2223,p34644,20
2224,p34649,20
2225,p34660,20
2226,p34695,20
2227,p34912,22
2228,p34952,18
2229,p39034,141
2230,p39061,20
2231,p39102,20
2232,p39112,20
2233,p39120,25
2234,p39250,141
2235,p39330,206
2236,p39340,207
2237,p39350,206
2238,p39360,168
2239,p39365,168
2240,p39370,162
2241,p39380,206
2242,p39388,161
2243,p39390,206
2244,p39400,201
2245,p39410,206
2246,p39420,206
2247,p39480,172
2248,p39516,161
2249,p39705,21
2250,p39755,161
2251,p81551,139
2252,p99865,90
2253,p00008,78
2254,p00552,45
2255,p34259,53
2256,p34351,48
2257,p34356,54
2258,p34361,56
2259,p34366,54
2260,p34671,56
2261,p39062,45
2262,p39065,45
2263,p39300,56
2264,p39310,49
2265,p39320,49
2266,p39337,54
2267,p39338,53
2268,p39488,60
2269,p39492,60
2270,p39496,56
2271,p39500,60
2272,p39504,60
2273,p39508,60
2274,p45501,5
2275,p76002,6
2276,p81648,18
2277,p82303,9
2278,p90570,25
2279,p99760,2
2280,p99778,18
2281,p99781,18
2282,p99814,10
2283,p99817,37
2284,p99866,44
2285,p99897,13
2286,p99931,43
2287,p71865,55
2288,p75978,47
2289,p39011,131
2290,p39023,133
2291,p39040,134
2292,p39398,134
2293,p39530,138
2294,p39540,134
2295,p39600,135
2296,p39786,134
2297,p82614,134
2298,p99868,106
2299,p99895,11
2300,p99896,11
2301,p00951,125
2302,p29813,24
2303,p00094,75
2304,p99800,10
2305,p00402,3
2306,p03519,3
2307,p09501,3
2308,p63018,3
2309,p39720,62
2310,p39730,132
2311,p39740,126
2312,p39760,127
2313,p82052,66
2314,p82183,125
2315,p00917,98
2316,p00924,97
2317,p00934,33
2318,p00938,87
2319,p01108,91
2320,p04002,2
2321,p04008,2
2322,p04010,2
2323,p04017,2
2324,p04019,2
2325,p04021,2
2326,p63121,2
2327,p63122,2
2328,p63123,2
2329,p63124,2
2330,p63125,2
2331,p63126,2
2332,p63127,2
2333,p63128,2
2334,p63129,2
2335,p63130,2
2336,p63131,2
2337,p63132,2
2338,p63133,2
2339,p63134,2
2340,p63135,2
2341,p63136,2
2342,p63138,2
2343,p63400,2
2344,p63415,3
2345,p63432,2
2346,p63457,2
2347,p63468,2
2348,p63492,2
2349,p63496,2
2350,p65046,2
2351,p65086,2
2352,p65116,2
2353,p65117,2
2354,p65118,2
2355,p65119,2
2356,p65120,2
2357,p65121,2
2358,p65122,3
2359,p65123,3
2360,p65124,2
2361,p65125,14
2362,p65126,2
2363,p65128,2
2364,p65129,3
2365,p65130,2
2366,p65131,3
2367,p65133,2
2368,p65134,3
2369,p65135,2
2370,p65136,2
2371,p65137,2
2372,p65138,2
2373,p65139,2
2374,p65140,2
2375,p65141,2
2376,p65142,2
2377,p65143,3
2378,p65144,3
2379,p65145,2
2380,p65146,2
2381,p65147,3
2382,p65148,3
2383,p65149,2
2384,p66587,3
2385,p66590,2
2386,p66594,2
2387,p66601,2
2388,p66602,2
2389,p66603,2
2390,p66605,2
2391,p66608,2
2392,p66611,2
2393,p66614,2
2394,p66616,2
2395,p66619,2
2396,p66621,2
2397,p66624,2
2398,p66633,2
2399,p66635,2
2400,p66638,2
2401,p66640,2
2402,p66644,2
2403,p66652,2
2404,p66655,2
2405,p66658,3
2406,p66661,2
2407,p80222,18
2408,p45013,63
2409,p45022,63
2410,p45028,72
2411,p49538,67
2412,p50985,67
2413,p62174,67
2414,p68066,63
2415,p68726,67
2416,p68728,63
2417,p68729,63
2418,p68730,63
2419,p68732,63
2420,p68733,63
2421,p76997,64
2422,p77015,63
2423,p77034,63
2424,p77061,63
2425,p77076,63
2426,p77097,63
2427,p77113,63
2428,p77119,67
2429,p77179,63
2430,p77201,63
2431,p77310,63
2432,p77311,63
2433,p77323,67
2434,p77419,63
2435,p77548,63
2436,p78200,71
2437,p80336,63
2438,p81563,67
2439,p81578,63
2440,p81582,73
2441,p81583,63
2442,p81585,63
2443,p81590,67
2444,p81604,67
2445,p85668,67
2446,p90576,78
2447,p90607,69
2448,p90695,68
2449,p90696,68
2450,p90701,63
2451,p90703,63
2452,p04118,61
2453,p72006,27
2454,p81352,22
2455,p82074,125
2456,p91110,27
2457,p91111,26
2458,p91112,1
2459,p91113,1
2460,p91114,1
2461,p62978,153
2462,p62979,145
2463,p92512,8
2464,p93147,3
2465,p00098,108
2466,p50285,184
2467,p50287,195
2468,p62976,150
2469,p00670,29
2470,p00678,37
2471,p46568,11
2472,p63673,8
2473,p00669,8
2474,p00672,10
2475,p00673,13
2476,p00677,12
2477,p50276,86
2478,p70354,7
2479,p70355,7
2480,p70356,7
2481,p70357,7
2482,p70358,7
2483,p70359,7
2484,p70360,7
2485,p70361,7
2486,p70362,7
2487,p70363,7
2488,p70364,7
2489,p70365,7
2490,p70366,7
2491,p70367,7
2492,p70368,7
2493,p91050,6
2494,p91058,6
2495,p29803,32
2496,p62052,13
2497,p62053,12
2498,p62074,13
2499,p62484,12
2500,p80175,33
2501,p91164,52
2502,p91165,114
2503,p69314,37
2504,p80209,5
2505,p62340,41
2506,p62342,41
2507,p62344,2
2508,p00021,74
2509,p99175,37
2510,p29807,40
2511,p01008,47
2512,p01013,84
2513,p01078,82
2514,p01083,64
2515,p01103,80
2516,p01431,37
2517,p01434,88
2518,p01436,88
2519,p04005,174
2520,p04006,174
2521,p04042,84
2522,p04043,89
2523,p04044,89
2524,p04045,89
2525,p04046,89
2526,p04047,89
2527,p04049,89
2528,p04050,84
2529,p04051,89
2530,p04052,89
2531,p04053,89
2532,p04054,89
2533,p04056,89
2534,p32296,51
2535,p32297,51
2536,p32298,51
2537,p32299,51
2538,p32300,51
2539,p32301,51
2540,p32302,51
2541,p32304,51
2542,p32305,51
2543,p32307,51
2544,p32309,51
2545,p32310,51
2546,p32311,51
2547,p32312,51
2548,p32313,51
2549,p32331,48
2550,p39046,174
2551,p39050,167
2552,p39301,184
2553,p39311,184
2554,p39321,184
2555,p39631,182
2556,p52901,51
2557,p52902,51
2558,p53627,32
2559,p53628,32
2560,p53629,32
2561,p53630,32
2562,p53631,32
2563,p53632,32
2564,p53633,32
2565,p53634,32
2566,p53635,26
2567,p53636,32
2568,p53637,32
2569,p53638,32
2570,p53639,32
2571,p53640,32
2572,p53641,32
2573,p53642,32
2574,p53643,32
2575,p53645,32
2576,p53646,32
2577,p53647,32
2578,p53648,32
2579,p53649,32
2580,p53650,32
2581,p53651,63
2582,p53652,63
2583,p53653,63
2584,p53654,79
2585,p53655,79
2586,p53656,79
2587,p53657,79
2588,p53658,79
2589,p53659,79
2590,p53660,79
2591,p53661,79
2592,p53662,79
2593,p53663,63
2594,p53664,79
2595,p53665,63
2596,p53666,79
2597,p53667,79
2598,p53668,79
2599,p53669,79
2600,p53670,79
2601,p53671,79
2602,p53672,79
2603,p53673,79
2604,p53674,79
2605,p53675,79
2606,p53676,79
2607,p53677,79
2608,p53678,79
2609,p53679,79
2610,p53680,79
2611,p53681,79
2612,p53682,79
2613,p53683,79
2614,p53684,79
2615,p53685,79
2616,p53686,79
2617,p53687,79
2618,p53688,79
2619,p53689,79
2620,p53690,79
2621,p53691,79
2622,p53692,79
2623,p53693,79
2624,p53694,79
2625,p53695,79
2626,p53696,79
2627,p53697,79
2628,p53698,79
2629,p53699,79
2630,p53700,79
2631,p53701,79
2632,p53702,79
2633,p53703,79
2634,p53704,79
2635,p53705,79
2636,p53706,79
2637,p53707,79
2638,p53708,79
2639,p53709,79
2640,p53710,79
2641,p53711,79
2642,p53712,79
2643,p53713,79
2644,p53714,79
2645,p53715,79
2646,p53716,79
2647,p53717,79
2648,p53718,79
2649,p53719,79
2650,p53720,79
2651,p53721,79
2652,p53722,79
2653,p53723,79
2654,p53724,79
2655,p61034,83
2656,p61041,88
2657,p61714,88
2658,p61715,83
2659,p61717,88
2660,p61718,83
2661,p61719,88
2662,p61720,83
2663,p61721,83
2664,p61722,88
2665,p61723,83
2666,p61724,83
2667,p61725,88
2668,p62046,164
2669,p62047,180
2670,p62461,172
2671,p62902,174
2672,p62904,161
2673,p62905,174
2674,p62977,138
2675,p64150,158
2676,p64151,183
2677,p64152,170
2678,p64153,174
2679,p64154,174
2680,p64155,174
2681,p64156,183
2682,p64158,174
2683,p64159,183
2684,p64160,174
2685,p64161,174
2686,p64163,170
2687,p64164,174
2688,p64165,174
2689,p64166,170
2690,p64167,174
2691,p64168,183
2692,p64169,174
2693,p64170,174
2694,p64171,174
2695,p65109,183
2696,p65110,175
2697,p65111,175
2698,p65112,175
2699,p65113,175
2700,p65114,175
2701,p65212,79
2702,p65213,79
2703,p65214,79
2704,p65236,87
2705,p66585,174
2706,p66588,175
2707,p66591,161
2708,p66595,161
2709,p66606,174
2710,p66609,174
2711,p66612,173
2712,p66615,174
2713,p66618,174
2714,p66622,161
2715,p66625,174
2716,p66634,161
2717,p66642,162
2718,p66645,161
2719,p66648,161
2720,p66650,161
2721,p66656,161
2722,p66659,175
2723,p66662,161
2724,p67538,162
2725,p67552,161
2726,p67564,162
2727,p67576,161
2728,p67584,161
2729,p67606,162
2730,p67611,161
2731,p67615,157
2732,p67620,161
2733,p67624,161
2734,p67638,161
2735,p67642,161
2736,p67647,161
2737,p67651,157
2738,p67655,161
2739,p67664,161
2740,p67672,161
2741,p67708,162
2742,p67719,161
2743,p67733,175
2744,p67743,161
2745,p67748,161
2746,p67755,161
2747,p67760,161
2748,p67765,161
2749,p67770,161
2750,p68324,161
2751,p68356,162
2752,p68375,161
2753,p68439,161
2754,p68876,131
2755,p68878,162
2756,p68880,162
2757,p68882,162
2758,p68884,162
2759,p68886,162
2760,p68888,162
2761,p68891,162
2762,p68893,162
2763,p68895,162
2764,p68897,161
2765,p68899,161
2766,p68901,161
2767,p68903,162
2768,p68905,162
2769,p68907,162
2770,p68909,162
2771,p68911,161
2772,p68913,162
2773,p68915,158
2774,p68917,158
2775,p68919,162
2776,p78688,174
2777,p81404,188
2778,p82402,170
2779,p90395,82
2780,p91156,89
2781,p99155,65
2782,p00001,23
2783,p00042,2
2784,p49932,38
2785,p82727,16
2786,p49933,11
2787,p49934,11
2788,p99119,7
2789,p99127,13
2790,p39790,57
2791,p77057,38
2792,p00031,10
2793,p00425,7
2794,p91145,41
2795,p65235,5
2796,p99207,66
2797,p91160,10
2798,p91161,33
2799,p91162,64
2800,p69038,8
2801,p80237,1
2802,p91166,41
2803,p99204,53
2804,p49221,7
2805,p83298,6
2806,p63786,20
2807,p63788,17
2808,p99430,54
2809,p32316,5
2810,p39331,7
2811,p39352,7
2812,p39361,7
2813,p39366,7
2814,p39371,7
2815,p39391,7
2816,p39401,7
2817,p39411,7
2818,p39421,7
2819,p39517,7
2820,p39756,7
2821,p82348,7
2822,p82350,5
2823,p82354,7
2824,p82360,7
2825,p99803,2
2826,p99863,2
2827,p49419,16
2828,p34357,34
2829,p38716,34
2830,p38801,34
2831,p51643,10
2832,p51651,10
2833,p51836,10
2834,p51837,10
2835,p51838,10
2836,p51839,10
2837,p51840,10
2838,p51841,10
2839,p51842,10
2840,p51843,10
2841,p51844,10
2842,p51845,10
2843,p51846,10
2844,p51847,10
2845,p51848,10
2846,p51849,10
2847,p51850,10
2848,p51851,10
2849,p51852,10
2850,p51853,7
2851,p51854,7
2852,p51855,7
2853,p51856,7
2854,p51858,7
2855,p51861,7
2856,p51862,7
2857,p51863,7
2858,p51864,7
2859,p51865,7
2860,p51866,7
2861,p52648,5
2862,p52761,5
2863,p52762,5
2864,p61580,34
2865,p61592,35
2866,p61602,34
2867,p61603,34
2868,p61604,34
2869,p61605,34
2870,p61607,34
2871,p61611,34
2872,p61614,34
2873,p61615,51
2874,p61617,34
2875,p61629,30
2876,p61630,34
2877,p61631,34
2878,p61634,31
2879,p61637,34
2880,p61641,34
2881,p61642,34
2882,p61647,34
2883,p61660,34
2884,p61663,34
2885,p61665,30
2886,p61669,34
2887,p61671,31
2888,p61672,31
2889,p64162,28
2890,p67161,7
2891,p67732,1
2892,p68360,10
2893,p71994,9
2894,p79842,34
2895,p79843,34
2896,p79844,34
2897,p79845,34
2898,p90712,45
2899,p99223,34
2900,p99224,34
2901,p99804,74
2902,p99839,35
2903,p64178,124
2904,p69053,25
2905,p69054,27
2906,p69057,25
2907,p69058,28
2908,p69061,25
2909,p69062,30
2910,p69064,25
2911,p69639,27
2912,p69643,27
2913,p69647,27
2914,p69651,27
2915,p69655,27
2916,p69659,27
2917,p69663,27
2918,p69667,27
2919,p69671,27
2920,p69675,26
2921,p72266,25
2922,p72267,25
2923,p72268,25
2924,p91127,30
2925,p32303,16
2926,p32737,11
2927,p32738,11
2928,p32295,26
2929,p32315,12
2930,p32321,26
2931,p52667,12
2932,p52668,11
2933,p52669,11
2934,p52670,12
2935,p62946,8
2936,p63035,13
2937,p63038,13
2938,p64834,8
2939,p82790,6
2940,p82791,6
2941,p52905,6
2942,p52906,6
2943,p52907,6
2944,p53954,12
2945,p89003,22
2946,p89005,22
2947,p28902,1
2948,p00030,9
2949,p52764,4
2950,p52765,4
2951,p52766,4
2952,p52767,4
2953,p52768,4
2954,p52769,4
2955,p99826,36
2956,p99859,22
2957,p31787,12
2958,p31793,12
2959,p31795,17
2960,p31797,17
2961,p31863,17
2962,p31872,17
2963,p51754,9
2964,p51755,12
2965,p51756,10
2966,p51758,10
2967,p51760,10
2968,p89006,2
2969,p00054,3
2970,p03921,6
2971,p03924,6
2972,p03925,6
2973,p03926,2
2974,p03927,6
2975,p03928,6
2976,p03929,6
2977,p03930,2
2978,p03931,2
2979,p03932,5
2980,p03933,6
2981,p03935,2
2982,p03936,6
2983,p03937,6
2984,p03938,6
2985,p03939,2
2986,p03940,6
2987,p03942,6
2988,p03943,2
2989,p03944,6
2990,p03945,3
2991,p03946,6
2992,p03947,6
2993,p03948,2
2994,p03949,6
2995,p03950,6
2996,p03951,6
2997,p03952,6
2998,p03954,2
2999,p30397,3
3000,p30398,4
3001,p30399,4
3002,p51336,2
3003,p51348,2
3004,p51349,4
3005,p51350,1
3006,p52789,2
3007,p52790,2
3008,p52791,2
3009,p52792,2
3010,p52793,2
3011,p52794,2
3012,p52795,2
3013,p52796,2
3014,p52797,2
3015,p52798,2
3016,p52799,2
3017,p52800,3
3018,p52801,2
3019,p52802,2
3020,p52803,2
3021,p52805,2
3022,p52806,2
3023,p52807,2
3024,p52808,2
3025,p52809,2
3026,p52811,2
3027,p52812,2
3028,p69640,2
3029,p69641,2
3030,p69642,2
3031,p69644,2
3032,p69645,2
3033,p69646,2
3034,p69648,2
3035,p69649,2
3036,p69650,2
3037,p69652,2
3038,p69653,2
3039,p69654,2
3040,p69656,2
3041,p69657,2
3042,p69658,2
3043,p69660,2
3044,p69661,2
3045,p69662,2
3046,p69664,2
3047,p69665,2
3048,p69666,2
3049,p69668,2
3050,p69669,2
3051,p69670,2
3052,p69672,2
3053,p69673,2
3054,p69674,2
3055,p69676,2
3056,p69677,2
3057,p69678,2
3058,p69679,2
3059,p69680,2
3060,p69681,2
3061,p69682,2
3062,p69683,2
3063,p69684,2
3064,p69685,2
3065,p69686,2
3066,p69687,2
3067,p69688,2
3068,p69689,4
3069,p69690,4
3070,p69691,4
3071,p69692,4
3072,p69693,6
3073,p69694,6
3074,p69695,6
3075,p69696,6
3076,p69697,6
3077,p69698,6
3078,p69699,6
3079,p69700,6
3080,p69701,6
3081,p69702,6
3082,p69703,6
3083,p69704,6
3084,p69705,6
3085,p69706,6
3086,p69707,6
3087,p69708,6
3088,p69709,6
3089,p69710,6
3090,p69711,6
3091,p69712,6
3092,p69713,6
3093,p69714,6
3094,p69715,6
3095,p69716,6
3096,p69717,6
3097,p69718,6
3098,p69719,6
3099,p69720,6
3100,p69721,6
3101,p69722,6
3102,p69723,6
3103,p69724,6
3104,p69725,6
3105,p69726,6
3106,p69727,6
3107,p69728,6
3108,p69729,6
3109,p69730,6
3110,p69731,6
3111,p69732,6
3112,p69733,6
3113,p69734,6
3114,p69735,6
3115,p69736,6
3116,p69737,6
3117,p69762,4
3118,p32332,3
3119,p32333,3
3120,p82748,2
3121,p82691,1
3122,p80156,21
3123,p80180,11
3124,p80205,2
3125,p80206,2
3126,p80207,2
3127,p80208,1
3128,p50467,13
3129,p63157,1
3130,p80194,1
3131,p01351,36
3132,p80238,19
3133,p69315,1
3134,p95440,93
3135,p95445,90
3136,p69160,4
3137,p69166,5
3138,p69170,5
3139,p69174,5
3140,p69178,5
3141,p69182,5
3142,p69185,5
3143,p69190,5
3144,p69575,3
3145,p64177,107
3146,p62569,28
3147,p62570,28
3148,p62571,28
3149,p62572,5
3150,p62573,5
3151,p62574,28
3152,p62575,28
3153,p62576,28
3154,p62577,5
3155,p62578,5
3156,p62579,28
3157,p62580,28
3158,p62581,28
3159,p62582,5
3160,p62583,5
3161,p62584,28
3162,p62585,28
3163,p62586,5
3164,p62587,5
3165,p62588,5
3166,p62589,5
3167,p62590,5
3168,p62591,5
3169,p62592,5
3170,p62593,5
3171,p68296,1
3172,p68297,1
3173,p01094,25
3174,p01114,22
3175,p01119,24
3176,p01017,7
3177,p01064,7
3178,p01112,7
3179,p01122,7
3180,p01182,7
3181,p01196,7
3182,p01203,9
3183,p01218,7
3184,p01219,7
3185,p01236,7
3186,p01237,7
3187,p01238,7
3188,p01244,7
3189,p01245,7
3190,p01246,7
3191,p01247,7
3192,p52274,7
3193,p52275,7
3194,p52276,7
3195,p52277,7
3196,p52278,7
3197,p52279,7
3198,p52280,7
3199,p52281,7
3200,p52282,7
3201,p52283,7
3202,p52284,7
3203,p52285,7
3204,p52286,7
3205,p52287,7
3206,p52527,7
3207,p52528,7
3208,p68079,7
3209,p68080,7
3210,p71883,20
3211,p71885,15
3212,p80107,9
3213,p82322,7
3214,p82330,7
3215,p82364,7
3216,p00100,2
3217,p63510,22
3218,p65170,60
3219,p65171,62
3220,p65172,64
3221,p65173,58
3222,p65174,62
3223,p65175,60
3224,p65176,62
3225,p65177,64
3226,p65178,62
3227,p65179,62
3228,p66700,12
3229,p99807,29
3230,p99838,12
3231,p70330,8
3232,p01355,130
3233,p00421,17
3234,p29805,4
3235,p29808,4
3236,p00201,1
3237,p01032,61
3238,p99939,4
3239,p99940,4
3240,p52139,4
3241,p52658,5
3242,p90571,41
3243,p91621,19
3244,p99777,41
3245,p99780,41
3246,p99864,59
3247,p53573,4
3248,p51186,1
3249,p92398,1
3250,p00072,2
3251,p82084,5
3252,p01125,13
3253,p50576,8
3254,p50580,13
3255,p62843,8
3256,p82319,8
3257,p82334,8
3258,p82584,39
3259,p82586,40
3260,p82587,40
3261,p82613,41
3262,p99205,3
3263,p80082,48
3264,p30211,18
3265,p72020,18
3266,p31503,3
3267,p00435,20
3268,p99620,11
3269,p53445,3
3270,p53446,3
3271,p91142,5
3272,p00324,5
3273,p00902,29
3274,p71825,16
3275,p99157,47
3276,p01088,10
3277,p01133,1
3278,p22707,1
3279,p82170,4
3280,p82311,1
3281,p82313,1
3282,p82317,1
3283,p82321,1
3284,p49416,11
3285,p00413,4
3286,p07144,3
3287,p00409,55
3288,p32209,66
3289,p01371,44
3290,p01373,39
3291,p62886,16
3292,p62887,17
3293,p62888,17
3294,p81614,83
3295,p01315,75
3296,p01482,55
3297,p01487,55
3298,p01488,53
3299,p04129,58
3300,p04130,58
3301,p04131,58
3302,p04132,58
3303,p04133,52
3304,p04134,53
3305,p04135,53
3306,p04136,58
3307,p30331,53
3308,p52700,54
3309,p52709,56
3310,p61033,52
3311,p61045,57
3312,p61049,52
3313,p61050,52
3314,p61051,57
3315,p61052,57
3316,p61053,57
3317,p61054,57
3318,p61713,52
3319,p62343,39
3320,p63507,57
3321,p63508,57
3322,p63511,57
3323,p63512,57
3324,p63745,70
3325,p72140,42
3326,p72141,36
3327,p72146,42
3328,p85822,60
3329,p91104,42
3330,p91105,33
3331,p91106,39
3332,p99104,28
3333,p99107,12
3334,p31649,132
3335,p52686,6
3336,p52687,6
3337,p52688,6
3338,p52689,6
3339,p52690,6
3340,p52691,6
3341,p52692,6
3342,p52693,6
3343,p52694,6
3344,p52695,6
3345,p52696,6
3346,p52836,6
3347,p63686,6
3348,p68287,19
3349,p38401,182
3350,p49423,18
3351,p99860,52
3352,p47462,25
3353,p99440,49
3354,p63681,3
3355,p49420,10
3356,p31691,3
3357,p50017,1
3358,p53961,142
3359,p53962,142
3360,p54091,133
3361,p54092,133
3362,p54093,133
3363,p54094,133
3364,p54095,133
3365,p54096,133
3366,p54097,133
3367,p54098,92
3368,p54100,92
3369,p54101,92
3370,p54103,92
3371,p54104,133
3372,p54105,133
3373,p54106,133
3374,p54107,133
3375,p54108,92
3376,p54109,133
3377,p54110,133
3378,p54111,133
3379,p54112,133
3380,p54113,142
3381,p54114,133
3382,p54115,133
3383,p54116,142
3384,p54117,142
3385,p54118,133
3386,p54119,133
3387,p54120,133
3388,p54121,133
3389,p54122,133
3390,p54123,133
3391,p54124,92
3392,p54125,92
3393,p54126,92
3394,p54127,92
3395,p54128,92
3396,p54129,92
3397,p54130,92
3398,p54131,92
3399,p54132,92
3400,p54133,92
3401,p54134,92
3402,p54135,92
3403,p54136,92
3404,p54137,92
3405,p54138,92
3406,p54139,92
3407,p54140,92
3408,p54141,92
3409,p54142,92
3410,p72188,6
3411,p99445,44
3412,p47463,22
3413,p80087,10
3414,p63763,11
3415,p63764,11
3416,p63765,12
3417,p63766,12
3418,p80015,2
3419,p00515,99
3420,p31686,25
3421,p31687,8
3422,p82550,66
3423,p99220,144
3424,p62000,58
3425,p62003,58
3426,p62004,58
3427,p62008,58
3428,p62020,58
3429,p62021,60
3430,p62024,58
3431,p62030,58
3432,p62796,58
3433,p62801,57
3434,p00440,89
3435,p00449,13
3436,p00667,13
3437,p72015,5
3438,p99137,3
3439,p50281,8
3440,p50282,8
3441,p50283,8
3442,p49457,11
3443,p51290,1
3444,p99133,42
3445,p99169,7
3446,p99170,6
3447,p90504,9
3448,p90567,38
3449,p99776,34
3450,p99779,34
3451,p99806,67
3452,p00134,3
3453,p99816,14
3454,p00480,13
3455,p01335,48
3456,p04055,1
3457,p04058,1
3458,p04059,1
3459,p71886,7
3460,p72106,17
3461,p96014,2
3462,p96063,1
3463,p96202,2
3464,p96205,2
3465,p96225,1
3466,p96294,1
3467,p96313,1
3468,p96413,1
3469,p96430,1
3470,p96778,1
3471,p96910,1
3472,p96992,1
3473,p97025,1
3474,p97362,1
3475,p97394,1
3476,p97579,1
3477,p98082,2
3478,p98136,2
3479,p98165,2
3480,p62885,1
3481,p99588,5
3482,p00200,2
3483,p04443,1
3484,p30191,1
3485,p30200,1
3486,p38926,1
3487,p39941,8
3488,p49701,9
3489,p62200,1
3490,p70299,12
3491,p77903,1
3492,p90034,1
3493,p83107,1
3494,p82339,1
3495,p99061,4
3496,p99065,4
3497,p00024,7
3498,p49491,16
3499,p63741,12
3500,p84015,10
3501,p72004,3
3502,p95902,88
3503,p90860,2
3504,p80285,1
3505,p01102,7
3506,p99109,7
3507,p99110,8
3508,p62856,44
3509,p72122,33
3510,p72123,58
3511,p82309,4
3512,p84145,32
3513,p00906,26
3514,p00907,31
3515,p72395,8
3516,p99991,16
3517,p62614,1
3518,p81799,13
3519,p00505,41
3520,p31504,10
3521,p50060,10
3522,p00081,5
3523,p00315,11
3524,p31713,2
3525,p31714,2
3526,p31785,2
3527,p31786,2
3528,p31800,2
3529,p31898,7
3530,p99332,4
3531,p99335,4
3532,p31694,3
3533,p67589,1
3534,p81887,9
3535,p99108,11
3536,p99234,13
3537,p30315,5
3538,p29810,1
3539,p34797,12
3540,p62464,8
3541,p00909,4
3542,p00998,8
3543,p01104,12
3544,p30195,12
3545,p30196,12
3546,p30204,4
3547,p30343,12
3548,p34391,6
3549,p39810,3
3550,p52138,2
3551,p63689,18
3552,p63691,4
3553,p64172,2
3554,p64173,2
3555,p65195,2
3556,p77152,12
3557,p77687,12
3558,p77770,10
3559,p77951,2
3560,p78008,2
3561,p78300,12
3562,p81302,12
3563,p81554,2
3564,p81649,4
3565,p81650,5
3566,p82032,11
3567,p82033,11
3568,p82034,11
3569,p82035,11
3570,p90476,2
3571,p90477,6
3572,p91738,4
3573,p99201,7
3574,p34561,29
3575,p99801,42
3576,p80157,209
3577,p38888,101
3578,p52883,10
3579,p62733,10
3580,p68192,10
3581,p54244,23
3582,p54245,23
3583,p54246,23
3584,p54247,23
3585,p54248,23
3586,p54249,23
3587,p54250,23
3588,p54251,23
3589,p54252,23
3590,p54253,23
3591,p54254,23
3592,p54255,23
3593,p54256,23
3594,p54257,23
3595,p54258,23
3596,p54259,23
3597,p54260,23
3598,p54261,23
3599,p54262,23
3600,p54263,23
3601,p54264,23
3602,p54265,23
3603,p54266,23
3604,p54267,23
3605,p54268,23
3606,p54269,23
3607,p54270,23
3608,p54271,23
3609,p54272,23
3610,p54273,23
3611,p54274,23
3612,p54275,23
3613,p54278,23
3614,p54280,23
3615,p90274,23
3616,p90275,23
3617,p90276,23
3618,p90277,23
3619,p90278,23
3620,p90279,23
3621,p90280,23
3622,p90281,23
3623,p90282,23
3624,p90283,23
3625,p90284,23
3626,p90285,23
3627,p90286,23
3628,p90287,23
3629,p90288,23
3630,p90289,23
3631,p90290,23
3632,p90291,23
3633,p99010,23
3634,p72213,1
3635,p99960,33
3636,p50380,1
3637,p62852,7
3638,p63684,4
3639,p62674,16
3640,p80020,1
3641,p34761,6
3642,p50010,10
3643,p90900,15
3644,p99811,28
3645,p00051,3
3646,p65231,1
3647,p49417,10
3648,p49453,8
3649,p49489,4
3650,p50278,19
3651,p63527,1
3652,p63529,1
3653,p63530,1
3654,p63531,1
3655,p63533,1
3656,p63535,1
3657,p63537,1
3658,p63538,1
3659,p63539,1
3660,p63544,1
3661,p63547,1
3662,p63548,1
3663,p63556,1
3664,p63558,1
3665,p63559,1
3666,p63564,1
3667,p63565,1
3668,p63567,1
3669,p63573,1
3670,p63574,1
3671,p63575,1
3672,p63576,1
3673,p63577,1
3674,p63578,1
3675,p63579,1
3676,p63580,1
3677,p63581,1
3678,p63582,1
3679,p63583,1
3680,p63584,1
3681,p63585,1
3682,p63586,1
3683,p63587,1
3684,p63588,1
3685,p63589,1
3686,p63590,1
3687,p63591,1
3688,p63592,1
3689,p66498,1
3690,p66500,1
3691,p66501,1
3692,p66502,1
3693,p66503,1
3694,p66504,1
3695,p66505,1
3696,p66506,1
3697,p66507,1
3698,p66508,1
3699,p66509,1
3700,p66512,1
3701,p66513,1
3702,p66514,1
3703,p66515,1
3704,p66573,1
3705,p66701,1
3706,p52885,3
3707,p90359,34
3708,p90360,34
3709,p90361,34
3710,p90362,34
3711,p90363,34
3712,p90364,34
3713,p90365,34
3714,p90366,34
3715,p90367,34
3716,p90368,34
3717,p90369,34
3718,p90370,34
3719,p90371,34
3720,p90372,34
3721,p90373,34
3722,p90374,34
3723,p90375,34
3724,p90376,34
3725,p90377,34
3726,p90378,34
3727,p90379,34
3728,p93024,1
3729,p39356,5
3730,p49259,7
3731,p81360,4
3732,p81408,6
3733,p38887,3
3734,p39025,3
3735,p01101,1
3736,p01515,1
3737,p69046,25
3738,p82075,5
3739,p91163,22
3740,p00445,82
3741,p34757,50
3742,p00416,22
3743,p34756,50
3744,p99124,18
3745,p52685,2
3746,p53942,3
3747,p53943,3
3748,p53944,3
3749,p67325,3
3750,p67326,3
3751,p72273,3
3752,p32223,55
3753,p32226,16
3754,p92213,27
3755,p80220,16
3756,p80221,4
3757,p80223,6
3758,p99431,8
3759,p32224,23
3760,p63792,24
3761,p72142,6
3762,p72143,6
3763,p50368,1
3764,p80029,1
3765,p13503,8
3766,p76003,5
3767,p90593,13
3768,p99946,16
3769,p07001,3
3770,p28401,2
3771,p28402,2
3772,p49469,2
3773,p49470,2
3774,p49471,2
3775,p80049,2
3776,p65243,1
3777,p90908,14
3778,p49418,5
3779,p97300,1
3780,p97400,1
3781,p69167,16
3782,p69633,11
3783,p80292,1
3784,p00653,2
3785,p00918,9
3786,p01009,7
3787,p01047,3
3788,p01074,12
3789,p01084,2
3790,p01134,2
3791,p51184,1
3792,p63719,6
3793,p99034,1
3794,p69304,4
3795,p00598,1
3796,p00047,3
3797,p00619,88
3798,p70508,58
3799,p72147,40
3800,p72322,38
3801,p69364,2
3802,p69368,2
3803,p69370,2
3804,p39362,13
3805,p80282,85
3806,p80294,84
3807,p32210,21
3808,p29852,2
3809,p30240,8
3810,p30277,8
3811,p30294,8
3812,p30304,8
3813,p30334,5
3814,p82130,4
3815,p32242,13
3816,p80283,67
3817,p80293,68
3818,p32285,1
3819,p32318,29
3820,p30201,2
3821,p30202,2
3822,p45617,13
3823,p84178,45
3824,p53515,3
3825,p53517,3
3826,p53518,3
3827,p53519,3
3828,p53520,3
3829,p53521,3
3830,p53522,3
3831,p53523,3
3832,p53524,3
3833,p53525,3
3834,p53526,3
3835,p53527,3
3836,p53528,3
3837,p53529,3
3838,p53530,3
3839,p53531,3
3840,p53532,3
3841,p53533,3
3842,p53534,3
3843,p64507,16
3844,p64508,15
3845,p64509,16
3846,p64510,16
3847,p64513,16
3848,p64516,16
3849,p64517,16
3850,p64518,16
3851,p64519,16
3852,p64520,16
3853,p64521,16
3854,p64526,3
3855,p72119,1
3856,p00721,5
3857,p49448,5
3858,p62038,8
3859,p62039,8
3860,p62040,8
3861,p62041,8
3862,p62043,8
3863,p62044,8
3864,p62045,8
3865,p62048,8
3866,p62049,8
3867,p62050,8
3868,p62051,8
3869,p81412,8
3870,p82408,8
3871,p99136,1
3872,p00302,2
3873,p32319,27
3874,p32320,22
3875,p50001,1
3876,p72195,18
3877,p89007,7
3878,p89009,7
3879,p00685,2
3880,p00690,1
3881,p32000,18
3882,p34254,7
3883,p34256,7
3884,p34363,7
3885,p34402,10
3886,p39332,12
3887,p39342,12
3888,p39367,12
3889,p39372,12
3890,p39382,12
3891,p39392,12
3892,p39402,12
3893,p39412,12
3894,p39422,15
3895,p39506,7
3896,p39510,7
3897,p39757,12
3898,p52770,23
3899,p62956,7
3900,p62957,7
3901,p62958,7
3902,p62959,7
3903,p63752,23
3904,p68083,23
3905,p68085,23
3906,p68086,23
3907,p68088,23
3908,p68089,23
3909,p68091,23
3910,p68092,23
3911,p82351,10
3912,p99990,7
3913,p99992,7
3914,p99993,7
3915,p63039,5
3916,p80111,5
3917,p00053,1
3918,p72200,1
3919,p99208,18
3920,p32213,21
3921,p32217,34
3922,p32322,14
3923,p63688,17
3924,p68288,20
3925,p68289,20
3926,p68290,15
3927,p68291,15
3928,p68292,15
3929,p89012,8
3930,p95202,8
3931,p61747,4
3932,p00901,8
3933,p29806,8
3934,p29809,8
3935,p51285,5
3936,p51286,5
3937,p80083,10
3938,p00550,2
3939,p49282,16
3940,p65210,4
3941,p91132,2
3942,p01382,9
3943,p01383,9
3944,p01384,8
3945,p01385,19
3946,p01386,9
3947,p01387,9
3948,p01388,11
3949,p01389,9
3950,p01390,9
3951,p01391,9
3952,p01392,9
3953,p01393,9
3954,p01394,8
3955,p01395,20
3956,p01396,9
3957,p01397,8
3958,p01398,9
3959,p01468,9
3960,p01469,9
3961,p01474,9
3962,p01475,9
3963,p01476,9
3964,p01477,9
3965,p32241,10
3966,p32243,9
3967,p34972,12
3968,p35052,11
3969,p35053,11
3970,p35054,11
3971,p35055,11
3972,p63164,14
3973,p63169,7
3974,p63190,7
3975,p63204,14
3976,p63205,14
3977,p63207,14
3978,p63216,7
3979,p63217,7
3980,p63223,7
3981,p63228,7
3982,p65230,7
3983,p04063,1
3984,p04074,1
3985,p04079,1
3986,p30321,2
3987,p34793,5
3988,p34798,4
3989,p34803,5
3990,p34808,5
3991,p34813,5
3992,p34828,5
3993,p34843,5
3994,p34848,5
3995,p34853,5
3996,p34883,5
3997,p34898,5
3998,p34908,5
3999,p34918,5
4000,p34928,5
4001,p34938,5
4002,p34953,2
4003,p34958,5
4004,p34968,5
4005,p34973,4
4006,p34988,3
4007,p34993,5
4008,p35008,5
4009,p35023,5
4010,p62002,2
4011,p62011,2
4012,p62013,2
4013,p62019,2
4014,p62799,2
4015,p03922,4
4016,p03941,4
4017,p62471,4
4018,p62472,4
4019,p62473,4
4020,p62474,4
4021,p62478,4
4022,p62479,4
4023,p62480,4
4024,p22020,4
4025,p22021,4
4026,p22022,4
4027,p22023,4
4028,p50469,6
4029,p63001,5
4030,p63002,4
4031,p00446,6
4032,p31695,2
4033,p31696,2
4034,p31697,2
4035,p31698,2
4036,p31699,2
4037,p31700,2
4038,p62658,2
4039,p62777,2
4040,p71871,2
4041,p71875,5
4042,p71901,4
4043,p01428,2
4044,p01470,2
4045,p01473,2
4046,p03934,1
4047,p22024,1
4048,p22025,1
4049,p22026,1
4050,p22027,1
4051,p29800,3
4052,p46311,14
4053,p49978,3
4054,p62917,1
4055,p62918,1
4056,p32314,1
4057,p63685,2
4058,p64048,2
4059,p65209,1
4060,p99595,1
4061,p99596,1
4062,p68201,7
4063,p90735,8
4064,p04124,1
4065,p68205,4
4066,p34634,1
4067,p39121,1
4068,p50086,3
4069,p04026,16
4070,p04027,16
4071,p04030,16
4072,p04034,16
4073,p90505,9
4074,p90670,9
4075,p69056,1
4076,p69063,1
4077,p69075,5
4078,p80177,1
4079,p80218,1
4080,p80219,1
4081,p80239,2
4082,p49892,5
4083,p90730,1
4084,p00135,7
4085,p54220,7
4086,p54221,7
4087,p54222,7
4088,p54223,9
4089,p54224,7
4090,p54225,7
4091,p54226,9
4092,p54227,9
4093,p54228,7
4094,p54229,9
4095,p54230,9
4096,p54231,7
4097,p54232,9
4098,p54233,7
4099,p54234,7
4100,p54235,7
4101,p54236,9
4102,p54237,9
4103,p54238,9
4104,p71831,3
4105,p82903,6
4106,p99615,15
4107,p01079,7
4108,p01118,12
4109,p69309,6
4110,p99889,10
4111,p49567,1
4112,p53545,3
4113,p53546,3
4114,p53547,3
4115,p53548,3
4116,p53549,3
4117,p53550,3
4118,p53551,3
4119,p53552,3
4120,p53553,3
4121,p53554,3
4122,p53555,3
4123,p53556,3
4124,p53557,3
4125,p53558,3
4126,p74200,3
4127,p29402,1
4128,p00621,4
4129,p52150,7
4130,p53516,2
4131,p53535,2
4132,p53536,2
4133,p53537,2
4134,p53538,2
4135,p53539,2
4136,p53540,2
4137,p53541,2
4138,p53542,2
4139,p53543,2
4140,p53544,2
4141,p64523,15
4142,p72016,1
4143,p52775,1
4144,p91051,1
4145,p91052,1
4146,p91053,1
4147,p91054,1
4148,p00124,1
4149,p49287,55
4150,p49288,55
4151,p30299,5
4152,p30307,2
4153,p00451,77
4154,p19002,4
4155,p19003,4
4156,p19004,4
4157,p19005,4
4158,p19006,4
4159,p19007,4
4160,p19008,4
4161,p19009,4
4162,p19010,4
4163,p19011,4
4164,p19012,4
4165,p19013,4
4166,p19014,4
4167,p19015,4
4168,p19016,4
4169,p19017,4
4170,p19018,4
4171,p19019,4
4172,p19020,4
4173,p19021,4
4174,p19022,4
4175,p19023,4
4176,p19024,4
4177,p19025,4
4178,p19026,4
4179,p19027,4
4180,p19028,4
4181,p19029,4
4182,p19030,4
4183,p19031,4
4184,p19032,4
4185,p19033,4
4186,p19034,4
4187,p19035,4
4188,p19036,4
4189,p19037,4
4190,p19038,4
4191,p19039,4
4192,p19040,4
4193,p19041,4
4194,p19042,4
4195,p19043,4
4196,p19044,4
4197,p19045,4
4198,p19046,4
4199,p19047,4
4200,p19048,4
4201,p19049,4
4202,p19050,4
4203,p19051,4
4204,p19052,4
4205,p19053,4
4206,p19054,4
4207,p19055,4
4208,p19056,4
4209,p19057,4
4210,p19058,4
4211,p19059,4
4212,p19060,4
4213,p19061,4
4214,p19066,4
4215,p19067,4
4216,p19069,4
4217,p19070,4
4218,p19072,4
4219,p19073,4
4220,p19074,4
4221,p19075,4
4222,p19076,4
4223,p19077,4
4224,p19078,4
4225,p19079,4
4226,p19080,4
4227,p19081,4
4228,p19082,4
4229,p19083,4
4230,p19084,4
4231,p19085,4
4232,p19086,4
4233,p19087,4
4234,p19088,4
4235,p19089,4
4236,p19090,4
4237,p19091,4
4238,p19092,4
4239,p19093,4
4240,p19094,4
4241,p19095,4
4242,p19096,4
4243,p19097,4
4244,p19098,4
4245,p19099,4
4246,p19100,4
4247,p19101,4
4248,p19102,4
4249,p19103,4
4250,p19104,4
4251,p19105,4
4252,p19106,4
4253,p19107,4
4254,p19108,4
4255,p19110,4
4256,p19111,4
4257,p19113,4
4258,p19114,4
4259,p19117,4
4260,p19119,4
4261,p19120,4
4262,p19121,4
4263,p19122,4
4264,p19123,4
4265,p19124,4
4266,p65150,6
4267,p65151,6
4268,p65152,6
4269,p65153,6
4270,p65154,6
4271,p19065,3
4272,p19068,3
4273,p19071,3
4274,p19109,3
4275,p19112,3
4276,p19115,3
4277,p19116,3
4278,p19118,3
4279,p75979,5
4280,p61946,4
4281,p62820,4
4282,p62821,4
4283,p62822,4
4284,p85583,3
4285,p99113,9
4286,p99114,10
4287,p99115,16
4288,p99117,7
4289,p99121,7
4290,p00059,18
4291,p63678,9
4292,p99700,4
4293,p31742,14
4294,p31743,14
4295,p31745,14
4296,p31896,4
4297,p62971,2
4298,p31738,12
4299,p31739,12
4300,p31740,12
4301,p31741,12
4302,p31746,7
4303,p31761,13
4304,p31762,13
4305,p31763,13
4306,p31764,13
4307,p31765,13
4308,p31766,13
4309,p31769,12
4310,p31770,12
4311,p31771,13
4312,p31772,13
4313,p31773,13
4314,p31774,13
4315,p31775,13
4316,p31780,13
4317,p31781,13
4318,p31782,13
4319,p31783,12
4320,p31784,7
4321,p53048,16
4322,p65225,35
4323,p00448,69
4324,p52161,1
4325,p52162,1
4326,p52163,1
4327,p52164,1
4328,p65185,1
4329,p65186,1
4330,p65187,1
4331,p65188,1
4332,p65189,1
4333,p65190,1
4334,p65191,1
4335,p65193,1
4336,p94164,3
4337,p99810,1
4338,p99944,1
4339,p83048,1
4340,p70326,9
4341,p70327,9
4342,p70328,9
4343,p70329,10
4344,p01123,11
4345,p00603,3
4346,p00921,16
4347,p00923,5
4348,p00939,5
4349,p30192,1
4350,p38710,1
4351,p38787,1
4352,p39348,1
4353,p39782,1
4354,p79190,2
4355,p79193,1
4356,p81403,1
4357,p82226,1
4358,p82618,1
4359,p90400,1
4360,p99218,1
4361,p69000,4
4362,p00070,7
4363,p81025,4
4364,p82381,6
4365,p00117,4
4366,p00193,3
4367,p82371,3
4368,p82076,3
4369,p99988,3
4370,p69173,2
4371,p51291,5
4372,p90626,5
4373,p90627,5
4374,p00005,12
4375,p69632,15
4376,p34485,2
4377,p52001,3
4378,p77147,10
4379,p77247,2
4380,p34794,2
4381,p34799,2
4382,p34804,2
4383,p34809,2
4384,p34814,2
4385,p34818,4
4386,p34819,2
4387,p34829,2
4388,p34833,4
4389,p34834,2
4390,p34838,4
4391,p34839,2
4392,p34844,2
4393,p34849,2
4394,p34854,2
4395,p34863,4
4396,p34864,2
4397,p34884,2
4398,p34888,4
4399,p34889,2
4400,p34893,4
4401,p34894,2
4402,p34899,2
4403,p34903,4
4404,p34904,2
4405,p34909,2
4406,p34919,2
4407,p34929,2
4408,p34933,4
4409,p34934,2
4410,p34939,2
4411,p34943,4
4412,p34944,2
4413,p34948,4
4414,p34949,2
4415,p34959,2
4416,p34963,4
4417,p34964,2
4418,p34969,2
4419,p34974,2
4420,p34983,4
4421,p34984,2
4422,p34994,2
4423,p34998,2
4424,p34999,2
4425,p35003,4
4426,p35004,2
4427,p35009,2
4428,p35013,4
4429,p35014,2
4430,p35024,2
4431,p50466,1
4432,p99805,9
4433,p34995,2
4434,p62600,1
4435,p69050,1
4436,p69065,4
4437,p69067,4
4438,p69069,4
4439,p69070,2
4440,p69071,4
4441,p69072,2
4442,p69073,4
4443,p51356,1
4444,p51357,1
4445,p51358,1
4446,p51359,1
4447,p51360,1
4448,p51361,1
4449,p51362,1
4450,p51363,1
4451,p51364,1
4452,p51365,1
4453,p51366,1
4454,p51367,1
4455,p51368,1
4456,p51369,1
4457,p51370,1
4458,p51371,1
4459,p51372,1
4460,p51373,1
4461,p51374,1
4462,p51375,1
4463,p51376,1
4464,p51377,1
4465,p51378,1
4466,p51379,1
4467,p51380,1
4468,p51381,1
4469,p51382,1
4470,p51383,1
4471,p51384,1
4472,p51385,1
4473,p51386,1
4474,p51387,1
4475,p51388,1
4476,p51389,1
4477,p51390,1
4478,p51391,1
4479,p51392,1
4480,p51393,1
4481,p51394,1
4482,p51395,1
4483,p51396,1
4484,p51397,1
4485,p51398,1
4486,p51399,1
4487,p51400,1
4488,p51401,1
4489,p51402,1
4490,p51403,1
4491,p00431,2
4492,p49231,1
4493,p00096,5
4494,p39491,16
4495,p39495,8
4496,p39499,8
4497,p39503,16
4498,p39514,8
4499,p31679,1
4500,p01140,6
4501,p90440,1
4502,p01128,5
4503,p85310,1
4504,p49414,1
4505,p00036,8
4506,p04000,1
4507,p90094,1
4508,p01129,1
4509,p04585,4
4510,p90475,4
4511,p29819,1
4512,p34262,10
4513,p34354,10
4514,p34359,10
4515,p34364,10
4516,p34369,10
4517,p39811,2
4518,p46347,1
4519,p62231,2
4520,p62233,2
4521,p62906,2
4522,p63694,2
4523,p63695,1
4524,p68787,1
4525,p68789,1
4526,p82695,6
4527,p38890,1
4528,p31902,1
4529,p31904,1
4530,p31906,1
4531,p80203,2
4532,p31677,36
4533,p70310,42
4534,p90758,24
4535,p99680,9
4536,p61209,6
4537,p52666,4
4538,p31505,1
4539,p99128,14
4540,p99129,7
4541,p99134,1
4542,p01429,5
4543,p01430,5
4544,p01432,5
4545,p01433,5
4546,p01435,5
4547,p01437,5
4548,p01438,5
4549,p61046,1
4550,p61047,1
4551,p85561,1
4552,p85562,1
4553,p00510,19
4554,p34531,24
4555,p50257,7
4556,p50258,7
4557,p50259,7
4558,p50260,7
4559,p50261,7
4560,p50262,7
4561,p50263,7
4562,p50264,7
4563,p50265,7
4564,p61698,7
4565,p61701,7
4566,p67838,7
4567,p67845,7
4568,p68279,7
4569,p22001,6
4570,p29867,5
4571,p49340,1
4572,p49940,6
4573,p49974,5
4574,p49976,5
4575,p49980,5
4576,p00718,8
4577,p04108,2
4578,p04110,2
4579,p04111,2
4580,p04112,2
4581,p13501,4
4582,p22012,4
4583,p22450,2
4584,p22501,2
4585,p22505,2
4586,p22612,3
4587,p26501,2
4588,p26507,3
4589,p26631,3
4590,p28014,3
4591,p28016,3
4592,p29865,4
4593,p49475,4
4594,p49939,3
4595,p49941,3
4596,p49942,2
4597,p49962,8
4598,p49963,2
4599,p49979,2
4600,p50420,2
4601,p50421,2
4602,p50422,2
4603,p50423,2
4604,p61949,2
4605,p61950,2
4606,p62164,2
4607,p63030,2
4608,p69040,4
4609,p69299,1
4610,p75962,2
4611,p99603,4
4612,p99604,4
4613,p13505,2
4614,p00722,19
4615,p11501,2
4616,p63025,3
4617,p63021,1
4618,p34873,2
4619,p34878,2
4620,p34923,2
4621,p34978,2
4622,p35018,2
4623,p80204,1
4624,p09507,12
4625,p26629,1
4626,p29825,1
4627,p29835,1
4628,p65196,1
4629,p65197,1
4630,p75977,12
4631,p34858,1
4632,p34913,1
4633,p00056,1
4634,p62648,9
4635,p07017,1
4636,p07019,1
4637,p00058,1
4638,p00430,2
4639,p00022,16
4640,p51410,19
4641,p51415,16
4642,p51418,19
4643,p51442,19
4644,p51448,18
4645,p51488,19
4646,p51496,19
4647,p51507,10
4648,p51518,19
4649,p51536,10
4650,p51590,19
4651,p51595,10
4652,p51616,16
4653,p53566,15
4654,p91135,18
4655,p51546,7
4656,p51606,13
4657,p51634,7
4658,p51573,5
4659,p19501,2
4660,p22706,1
4661,p69519,1
4662,p94281,3
4663,p51608,7
4664,p38760,6
4665,p39770,7
4666,p77133,6
4667,p77134,6
4668,p77166,6
4669,p77272,6
4670,p77337,6
4671,p77345,6
4672,p77936,6
4673,p78942,6
4674,p81569,6
4675,p01210,5
4676,p46002,7
4677,p52296,7
4678,p52298,7
4679,p52300,7
4680,p52301,7
4681,p52303,7
4682,p61213,7
4683,p61215,7
4684,p70293,7
4685,p30284,1
4686,p30286,1
4687,p30288,1
4688,p30290,1
4689,p30298,1
4690,p30302,1
4691,p30306,1
4692,p30310,1
4693,p30313,1
4694,p30326,1
4695,p30328,1
4696,p35030,3
4697,p35032,3
4698,p35033,3
4699,p35035,3
4700,p35036,3
4701,p35044,3
4702,p35051,3
4703,p04096,5
4704,p63768,1
4705,p63769,1
4706,p63770,1
4707,p63771,1
4708,p63772,1
4709,p63774,1
4710,p63775,1
4711,p63776,1
4712,p72222,5
4713,p00349,1
4714,p52886,1
4715,p52887,1
4716,p00415,2
4717,p09510,6
4718,p99118,4
4719,p00049,1
4720,p71850,12
4721,p31928,2
4722,p31930,2
4723,p31931,2
4724,p31932,2
4725,p51404,1
4726,p51405,1
4727,p51406,1
4728,p51407,1
4729,p51408,1
4730,p51409,1
4731,p51411,1
4732,p51412,1
4733,p51413,1
4734,p51414,1
4735,p51416,1
4736,p51417,1
4737,p51419,1
4738,p51420,1
4739,p51421,1
4740,p51422,1
4741,p51423,1
4742,p51426,1
4743,p51428,1
4744,p51429,1
4745,p51430,1
4746,p51431,1
4747,p51432,1
4748,p51433,1
4749,p51434,1
4750,p51435,1
4751,p51437,1
4752,p51438,1
4753,p51439,1
4754,p51440,1
4755,p51441,1
4756,p51443,1
4757,p51444,1
4758,p51445,1
4759,p51446,1
4760,p51447,1
4761,p51449,1
4762,p51450,1
4763,p51451,1
4764,p51452,1
4765,p51453,1
4766,p51454,1
4767,p51456,1
4768,p51458,1
4769,p51459,1
4770,p51460,1
4771,p51461,1
4772,p51462,1
4773,p51463,1
4774,p51464,1
4775,p51465,1
4776,p51466,1
4777,p51469,1
4778,p51470,1
4779,p51471,1
4780,p51472,1
4781,p51473,1
4782,p51475,1
4783,p51476,1
4784,p51477,1
4785,p51478,1
4786,p51479,1
4787,p51480,1
4788,p51481,1
4789,p51482,1
4790,p51483,1
4791,p51484,1
4792,p51485,1
4793,p51487,1
4794,p51489,1
4795,p51490,1
4796,p51491,1
4797,p51492,1
4798,p51493,1
4799,p51494,1
4800,p51495,1
4801,p51497,1
4802,p51498,1
4803,p51499,1
4804,p51500,1
4805,p51502,1
4806,p51503,1
4807,p51504,1
4808,p51505,1
4809,p51506,1
4810,p51508,1
4811,p51509,1
4812,p51511,1
4813,p51512,1
4814,p51513,1
4815,p51514,1
4816,p51515,1
4817,p51517,1
4818,p51519,1
4819,p51520,1
4820,p51521,1
4821,p51522,1
4822,p51525,1
4823,p51526,1
4824,p51529,1
4825,p51530,1
4826,p51531,1
4827,p51532,1
4828,p51533,1
4829,p51534,1
4830,p51535,1
4831,p51537,1
4832,p51538,1
4833,p51539,1
4834,p51540,1
4835,p51541,1
4836,p51542,1
4837,p51543,1
4838,p51544,1
4839,p51545,1
4840,p51547,1
4841,p51548,1
4842,p51549,1
4843,p51550,1
4844,p51551,1
4845,p51552,1
4846,p51553,1
4847,p51554,1
4848,p51555,1
4849,p51556,1
4850,p51557,1
4851,p51558,1
4852,p51559,1
4853,p51560,1
4854,p51561,1
4855,p51562,1
4856,p51563,1
4857,p51564,1
4858,p51565,1
4859,p51566,1
4860,p51567,1
4861,p51568,1
4862,p51571,1
4863,p51572,1
4864,p51574,1
4865,p51575,1
4866,p51576,1
4867,p51578,1
4868,p51579,1
4869,p51580,1
4870,p51581,1
4871,p51582,1
4872,p51583,1
4873,p51584,1
4874,p51587,1
4875,p51588,1
4876,p51589,1
4877,p51591,1
4878,p51592,1
4879,p51593,1
4880,p51594,1
4881,p51596,1
4882,p51597,1
4883,p51598,1
4884,p51600,1
4885,p51601,1
4886,p51602,1
4887,p51603,1
4888,p51605,1
4889,p51607,1
4890,p51609,1
4891,p51612,1
4892,p51613,1
4893,p51615,1
4894,p51617,1
4895,p51618,1
4896,p51620,1
4897,p51621,1
4898,p51622,1
4899,p51623,1
4900,p51624,1
4901,p51625,1
4902,p51626,1
4903,p51627,1
4904,p51628,1
4905,p51629,1
4906,p51630,1
4907,p51631,1
4908,p51632,1
4909,p51633,1
4910,p51635,1
4911,p52888,1
4912,p52889,1
4913,p52890,1
4914,p52891,1
4915,p52892,1
4916,p52893,1
4917,p52894,1
4918,p52895,1
4919,p52896,1
4920,p52897,1
4921,p52898,1
4922,p52899,1
4923,p52900,1
4924,p53447,1
4925,p53449,1
4926,p53451,1
4927,p53455,1
4928,p53459,1
4929,p53461,1
4930,p53462,1
4931,p53465,1
4932,p53466,1
4933,p53467,1
4934,p53468,1
4935,p53469,1
4936,p53470,1
4937,p53471,1
4938,p53472,1
4939,p53474,1
4940,p53475,1
4941,p53476,1
4942,p53478,1
4943,p53479,1
4944,p53481,1
4945,p53482,1
4946,p53483,1
4947,p53484,1
4948,p53486,1
4949,p53487,1
4950,p53488,1
4951,p53489,1
4952,p53575,1
4953,p64910,1
4954,p64914,1
4955,p64941,1
4956,p64942,1
4957,p64948,1
4958,p64954,1
4959,p64955,1
4960,p64956,1
4961,p64958,1
4962,p64959,1
4963,p64972,1
4964,p64982,1
4965,p64983,1
4966,p64997,1
4967,p64998,1
4968,p65006,1
4969,p65017,1
4970,p65039,1
4971,p65049,1
4972,p67242,1
4973,p67248,1
4974,p67275,1
4975,p53577,1
4976,p53578,1
4977,p53579,1
4978,p53580,1
4979,p53581,1
4980,p53582,1
4981,p53583,1
4982,p53584,1
4983,p53585,1
4984,p53586,1
4985,p53587,1
4986,p53588,1
4987,p53589,1
4988,p53590,1
4989,p53591,1
4990,p53592,1
4991,p53593,1
4992,p53594,1
4993,p99597,15
4994,p99599,15
4995,p00411,4
4996,p00675,1
4997,p60050,1
4998,p71100,1
4999,p96037,1
5000,p96038,1
5001,p96197,1
5002,p96200,1
5003,p96218,1
5004,p96243,1
5005,p96312,1
5006,p96327,1
5007,p96387,1
5008,p96706,1
5009,p96763,1
5010,p96764,1
5011,p96765,1
5012,p96767,1
5013,p96791,1
5014,p96812,1
5015,p00597,2
5016,p76994,1
5017,p82043,2
5018,p01086,2
5019,p72178,4
5020,p32268,2
5021,p32269,2
5022,p52635,2
5023,p51283,1
5024,p00319,4
5025,p82049,1
5026,p69284,1
5027,p69286,1
5028,p69294,1
5029,p34201,3
5030,p34202,3
5031,p34206,3
5032,p34207,3
5033,p34222,3
5034,p34231,3
5035,p34232,3
5036,p34239,3
5037,p34240,3
5038,p34243,3
5039,p34244,3
5040,p34249,3
5041,p34274,3
5042,p34275,3
5043,p34279,3
5044,p34280,3
5045,p34284,3
5046,p34285,3
5047,p34293,3
5048,p34294,3
5049,p34321,3
5050,p34322,3
5051,p34327,3
5052,p34337,3
5053,p34338,3
5054,p34342,3
5055,p34343,3
5056,p34347,3
5057,p34348,3
5058,p34378,3
5059,p34382,3
5060,p34383,3
5061,p34387,3
5062,p34388,3
5063,p34392,3
5064,p34393,3
5065,p34397,3
5066,p34398,3
5067,p34401,3
5068,p34404,3
5069,p34405,3
5070,p34410,3
5071,p34429,3
5072,p34430,3
5073,p34434,3
5074,p34435,3
5075,p34439,3
5076,p34440,3
5077,p34444,3
5078,p34448,3
5079,p34449,3
5080,p34453,3
5081,p34454,3
5082,p34460,3
5083,p34463,3
5084,p34467,3
5085,p34471,3
5086,p34522,3
5087,p34523,3
5088,p34527,3
5089,p34528,3
5090,p34537,3
5091,p34538,3
5092,p34552,3
5093,p34553,3
5094,p34557,3
5095,p34558,3
5096,p34567,3
5097,p34568,3
5098,p34573,3
5099,p34582,3
5100,p34583,3
5101,p34587,3
5102,p34588,3
5103,p34592,3
5104,p34593,3
5105,p34597,3
5106,p34598,3
5107,p34602,3
5108,p34603,3
5109,p34607,3
5110,p34612,3
5111,p34613,3
5112,p34617,3
5113,p34618,3
5114,p34622,3
5115,p34623,3
5116,p34627,3
5117,p34628,3
5118,p34632,3
5119,p34633,3
5120,p34637,3
5121,p34638,3
5122,p34642,3
5123,p34643,3
5124,p34647,3
5125,p34648,3
5126,p34658,3
5127,p34659,3
5128,p39103,3
5129,p39104,3
5130,p39114,3
5131,p39353,5
5132,p39518,5
5133,p39533,5
5134,p39543,5
5135,p39573,5
5136,p39602,5
5137,p39603,6
5138,p82342,5
5139,p82343,5
5140,p82347,5
5141,p82349,5
5142,p82355,5
5143,p82361,5
5144,p00545,3
5145,p62016,1
5146,p35037,2
5147,p35038,2
5148,p35039,2
5149,p35042,2
5150,p35043,2
5151,p35047,2
5152,p35048,2
5153,p79747,2
5154,p90077,2
5155,p63380,1
5156,p61670,1
5157,p92028,3
5158,p92207,3
5159,p92245,3
5160,p92266,2
5161,p92281,3
5162,p92309,3
5163,p92603,3
5164,p92732,3
5165,p92736,3
5166,p92765,3
5167,p92795,3
5168,p92843,1
5169,p92847,3
5170,p93100,2
5171,p93145,1
5172,p93148,3
5173,p93154,3
5174,p93155,1
5175,p93168,3
5176,p93171,2
5177,p93174,3
5178,p93183,2
5179,p93198,3
5180,p93201,3
5181,p93218,2
5182,p93219,2
5183,p93222,1
5184,p93226,3
5185,p93228,1
5186,p93232,3
5187,p93243,2
5188,p93254,2
5189,p93303,2
5190,p93336,3
5191,p93338,2
5192,p93347,2
5193,p93350,2
5194,p93387,1
5195,p93390,2
5196,p93393,2
5197,p93396,2
5198,p93425,2
5199,p93440,3
5200,p93441,1
5201,p93447,3
5202,p93476,2
5203,p93480,2
5204,p93493,2
5205,p93728,3
5206,p93730,2
5207,p93732,3
5208,p93753,3
5209,p93827,3
5210,p93829,1
5211,p93936,2
5212,p93939,3
5213,p93942,3
5214,p93976,3
5215,p93977,2
5216,p93985,3
5217,p93999,3
5218,p94001,2
5219,p94018,3
5220,p94053,1
5221,p94100,2
5222,p94125,1
5223,p94129,1
5224,p94141,3
5225,p94153,3
5226,p94272,2
5227,p94276,1
5228,p92453,1
5229,p92477,2
5230,p92478,1
5231,p92526,2
5232,p92755,1
5233,p93368,1
5234,p93485,1
5235,p93668,2
5236,p93729,2
5237,p93734,1
5238,p93958,1
5239,p93998,1
5240,p92565,1
5241,p92703,1
5242,p92803,1
5243,p93191,1
5244,p93227,1
5245,p93274,1
5246,p93735,1
5247,p93846,1
5248,p81380,3
5249,p90739,9
5250,p90740,9
5251,p91139,9
5252,p00436,2
5253,p49956,1
5254,p00683,4
5255,p70504,1
5256,p01142,9
5257,p00325,1
5258,p62947,1
5259,p00717,2
5260,p51280,2
5261,p82352,2
5262,p85589,2
5263,p00616,3
5264,p52154,2
5265,p70348,1
5266,p00062,2
5267,p77007,1
5268,p81345,1
5269,p00023,1
5270,p62949,6
5271,p69590,6
5272,p69592,6
5273,p69593,6
5274,p69594,6
5275,p69595,6
5276,p69596,6
5277,p46529,1
5278,p30138,1
5279,p30178,1
5280,p34237,1
5281,p34290,1
5282,p34299,1
5283,p34304,1
5284,p34309,1
5285,p34314,1
5286,p34318,1
5287,p34330,1
5288,p34334,1
5289,p34374,1
5290,p34416,1
5291,p34421,1
5292,p34426,1
5293,p34478,1
5294,p34483,1
5295,p34487,1
5296,p34491,1
5297,p34495,1
5298,p34499,1
5299,p34504,1
5300,p34509,1
5301,p34514,1
5302,p34519,1
5303,p34534,1
5304,p34544,1
5305,p34549,1
5306,p34697,1
5307,p34702,1
5308,p34997,1
5309,p35027,1
5310,p52159,1
5311,p52347,1
5312,p52376,1
5313,p52417,1
5314,p52419,1
5315,p52420,1
5316,p52421,1
5317,p52422,1
5318,p52423,1
5319,p52424,1
5320,p52425,1
5321,p52426,1
5322,p52427,1
5323,p52428,1
5324,p52429,1
5325,p52430,1
5326,p52431,1
5327,p52432,1
5328,p52433,1
5329,p52434,1
5330,p52435,1
5331,p52436,1
5332,p52437,1
5333,p52438,1
5334,p52439,1
5335,p52440,1
5336,p52441,1
5337,p52442,1
5338,p52443,1
5339,p52444,1
5340,p52445,1
5341,p52446,1
5342,p52447,1
5343,p52448,1
5344,p68804,1
5345,p90460,1
5346,p90461,1
5347,p90462,1
5348,p91155,1
5349,p94424,3
5350,p94425,3
5351,p94428,2
5352,p94429,3
5353,p94430,3
5354,p64511,13
5355,p64512,13
5356,p64514,13
5357,p64515,13
5358,p64522,13
5359,p64524,13
5360,p64525,13
5361,p67304,13
5362,p67308,13
5363,p90510,4
5364,p90778,13
5365,p90813,13
5366,p90816,3
5367,p90817,13
5368,p90821,13
5369,p91118,13
5370,p91615,13
5371,p91676,13
5372,p91678,13
5373,p91679,13
5374,p91753,13
5375,p91754,13
5376,p62719,5
5377,p62749,5
5378,p62042,4
5379,p90591,8
5380,p64122,6
5381,p64123,6
5382,p64124,6
5383,p64125,6
5384,p64126,6
5385,p64127,6
5386,p64128,6
5387,p64129,6
5388,p64130,6
5389,p64131,6
5390,p64132,6
5391,p64133,6
5392,p64134,6
5393,p64135,6
5394,p64136,6
5395,p64137,6
5396,p64138,6
5397,p64139,6
5398,p64140,6
5399,p64141,6
5400,p64142,6
5401,p64143,6
5402,p64144,6
5403,p64145,6
5404,p64146,6
5405,p99730,5
5406,p81395,1
5407,p39080,8
5408,p39460,8
5409,p45622,8
5410,p49206,8
5411,p50758,8
5412,p51131,5
5413,p52628,9
5414,p61225,8
5415,p61226,8
5416,p63690,8
5417,p68069,8
5418,p68094,8
5419,p73558,8
5420,p73559,8
5421,p73560,8
5422,p73571,8
5423,p73576,8
5424,p73582,8
5425,p73589,8
5426,p73595,8
5427,p73599,8
5428,p73600,8
5429,p73613,8
5430,p73619,8
5431,p73622,8
5432,p73626,8
5433,p73652,8
5434,p73653,8
5435,p77142,8
5436,p77541,8
5437,p77545,8
5438,p77579,8
5439,p77581,8
5440,p77734,8
5441,p77793,8
5442,p78118,8
5443,p78206,8
5444,p78207,8
5445,p82204,8
5446,p91075,13
5447,p91080,13
5448,p51103,1
5449,p51104,1
5450,p51105,1
5451,p51106,1
5452,p51107,1
5453,p51108,1
5454,p51109,1
5455,p51110,1
5456,p51111,1
5457,p51112,1
5458,p51113,1
5459,p51114,1
5460,p51115,1
5461,p51116,1
5462,p51117,1
5463,p51118,1
5464,p51119,1
5465,p51120,1
5466,p51121,1
5467,p51122,1
5468,p51123,1
5469,p51124,1
5470,p51125,1
5471,p51129,1
5472,p62518,1
5473,p62520,1
5474,p62521,1
5475,p62522,1
5476,p62523,1
5477,p62524,1
5478,p62525,1
5479,p62526,1
5480,p62527,1
5481,p62528,1
5482,p62529,1
5483,p62530,1
5484,p62531,1
5485,p62532,1
5486,p62533,1
5487,p62534,1
5488,p31732,1
5489,p50417,1
5490,p69262,1
5491,p69263,1
5492,p69264,1
5493,p69267,1
5494,p69268,1
5495,p69269,1
5496,p69270,1
5497,p69271,1
5498,p69272,1
5499,p69321,1
5500,p69322,1
5501,p69323,1
5502,p69324,1
5503,p69325,1
5504,p69326,1
5505,p69327,1
5506,p69328,1
5507,p69329,1
5508,p69330,1
5509,p69331,1
5510,p69332,1
5511,p70305,2
5512,p71820,4
5513,p72012,1
5514,p72263,4
5515,p00746,1
5516,p82047,1
5517,p82048,1
5518,p85574,1
5519,p00601,10
5520,p52779,5
5521,p70951,5
5522,p31918,4
5523,p00624,1
5524,p99602,1
5525,p50833,1
5526,p63607,7
5527,p63638,7
5528,p63644,7
5529,p63657,7
5530,p64467,7
5531,p64468,7
5532,p64473,7
5533,p64477,7
5534,p64479,7
5535,p64480,6
5536,p64484,7
5537,p64485,7
5538,p67310,7
5539,p90512,7
5540,p90772,7
5541,p91116,7
5542,p91617,7
5543,p91684,7
5544,p91686,7
5545,p91687,7
5546,p91757,7
5547,p91758,7
5548,p91805,7
5549,p91809,7
5550,p91813,7
5551,p82133,1
5552,p63259,4
5553,p63260,4
5554,p63265,4
5555,p63271,4
5556,p63272,4
5557,p63273,4
5558,p63279,4
5559,p63280,4
5560,p63282,4
5561,p63289,4
5562,p63298,4
5563,p63313,3
5564,p63314,4
5565,p63316,4
5566,p63338,4
5567,p63339,4
5568,p63341,4
5569,p63345,4
5570,p63346,4
5571,p63347,4
5572,p63353,4
5573,p63377,4
5574,p63390,4
5575,p63620,3
5576,p63639,4
5577,p63665,4
5578,p64725,4
5579,p64726,4
5580,p64727,4
5581,p64729,4
5582,p64730,4
5583,p64731,4
5584,p64732,4
5585,p64733,4
5586,p64734,4
5587,p64735,4
5588,p64736,4
5589,p64737,4
5590,p64738,4
5591,p64739,4
5592,p64740,4
5593,p64741,4
5594,p64742,4
5595,p64743,4
5596,p64852,4
5597,p64853,4
5598,p64854,4
5599,p64855,4
5600,p64856,4
5601,p64857,4
5602,p64858,4
5603,p64859,4
5604,p64860,4
5605,p64866,4
5606,p64867,4
5607,p64868,4
5608,p65217,4
5609,p65220,4
5610,p90802,4
5611,p91137,4
5612,p91785,4
5613,p91828,4
5614,p01478,1
5615,p01479,1
5616,p01480,1
5617,p01481,1
5618,p01484,1
5619,p01486,1
5620,p01489,1
5621,p30325,1
5622,p52702,1
5623,p52710,1
5624,p52714,1
5625,p52715,1
5626,p64568,1
5627,p64569,1
5628,p64570,1
5629,p64571,1
5630,p64572,1
5631,p64573,1
5632,p64574,1
5633,p64575,1
5634,p64576,1
5635,p64577,1
5636,p64779,1
5637,p64781,1
5638,p64799,1
5639,p64801,1
5640,p64809,1
5641,p64810,1
5642,p64816,1
5643,p64817,1
5644,p64819,1
5645,p64820,1
5646,p64824,1
5647,p64830,1
5648,p65156,1
5649,p65157,1
5650,p65158,1
5651,p65160,1
5652,p65161,1
5653,p65162,1
5654,p65163,1
5655,p65164,1
5656,p65165,1
5657,p67775,1
5658,p67776,1
5659,p67777,1
5660,p67778,1
5661,p67779,1
5662,p67780,1
5663,p67781,1
5664,p67782,1
5665,p67783,1
5666,p67785,1
5667,p67786,1
5668,p67787,1
5669,p67788,1
5670,p67789,1
5671,p67790,1
5672,p67791,1
5673,p67792,1
5674,p67793,1
5675,p67794,1
5676,p67795,1
5677,p67796,1
5678,p67797,1
5679,p67798,1
5680,p67799,1
5681,p67800,1
5682,p67801,1
5683,p68067,1
5684,p68068,1
5685,p91765,1
5686,p91766,1
5687,p91767,1
5688,p91768,1
5689,p62370,2
5690,p62371,2
5691,p62372,2
5692,p62373,2
5693,p62374,2
5694,p62375,2
5695,p62376,2
5696,p62377,2
5697,p62378,2
5698,p62379,2
5699,p62380,2
5700,p62381,2
5701,p62382,2
5702,p62383,2
5703,p62384,2
5704,p62385,2
5705,p62386,2
5706,p62387,2
5707,p62388,2
5708,p62389,2
5709,p62390,2
5710,p62391,2
5711,p62392,2
5712,p62393,2
5713,p62394,2
5714,p62395,2
5715,p62396,2
5716,p62397,2
5717,p62398,2
5718,p62399,2
5719,p62400,2
5720,p62401,2
5721,p62402,2
5722,p62403,2
5723,p62404,2
5724,p62405,2
5725,p62406,2
5726,p62407,2
5727,p62408,2
5728,p62409,2
5729,p62410,2
5730,p62411,2
5731,p62412,2
5732,p62413,2
5733,p62414,2
5734,p62415,2
5735,p62416,2
5736,p62417,2
5737,p62418,2
5738,p62419,2
5739,p62420,2
5740,p62421,2
5741,p62422,2
5742,p62423,2
5743,p62424,2
5744,p62425,2
5745,p62426,2
5746,p62427,2
5747,p62428,2
5748,p62429,2
5749,p62430,2
5750,p62431,2
5751,p62432,2
5752,p62433,2
5753,p62434,2
5754,p62435,2
5755,p62436,2
5756,p62437,2
5757,p62438,2
5758,p62439,2
5759,p62440,2
5760,p62441,2
5761,p62442,2
5762,p62443,2
5763,p62444,2
5764,p62445,2
5765,p62446,2
5766,p62447,2
5767,p62448,2
5768,p62449,2
5769,p62450,2
5770,p62451,2
5771,p63740,7
5772,p31681,11
5773,p31682,11
5774,p31683,11
5775,p31878,3
5776,p31879,3
5777,p31880,3
5778,p49820,2
5779,p49846,2
5780,p61229,11
5781,p61230,11
5782,p62559,9
5783,p49825,1
5784,p52158,3
5785,p52837,3
5786,p52838,3
5787,p52839,3
5788,p52840,3
5789,p52841,3
5790,p52842,3
5791,p52843,3
5792,p52844,3
5793,p52845,3
5794,p52846,3
5795,p52847,3
5796,p52848,3
5797,p52849,3
5798,p52850,3
5799,p62289,3
5800,p31744,5
5801,p31776,1
5802,p31777,1
5803,p31779,1
5804,p31876,1
5805,p31877,1
5806,p31894,1
5807,p31895,1
5808,p39009,1
5809,p39640,1
5810,p64182,2
5811,p65199,2
5812,p65200,2
5813,p67877,2
5814,p67880,2
5815,p67882,2
5816,p67883,2
5817,p67889,2
5818,p67890,2
5819,p82617,1
5820,p00367,4
5821,p62998,4
5822,p62999,4
5823,p63000,4
5824,p63120,4
5825,p65239,4
5826,p65240,4
5827,p67773,4
5828,p68282,4
5829,p72328,4
5830,p53963,2
5831,p53964,2
5832,p53965,2
5833,p53966,2
5834,p65234,1
5835,p69179,1
5836,p69183,1
5837,p69186,1
5838,p69189,1
5839,p69192,1
5840,p69193,1
5841,p69195,1
5842,p69196,1
5843,p69198,1
5844,p69201,1
5845,p30193,4
5846,p01126,1
5847,p72243,5
5848,p04091,3
