,State,analyze_start,analyze_end,analyze_range,quantile,site_no,valid,threshold,hmf_years,annual_hmf,six_mo_hmf,three_mo_hmf,duration,inter_annual,intra_annual,CoM,jan_hmf,feb_hmf,mar_hmf,apr_hmf,may_hmf,jun_hmf,jul_hmf,aug_hmf,sep_hmf,oct_hmf,nov_hmf,dec_hmf,mk_trend,mk_h,mk_p,mk_z,mk_tau,mk_s,mk_var_s,mk_slope,mk_int,dec_lat_va,dec_long_va,data_start,data_end,total_record,HCDN_2009
0,MS,1970-10-01,2020-09-30,50.0,0.95,02431000,True,3260.0,49.0,0.17705367927006996,0.14597617821923933,0.08545738592676755,18.163265306122447,98.0,6.020408163265306,182.0,0.0379242146312946,0.049764162135703685,0.0500156497137276,0.0364304160226048,0.05460634290430368,0.025811372012832002,0.0086364116782272,0.0063977950534176,0.0084896171454528,0.0100379499554304,0.038129879888150406,0.05923648712556288,NA,NA,NA,NA,NA,NA,NA,NA,NA,34.26500000,-88.44527780,1928-08-13,2020-09-30,92.1,False
1,MS,1970-10-01,2020-09-30,50.0,0.95,02433500,False,7060.499999999993,42.0,0.3227971581967943,0.26011134906182526,0.1527707886863805,20.428571428571427,84.0,5.357142857142857,178.0,0.05748892644260159,0.08876001998498709,0.09034412432837712,0.06616240887303029,0.13047954374429868,0.050315661040085384,0.011605942747476044,0.0,0.0075455448065474716,0.014840927263491894,0.03424068107107005,0.13069502588553378,NA,NA,NA,NA,NA,NA,NA,NA,NA,34.01138889,-88.51361110,1944-10-01,2020-09-30,76.0,False
2,MS,1970-10-01,2020-09-30,50.0,0.95,02435020,False,1750.0,39.0,0.11309138630728616,0.09135387624247533,0.05263211327025378,18.102564102564102,78.0,10.461538461538462,188.0,0.0238567329067824,0.021384599383854,0.02381926640896931,0.0180702257567104,0.0247208983407936,0.0070793410984416,0.0089259231178656,0.0074946764233152,0.012171713342544,0.00804434039603712,0.013123159388304,0.0218861473708332,NA,NA,NA,NA,NA,NA,NA,NA,NA,34.23555556,-88.69583330,1970-10-01,2020-09-30,50.0,False
3,MS,1970-10-01,2020-09-30,50.0,0.95,02436500,True,4380.0,50.0,0.235542103453819,0.18819499485276403,0.10858734109898842,17.9,100.0,10.26,191.0,0.035063604657820095,0.04534399575797198,0.04966059043757952,0.04170373365198372,0.05463297293813391,0.0211663735828992,0.028415227415616,0.0126854942072544,0.0185097032159424,0.01393080116029056,0.029415993317625604,0.05763933615951204,NA,NA,NA,NA,NA,NA,NA,NA,NA,34.05916667,-88.62805560,1939-10-01,2020-09-30,81.0,False
4,MS,1970-10-01,2020-09-30,50.0,0.95,02439400,True,4710.0,48.0,0.1910072111143896,0.15812319695996882,0.0903795588975384,18.958333333333332,96.0,5.8125,172.0,0.04306116877591002,0.05471724026828756,0.0510432114431484,0.03617189987011539,0.06754608781766602,0.02523398018391936,0.010781242907097602,0.0,0.0157559465177856,0.02415748694357376,0.03884672652319872,0.04951304311232936,NA,NA,NA,NA,NA,NA,NA,NA,NA,33.79000000,-88.31527780,1966-07-27,2020-09-30,54.2,False
5,MS,1970-10-01,2017-10-12,47.0,0.95,02441390,False,23400.0,7.0,0.458418355206912,0.40567717664582403,0.23280913876435202,15.142857142857142,14.893617021276595,6.428571428571429,184.0,0.206674469268624,0.07474288293763201,0.0870002264242944,0.12457147156272001,0.07608849948806401,0.0,0.054558634681152005,0.0,0.0,0.010275617294208,0.013823151836256,0.12599864063136001,NA,NA,NA,NA,NA,NA,NA,NA,NA,33.51750000,-88.48944440,1900-10-01,2017-10-12,117.0,False
6,MS,1974-10-01,2020-09-30,46.0,0.95,02443500,False,3859.499999999989,43.0,0.1770769078037747,0.1563072736750274,0.08230948678543672,19.558139534883722,93.47826086956522,5.837209302325581,176.0,0.04691349386174318,0.04792972260328887,0.043244406606669346,0.06322759455191417,0.042504280509341824,0.020825658812186034,0.020494351706966014,0.00226491731193172,0.007295688278887788,0.01954691532668456,0.00788395377689479,0.04903786900062973,NA,NA,NA,NA,NA,NA,NA,NA,NA,33.51416667,-88.39527780,1928-08-10,2020-09-30,92.1,False
7,MS,1970-10-01,2020-09-30,50.0,0.95,02448000,True,5300.0,44.0,0.1713681599767933,0.1494796494363984,0.0688855586639747,20.272727272727273,88.0,3.7045454545454546,179.0,0.05738708875830512,0.05586199219942167,0.04980046706708524,0.0800387780046469,0.0909287277299712,0.0173951521337664,0.017982330264864,0.007046137573171201,0.0313956806971248,0.041069848169548805,0.005229555230088,0.0321398474257728,NA,NA,NA,NA,NA,NA,NA,NA,NA,33.07236110,-88.55877780,1928-08-08,2020-09-30,92.1,False
8,MS,1970-10-01,2020-09-30,50.0,0.95,02448500,True,7940.999999999985,45.0,0.1907517206669311,0.17163722397595801,0.07857764544880891,20.288888888888888,90.0,3.7555555555555555,172.0,0.06028957833894473,0.07495796884000168,0.05677580299367314,0.09481044836036852,0.08367533025695452,0.01658900549128048,0.002148093329598791,0.0,0.040818666413468374,0.014757254379810583,0.003867057308386994,0.02501767412239018,NA,NA,NA,NA,NA,NA,NA,NA,NA,32.93262870,-88.29781030,1939-03-01,2020-09-30,81.6,False
9,AL,1970-10-01,2020-09-30,50.0,0.95,02378500,False,247.59999999999854,35.0,0.017560386855943664,0.008304921662359252,0.003160612114518085,18.2,70.0,8.714285714285714,254.0,0.002898573940051152,0.0018239220697219328,0.0030736995835289483,0.005458079777727687,0.0016067150927267417,0.0025688309262856227,0.004441322957434958,0.001511463790272755,0.007478315733508562,0.0039085022981402585,0.0014030062225309544,0.001514528126144419,NA,NA,NA,NA,NA,NA,NA,NA,NA,30.54547146,-87.79860149,1953-07-01,2020-09-30,67.2,False
10,AL,1990-10-01,2020-09-30,30.0,0.95,02438000,False,1900.0,30.0,0.092806765720704,0.07580632777506431,0.05317713502270848,18.2,100.0,9.033333333333333,177.0,0.0170526315572928,0.027676329826943128,0.010660952942740802,0.0162079804758528,0.0246160451030976,0.0093826172198304,0.0062981844776064,0.003180548210112,0.0028722796912857597,0.005535377173368,0.00826453219519872,0.025094419004933845,NA,NA,NA,NA,NA,NA,NA,NA,NA,34.10621294,-87.98947650,1951-01-01,2020-09-30,69.7,False
11,AL,1980-12-01,2011-11-07,31.0,0.95,02442500,False,1360.5000000000018,16.0,0.0703458514926379,0.05588001484257899,0.03371059989678273,18.1875,51.61290322580645,9.8125,184.0,0.015784625820022064,0.01652884197443867,0.015384372856700383,0.013862297044995824,0.013089401588342734,0.0041986294592911075,0.0017766216091612754,0.0030924714904473514,0.004499558251478632,0.010290602569428708,0.004533749144737337,0.02394341158327774,NA,NA,NA,NA,NA,NA,NA,NA,NA,33.57511416,-88.08336050,1954-08-01,2011-11-07,57.3,False
12,AL,1970-10-01,2020-09-30,50.0,0.95,02446500,False,3157.9999999999927,40.0,0.09736648934249094,0.08673049147032175,0.04899866942354445,19.65,80.0,4.475,167.0,0.027213824395184445,0.032468911836742186,0.02854899943516555,0.030090840405796914,0.03556048624948928,0.004448689868246445,0.0012086083198425957,0.0,0.0022704221069107466,0.018696730324366143,0.005423242460832059,0.03379524704179786,NA,NA,NA,NA,NA,NA,NA,NA,NA,33.25706249,-87.77640220,1928-09-01,2020-09-30,92.1,False
13,AL,1970-10-01,2015-09-29,45.0,0.95,02450000,True,2600.0,45.0,0.12159643569849216,0.10215159694043137,0.05884449135470976,18.177777777777777,100.0,8.644444444444444,179.0,0.03492198759840395,0.029367803193229965,0.03192979458833436,0.0238855675471488,0.0260587479847296,0.01857929469814656,0.0205430793365952,0.0037758815930303996,0.0092388809064888,0.0116185154273664,0.006574764017928961,0.018204334342208,NA,NA,NA,NA,NA,NA,NA,NA,NA,34.01204356,-86.73666329,1928-10-01,2015-09-29,87.0,False
14,AL,1970-10-01,2020-09-30,50.0,0.95,02450250,True,660.8999999999978,50.0,0.03821181081004299,0.031392363140684186,0.01896887270867659,18.28,100.0,8.9,175.0,0.007859581127223963,0.009202016031623489,0.008475619238220407,0.006622872589806408,0.007478061666047992,0.0058150207583032515,0.0030288115947342048,0.0007219844436954294,0.005962647126763371,0.004044026272898314,0.002332185906575559,0.008093581326810432,NA,NA,NA,NA,NA,NA,NA,NA,NA,34.28537757,-87.39890840,1966-10-01,2020-09-30,54.0,False
15,AL,1970-10-01,2020-09-30,50.0,0.95,02453000,False,1470.0,36.0,0.0436455485362848,0.038356867730496,0.0231024691996896,18.25,72.0,5.805555555555555,180.0,0.011772921528506881,0.014525986265903129,0.010328173361497599,0.011459547112888489,0.010548818230204801,0.0040962664859904,0.0016025069827872002,0.0,0.0022386166248096005,0.00395366608272384,0.0011213471253600001,0.012811420889781459,NA,NA,NA,NA,NA,NA,NA,NA,NA,33.90843985,-87.25695140,1938-10-01,2020-09-30,82.0,False
16,AL,2009-11-04,2019-10-28,10.0,0.95,02453500,False,12300.0,10.0,0.1747833570233856,0.1568744240249088,0.1012392961034112,17.5,100.0,5.3,181.0,0.06308087283388801,0.035760779234208,0.067770142630848,0.040752958384512004,0.057249867782016,0.005382466201728,0.011988220176576001,0.0,0.045016990050816,0.002201917991616,0.0,0.08386860972510721,NA,NA,NA,NA,NA,NA,NA,NA,NA,33.75760677,-87.17027910,1900-10-01,2019-10-28,119.1,False
17,AL,1970-10-01,2020-09-30,50.0,0.95,02455000,True,2040.0,44.0,0.08536824932697294,0.0719048553039936,0.040571451075318544,18.227272727272727,88.0,8.0,185.0,0.019529429507339297,0.02110905381295872,0.02058059349497088,0.018357180589627202,0.01634744213514127,0.0159883711946784,0.00965908025655552,0.004556746954872,0.0121420049251968,0.014144701765190401,0.01202899643568,0.0203279845698216,NA,NA,NA,NA,NA,NA,NA,NA,NA,34.02454235,-86.57415730,1936-12-01,2020-09-30,83.8,False
18,AL,1970-10-01,2020-09-30,50.0,0.95,02456000,False,497.89999999999964,21.0,0.027552669731249486,0.022072084199757515,0.010310661576317957,16.80952380952381,42.0,8.666666666666666,196.0,0.006508775484157429,0.007681833179331933,0.006970755862174276,0.0063080406819498265,0.005949362221547273,0.0022770278608855695,0.0008085116655141131,0.0017177406910151049,0.00395625246258701,0.0041955100754696665,0.006640740005159235,0.002670498373109618,NA,NA,NA,NA,NA,NA,NA,NA,NA,33.74037995,-86.81249360,1944-01-01,2020-09-30,76.7,False
19,AL,1970-10-01,2020-09-30,50.0,0.95,02456500,False,5718.999999999978,47.0,0.2527876813285531,0.21573122344761567,0.11277219295439277,19.4468085106383,94.0,7.276595744680851,188.0,0.06247424202859458,0.06626305209436442,0.06071701484183066,0.06214475515391614,0.048865453385051716,0.06627406168432257,0.029449837612682037,0.009986921379751788,0.035117795879936776,0.03555567465091503,0.030206033337765757,0.04590222490715575,NA,NA,NA,NA,NA,NA,NA,NA,NA,33.70982680,-86.98333050,1928-10-01,2020-09-30,92.0,False
20,AL,1978-06-01,2020-09-30,42.0,0.95,02462000,False,877.8999999999996,42.0,0.046271582340568135,0.038414399148638506,0.0210639552703897,18.428571428571427,100.0,10.238095238095237,196.0,0.009815180212873037,0.009543323253002452,0.010025019997841188,0.009928338550120337,0.006142333936249943,0.007553367052252228,0.0035589635449568657,0.0013915306181831047,0.004548089841400691,0.002682649698322609,0.003994805250533868,0.009864856079806202,NA,NA,NA,NA,NA,NA,NA,NA,NA,33.44733226,-87.12221860,1953-10-01,2020-09-30,67.0,False
21,AL,1970-10-01,2020-09-30,50.0,0.95,02464000,False,1568.9999999999782,50.0,0.07949530700469326,0.06922908456058267,0.036697654563381976,18.28,100.0,8.84,179.0,0.017438456520935074,0.016940685807908973,0.018756415388273395,0.02357023235699055,0.011369014147418706,0.006748572822359874,0.0039466321780285,0.0030129577851946403,0.008804307925088047,0.014452970284016807,0.003289910137029019,0.01526814997266993,NA,NA,NA,NA,NA,NA,NA,NA,NA,33.47928058,-87.59722970,1938-12-01,2020-09-30,81.8,False
22,AL,1970-10-01,2020-09-30,50.0,0.95,02465000,False,29300.0,49.0,1.0224688578755659,0.9074498491343727,0.4741413478499932,18.551020408163264,98.0,6.795918367346939,177.0,0.27377921748954764,0.2707914297770182,0.3032629575059598,0.2997133965935814,0.163077852243264,0.07270406998243199,0.07706712970656,0.0,0.32533338326126404,0.093529088024832,0.08003020453478399,0.219253945202208,NA,NA,NA,NA,NA,NA,NA,NA,NA,33.20928528,-87.59000740,1900-10-01,2020-09-30,120.0,False
23,AL,1970-10-01,2019-10-08,49.0,0.95,02467000,True,97600.0,45.0,1.771538168859648,1.586577057563904,0.6825619563936768,19.844444444444445,91.83673469387756,3.6666666666666665,171.0,0.429491806446976,0.5440776252246721,0.7275789464444927,0.6311743085929158,0.7400891027376,0.23548289632560002,0.04831986703824,0.0,0.20208714011942402,0.421789624171776,0.27462810506544,0.432939018446784,NA,NA,NA,NA,NA,NA,NA,NA,NA,32.51958077,-87.87834760,1928-08-01,2019-10-08,91.2,False
24,AL,1970-10-01,2020-09-30,50.0,0.95,02467500,True,3540.0,46.0,0.10557824464824293,0.09724020881380717,0.0414359480610695,19.847826086956523,92.0,3.9782608695652173,178.0,0.0342337083307632,0.0328548882550608,0.03460518005120064,0.056262176172608,0.03093450120665856,0.00867066373587456,0.00382644415431936,0.0,0.00043222834650239996,0.0104224118269824,0.0024404591073744,0.01645077397291776,NA,NA,NA,NA,NA,NA,NA,NA,NA,32.57374714,-88.19335890,1938-10-01,2020-09-30,82.0,False
25,AL,1970-10-01,2020-09-30,50.0,0.95,02469761,True,115000.0,40.0,1.7723604900849121,1.619999997942816,0.684979988558544,22.5,80.0,2.725,167.0,0.39687710274006266,0.793546778422944,0.8063062017608348,0.940218982420032,1.26549120129264,0.34252057647359996,0.00489315109248,0.0,0.0,0.0,0.05137808647104,0.240009061086144,NA,NA,NA,NA,NA,NA,NA,NA,NA,31.75849066,-88.12917630,1960-10-01,2020-09-30,60.0,False
26,AL,1974-10-01,2020-09-30,46.0,0.95,02469800,True,883.8999999999978,46.0,0.04993099554050656,0.04163221660630295,0.020350142034442593,18.282608695652176,100.0,7.8478260869565215,199.0,0.010814353229490073,0.012077196372544428,0.015116668874094375,0.011858070793983454,0.006768897388919645,0.008085720143775876,0.009474241474037111,0.003966102841750574,0.007683086041095179,0.0021926210045402988,0.0037951075991979506,0.009573869525387923,NA,NA,NA,NA,NA,NA,NA,NA,NA,31.74432470,-88.02250660,1956-10-01,2020-09-30,64.0,False
27,AL,1970-10-01,2020-09-30,50.0,0.95,02471001,True,833.0,48.0,0.03481823600501904,0.019578007224251282,0.00912975344306172,19.020833333333332,96.0,8.645833333333334,229.0,0.004225164010252179,0.0048005307325152,0.006987037482632341,0.0081769991589888,0.00841691890065024,0.00420918031633428,0.003741303325310208,0.005810791677716161,0.010486838316366721,0.009297876739546997,0.003008000250535074,0.00602638158477888,NA,NA,NA,NA,NA,NA,NA,NA,NA,30.80296466,-88.14333550,1951-10-01,2020-09-30,69.0,False
28,MS,1970-10-01,2020-09-30,50.0,0.95,02472000,True,4870.0,50.0,0.18292849633192781,0.16516048608491446,0.07677843379210368,18.26,100.0,5.24,186.0,0.054438263164276995,0.05409666365153845,0.0541357266224448,0.07695540275661504,0.034061574265545604,0.0216338442676272,0.0328330438305408,0.0058391603036928,0.010139308085203202,0.0175297137888096,0.016591546165886033,0.026611606097748,NA,NA,NA,NA,NA,NA,NA,NA,NA,31.70694444,-89.40694440,1938-09-12,2020-09-30,82.1,False
29,MS,1970-10-01,2020-09-30,50.0,0.95,02472500,True,1410.0,50.0,0.0770803412145097,0.06327529403729587,0.02955414328346995,18.0,100.0,6.82,193.0,0.015570705797855999,0.017531872531938636,0.022587042977155705,0.026414579431991173,0.020313772844222117,0.0081532130078448,0.0026248260503232003,0.0156152684238768,0.007723838999479681,0.007394774588510401,0.0047482385408950155,0.011221626505420801,NA,NA,NA,NA,NA,NA,NA,NA,NA,31.42583333,-89.41472220,1938-09-16,2020-09-30,82.0,False
30,MS,1970-10-01,2020-09-30,50.0,0.95,02473000,True,10200.0,49.0,0.30539753731789715,0.266467028064768,0.12011687329774628,18.489795918367346,98.0,5.081632653061225,190.0,0.08241335034464,0.08506979939651922,0.097373706740352,0.129651028411104,0.10065619559822402,0.044160688609632,0.021285207252288003,0.032376349728576004,0.018165823430832,0.0196704673917696,0.025580306544576003,0.048733454809152,NA,NA,NA,NA,NA,NA,NA,NA,NA,31.34305556,-89.28027780,1938-09-15,2020-09-30,82.0,False
31,MS,1970-10-01,2020-09-30,50.0,0.95,02473500,True,1480.0,49.0,0.05367037796752732,0.04814011863076114,0.022640809825357714,18.367346938775512,98.0,4.591836734693878,186.0,0.018546999900936192,0.01365583763760991,0.01819133771867136,0.021883677270522095,0.012228800105289601,0.0077556444815807995,0.00166856452253568,0.0031560824546496002,0.0109851242026176,0.0028196783170416,0.008758740455539201,0.012355206508512,NA,NA,NA,NA,NA,NA,NA,NA,NA,31.68083333,-89.11555560,1938-09-13,2020-09-30,82.0,False
32,MS,1970-10-01,2020-09-30,50.0,0.95,02474500,True,3840.0,47.0,0.10271400855500651,0.09065239111204332,0.042957702208065905,18.914893617021278,94.0,4.191489361702128,177.0,0.03707229200429847,0.027709577178018207,0.03769244905341749,0.04424289354798566,0.0284761005452784,0.0551947443231744,0.013187042194233603,0.0032702559801408,0.0141412066572672,0.0044283017386944,0.0106242543095472,0.028560274394428802,NA,NA,NA,NA,NA,NA,NA,NA,NA,31.33277778,-89.11250000,1939-10-01,2020-09-30,81.0,False
33,MS,1970-10-01,2020-09-30,50.0,0.95,02475000,True,20200.0,48.0,0.516115305544104,0.443701766407788,0.19745903471112,18.979166666666668,96.0,3.5625,181.0,0.15931461720015863,0.16406171018728616,0.1833219056797632,0.23487125243904,0.21227379103013239,0.12483651724689601,0.063121649092992,0.018512421633215998,0.045954844010207996,0.028869591445632,0.0426682775264256,0.11909176966620555,NA,NA,NA,NA,NA,NA,NA,NA,NA,31.10741389,-88.80832220,1939-10-01,2020-09-30,81.0,False
34,MS,1970-10-01,2020-09-30,50.0,0.95,02475500,True,2330.0,49.0,0.0938855890329984,0.08574298617420617,0.0392640424092288,18.387755102040817,98.0,6.26530612244898,180.0,0.022824971410582918,0.02628660077802589,0.025760401688952002,0.036785375417512145,0.0151041088901088,0.0122654987384832,0.012534622048569602,0.0046607264155872005,0.0060528279013977605,0.0059900324623776,0.0097268853502656,0.015169832115186365,NA,NA,NA,NA,NA,NA,NA,NA,NA,32.32611110,-88.90916670,1938-08-20,2020-09-30,82.1,False
35,MS,1970-10-01,2020-09-30,50.0,0.95,02476500,True,302.0,50.0,0.019168332226659302,0.016320665085368717,0.007557569725357209,18.18,100.0,10.7,196.0,0.003480060563825381,0.0037517382545004503,0.004887859661647434,0.005284867674532048,0.002252406414252044,0.001789099144447104,0.0023791587978547204,0.0018300385085875202,0.0014701200615628801,0.0011935793557728,0.00231690704228928,0.002719723867708924,NA,NA,NA,NA,NA,NA,NA,NA,NA,32.36777778,-88.67722220,1950-10-01,2020-09-30,70.0,False
36,MS,1970-10-01,2020-09-30,50.0,0.95,02476600,True,1660.0,49.0,0.05245507901251749,0.047545450982685256,0.021284707951156116,18.448979591836736,98.0,7.244897959183674,185.0,0.0127370470491216,0.014412368780308802,0.014022097058305517,0.0219564864177876,0.007836237558398117,0.0045445140771408,0.0045995620269312,0.0026471947410316803,0.00196704673917696,0.0025413803486568,0.00513291549601152,0.006977837339172,NA,NA,NA,NA,NA,NA,NA,NA,NA,32.29833333,-88.75361110,1968-10-01,2020-09-30,52.0,False
37,MS,1970-10-01,2020-09-30,50.0,0.95,02477000,True,5182.999999999993,49.0,0.18363002440825024,0.16805817021779082,0.07713648263377908,18.632653061224488,98.0,5.714285714285714,180.0,0.05411956846966149,0.05317305739679819,0.050507037616146805,0.08085182423300977,0.03597007794700904,0.013187042194233636,0.026173465193675593,0.0064793475716256295,0.005927073918321056,0.016477686303926445,0.010038675862460648,0.028084907943165264,NA,NA,NA,NA,NA,NA,NA,NA,NA,32.17583333,-88.81972220,1938-08-20,2020-09-30,82.1,False
38,MS,2012-11-23,2020-09-30,8.0,0.95,02477500,False,11900.0,7.0,0.20334537897177601,0.183388312730304,0.10093871682201601,20.0,87.5,3.7142857142857144,173.0,0.07431473221704,0.06825945774009601,0.096721286594688,0.0573966623147904,0.024465755462400002,0.06630219730310401,0.0,0.0,0.0,0.0,0.0,0.045424752641856005,NA,NA,NA,NA,NA,NA,NA,NA,NA,31.68254959,-88.68351000,1938-10-01,2020-09-30,82.0,False
39,MS,1970-10-01,2020-09-30,50.0,0.95,02478500,True,15600.0,45.0,0.322784867067264,0.285107603655168,0.121540436302656,20.22222222222222,90.0,3.111111111111111,174.0,0.1205672429187072,0.1031965565404032,0.127842310060848,0.16345252105879932,0.08676446550802036,0.10300083049670401,0.112175488795104,0.029603564109504002,0.0356221399532544,0.0,0.007176621602304,0.039838405144608006,NA,NA,NA,NA,NA,NA,NA,NA,NA,31.14861110,-88.54805560,1938-09-14,2020-09-30,82.0,False
40,MS,1970-10-01,2020-09-30,50.0,0.95,02479000,True,37600.0,44.0,0.9047658785954269,0.7825983528535201,0.3316611172876756,20.727272727272727,88.0,3.0,177.0,0.33579249372144004,0.29853540306619825,0.346679754902208,0.4901591778114528,0.285923128837248,0.25933700790144,0.229733443791936,0.038900551185216,0.12218198277922561,0.028502605113695997,0.11034055713542401,0.15295545483174983,NA,NA,NA,NA,NA,NA,NA,NA,NA,30.97805556,-88.72694440,1930-10-01,2020-09-30,90.0,False
41,MS,1970-10-01,2020-09-30,50.0,0.95,02479130,True,1990.0,48.0,0.08198117863183081,0.060736237935408,0.028805878540782,18.25,96.0,7.020833333333333,198.0,0.015194716915208727,0.0119780261118,0.022660024865691256,0.026945233231503225,0.020136755907641222,0.01514919578231808,0.006545530576786709,0.0207015242291136,0.016454332628257747,0.0082100085115968,0.0060980895490032,0.020456707805947636,NA,NA,NA,NA,NA,NA,NA,NA,NA,31.05194444,-89.20416670,1970-10-01,2020-09-30,50.0,False
42,MS,1970-10-01,2020-09-30,50.0,0.95,02479155,True,337.0,50.0,0.020779597949902043,0.014908893132166388,0.007323579240114816,18.22,100.0,10.16,209.0,0.0032816304103119157,0.0032864410183697725,0.004748991333370782,0.005110303206872029,0.004463936643389635,0.00310680143293248,0.00183772774601856,0.00341358453089136,0.003277282043247951,0.0025382405767057923,0.001337632988123217,0.003907096782671272,NA,NA,NA,NA,NA,NA,NA,NA,NA,31.02527778,-89.01666670,1966-10-01,2020-09-30,54.0,False
43,MS,1970-10-01,2020-09-30,50.0,0.95,02479300,True,3080.0,48.0,0.1004125574500776,0.0587432982717,0.02795722264818,19.020833333333332,96.0,5.6875,213.0,0.0178482216793664,0.0182886052776896,0.021834574670398253,0.024918825008000002,0.046643243208022586,0.0162976882458816,0.017395152133766398,0.04889725886715264,0.033866721998827204,0.01367880387902784,0.007031865882484801,0.0183126179636064,NA,NA,NA,NA,NA,NA,NA,NA,NA,30.73611110,-88.78111110,1961-09-30,2020-09-30,59.0,False
44,MS,1970-10-01,2020-09-30,50.0,0.95,02481000,True,837.6499999999978,48.0,0.04133653764667004,0.024921282343948012,0.012208248870701219,18.645833333333332,96.0,8.75,234.0,0.007416485837366451,0.005759257370512208,0.007237556356237696,0.008940888004956788,0.009837100342412693,0.00545694811660738,0.004560974093732462,0.009104100807200413,0.01025667072534552,0.004350613555195346,0.0041450669303680935,0.00822101651286948,NA,NA,NA,NA,NA,NA,NA,NA,NA,30.55861110,-89.12194440,1952-10-01,2020-09-30,68.0,False
45,LA,1970-10-01,2020-09-30,50.0,0.95,02489500,True,40800.0,35.0,0.72663293723328,0.6463642886690688,0.287367773445504,25.885714285714286,70.0,2.6,173.0,0.248222564705664,0.3446937112234955,0.23106793954443058,0.467433549206316,0.22726462664982108,0.1712602882368,0.0,0.011009589958080001,0.0581061692232,0.0,0.00244657554624,0.09037038423924,NA,NA,NA,NA,NA,NA,NA,NA,NA,30.79324276,-89.82090720,1938-10-01,2020-09-30,82.0,False
46,LA,1970-10-01,2020-09-30,50.0,0.95,02492000,True,6730.0,47.0,0.31925728686477756,0.2581173639642399,0.1323826411630807,19.425531914893618,94.0,5.340425531914893,195.0,0.0917864531040128,0.08014350115147727,0.09430814758091328,0.11225170903327532,0.06208507366419032,0.0428884693255872,0.0365212564664976,0.037828135570780796,0.10740466647993599,0.032280816778675205,0.03234862187238528,0.0699611869533696,NA,NA,NA,NA,NA,NA,NA,NA,NA,30.62935636,-89.89729560,1937-10-01,2020-09-30,83.0,False
47,MS,1970-10-01,2020-09-30,50.0,0.95,02482000,True,5260.0,44.0,0.19578609600806224,0.17334710596976335,0.08477273059742226,20.65909090909091,88.0,3.5,178.0,0.062403986932761606,0.0713900550328056,0.0588410156640528,0.0906598956788784,0.07806777910497216,0.0041347126731456005,0.02324246768928,0.0,0.0342765234028224,0.024098769130463996,0.0147773162992896,0.0370673670794976,NA,NA,NA,NA,NA,NA,NA,NA,NA,32.79888889,-89.33500000,1928-08-15,2020-09-30,92.1,False
48,MS,1970-10-01,2020-09-30,50.0,0.95,02482550,True,7949.500000000007,43.0,0.2821565594038544,0.25151988609712134,0.11873040520598518,21.25581395348837,86.0,3.1627906976744184,175.0,0.09161485713243069,0.10526651901179686,0.0962638911410665,0.13897251163452107,0.12800211416200308,0.002986860979367971,0.0,0.0,0.02326407910660504,0.021651276118394083,0.03566087739940311,0.07430562551917332,NA,NA,NA,NA,NA,NA,NA,NA,NA,32.70722220,-89.52638890,1962-09-01,2020-09-30,58.1,False
49,MS,1970-10-01,2020-09-30,50.0,0.95,02484000,True,2560.0,50.0,0.08193238983781287,0.06938194660071091,0.03312076111477862,18.18,100.0,5.36,179.0,0.02249952424840512,0.015963905439216,0.0195257116719504,0.03258757075073472,0.026157656551684432,0.0109187171520768,0.0060087895415654406,0.0033885071315424,0.0147569281697376,0.017135815125864963,0.012046048325850765,0.019350082498809602,NA,NA,NA,NA,NA,NA,NA,NA,NA,33.03222220,-89.57777780,1938-08-17,2020-09-30,82.1,False
50,MS,1970-10-01,2020-09-30,50.0,0.95,02484500,True,3010.0,47.0,0.11182724219075622,0.09781981636654938,0.04607422301558482,18.95744680851064,94.0,3.765957446808511,178.0,0.03455505661885588,0.0266781587777856,0.031014141458922374,0.05360164724633428,0.04445917082627328,0.0045121843288512,0.012281809242124799,9.78630218496e-05,0.01671826623264,0.01901478514537728,0.023164992796982403,0.0433390469886864,NA,NA,NA,NA,NA,NA,NA,NA,NA,32.70611110,-89.67194440,1943-10-01,2020-09-30,77.0,False
51,MS,1970-10-01,2020-09-30,50.0,0.95,02486000,False,19600.0,41.0,0.5197123185956746,0.47062565897769837,0.21589537381210538,21.195121951219512,82.0,2.8536585365853657,171.0,0.165470059444032,0.18284815968762763,0.17405637457536,0.2965805601939753,0.22086460743681602,0.009052329521088,0.0,0.015902741050560002,0.13113644927846402,0.029848221664128,0.087995167146432,0.15046439609376,NA,NA,NA,NA,NA,NA,NA,NA,NA,32.28138889,-90.17888890,1901-10-01,2020-09-30,119.0,False
52,MS,1970-10-01,2020-09-30,50.0,0.95,02487500,False,2970.0,27.0,0.11766941010504961,0.10547912091113601,0.053311787291660806,18.85185185185185,54.0,6.62962962962963,198.0,0.022640610104904958,0.03437994682364073,0.028103368467741384,0.037908328880352005,0.0190623186131328,0.0167753529953856,0.0146427546442464,0.013823151836256,0.0068748772849344,0.020123083867824,0.015413425941311999,0.017711324973588186,NA,NA,NA,NA,NA,NA,NA,NA,NA,31.97777778,-89.89750000,1928-10-01,2020-09-30,92.0,False
53,MS,1984-10-12,2020-09-30,36.0,0.95,02488000,False,26500.0,18.0,0.576127764880416,0.505299402816768,0.327949859887104,21.555555555555557,50.0,2.9444444444444446,171.0,0.30392584723166405,0.34496715201984,0.17414181054681602,0.17427773141049602,0.20632787106623998,0.001467945327744,0.0,0.032539454764992,0.0,0.0029358906554880003,0.018838631706048003,0.011009589958080001,NA,NA,NA,NA,NA,NA,NA,NA,NA,31.79083333,-90.14250000,1938-10-01,2020-09-30,82.0,False
54,MS,1970-10-01,2020-09-30,50.0,0.95,02488500,True,30000.0,40.0,0.6202191338495713,0.5559598271275776,0.23590493060732642,21.55,80.0,2.6,175.0,0.276687306150192,0.2608171861069152,0.184594124963808,0.46469984083555205,0.2409632255491776,0.093459185866368,0.0014679453277440001,0.0428150720592,0.007462055416032001,0.008073699302592,0.00366986331936,0.128515118336064,NA,NA,NA,NA,NA,NA,NA,NA,NA,31.55333333,-90.08805560,1938-10-01,2020-09-30,82.0,False
55,AR,1970-10-01,2020-09-30,50.0,0.95,07032000,False,1230000.0,16.0,14.986804330436401,10.9514837888568,2.6805293328492,33.8125,32.0,2.0625,185.0,3.9185984998944003,4.801404509496,7.2608925377856,6.69872384560512,7.6997227548096,3.8411236075968,2.9848221664128003,0.0,0.0,0.0,0.0,0.1712602882368,NA,NA,NA,NA,NA,NA,NA,NA,NA,35.12314616,-90.07759200,1933-01-01,2020-09-30,87.7,False
56,MS,1970-10-01,2020-09-30,50.0,0.95,07029270,False,1730.0,19.0,0.06941192358950905,0.06260014220024085,0.02973361891485676,16.63157894736842,38.0,5.315789473684211,194.0,0.014797704428841601,0.0271950464050944,0.026018389943667692,0.01414609980835968,0.0133093709715456,0.0172361247232608,0.0,0.0,0.003149966015784,0.0024955070571648,0.02895277501420416,0.010970068353102278,NA,NA,NA,NA,NA,NA,NA,NA,NA,34.94175668,-88.78755570,1947-10-01,2020-09-30,73.0,False
57,TN,1970-10-01,2020-09-30,50.0,0.95,07024500,False,2517.9999999999927,37.0,0.09819575612388898,0.06897451903623245,0.04161545655758161,18.405405405405407,74.0,4.945945945945946,189.0,0.017805404222730734,0.029081356151245543,0.019503210590790365,0.026713726640768837,0.05294249677746443,0.033178010982560735,0.005767801850260845,0.024498376469683256,0.01549905608543046,0.002953016684311713,0.011734665983602087,0.029478469638096343,NA,NA,NA,NA,NA,NA,NA,NA,NA,36.11812090,-88.81089460,1929-08-01,2020-09-30,91.2,False
58,TN,1970-10-01,2020-09-30,50.0,0.95,07025400,False,2567.5,30.0,0.10885793235440257,0.08818131076924177,0.04740688659690144,17.866666666666667,60.0,8.466666666666667,203.0,0.015717960213251874,0.027742557105186444,0.025534742164137817,0.023164992796982403,0.0193068790814256,0.011279732674644001,0.010642603626144,0.0193524125707584,0.0068422562776511995,0.00455552366709888,0.013461811447888246,0.029822838442835765,NA,NA,NA,NA,NA,NA,NA,NA,NA,36.40530950,-88.85476800,1939-01-21,2020-09-30,81.7,False
59,TN,1970-10-01,2020-09-30,50.0,0.95,07026040,False,11400.0,42.0,0.34143709301740804,0.263758319424288,0.176625278898912,18.714285714285715,84.0,4.428571428571429,182.0,0.0658515123340598,0.11172340418329879,0.065068715465208,0.08009315735585684,0.16941720132529922,0.0710485538628096,0.028869591445631997,0.07877973258892801,0.00366986331936,0.020143471997376,0.07202106764244,0.15641063839962158,NA,NA,NA,NA,NA,NA,NA,NA,NA,36.24082940,-89.21764400,1929-08-01,2020-09-30,91.2,False
60,TN,1970-10-01,2020-09-30,50.0,0.95,07029500,True,8440.0,41.0,0.2960243033059233,0.23726591284564028,0.1487225536499857,21.853658536585368,82.0,3.4634146341463414,178.0,0.08002381625419104,0.1143622613190528,0.10649387312885848,0.05327662909492224,0.1394967474307584,0.044092184494337286,0.0,0.0,0.0160740013387968,0.06248553945096961,0.04437598725770112,0.1164189381591936,NA,NA,NA,NA,NA,NA,NA,NA,NA,35.27532938,-88.97663030,1929-08-01,2020-09-30,91.2,False
61,TN,1970-10-01,2020-09-30,50.0,0.95,07030050,False,10500.0,29.0,0.35489687415061405,0.2542666909935426,0.11778152138295393,21.586206896551722,57.99999999999999,2.9655172413793105,179.0,0.090305821828992,0.1192460921237376,0.17929634791560367,0.094845578675904,0.2976666914592,0.10826096792112,0.0,0.0,0.0,0.022753152580032,0.051133428916416,0.11753756686728001,NA,NA,NA,NA,NA,NA,NA,NA,NA,35.63733496,-89.60945500,1939-01-07,2020-09-30,81.7,False
62,TN,1970-10-01,2020-09-30,50.0,0.95,07030240,True,1610.0,47.0,0.11542526988769472,0.08965241842601629,0.043748935150679694,18.0,94.0,10.25531914893617,206.0,0.01540910845505393,0.0217684059226704,0.025626310529206157,0.022654609953864,0.02556033208721781,0.011082987224467199,0.012242287637147077,0.004781943113105455,0.008821016923988945,0.011476663471453092,0.015566892952848872,0.02532428106317149,NA,NA,NA,NA,NA,NA,NA,NA,NA,35.31094970,-89.63955990,1969-10-01,2020-09-30,51.0,False
63,TN,1970-10-01,2020-09-30,50.0,0.95,07030500,False,2201.999999999998,18.0,0.1200349768165364,0.09642905673777608,0.05208433127872133,21.0,36.0,4.888888888888889,195.0,0.02656858714439331,0.04067854435945626,0.03171169670518082,0.025810995616594137,0.0318418312235213,0.011432032002397457,0.0065372498595532985,0.0,0.0434071433413901,0.037183055151755545,0.02737391826169729,0.027750527790781847,NA,NA,NA,NA,NA,NA,NA,NA,NA,35.05425748,-89.54118960,1929-08-01,2020-09-30,91.2,False
64,TN,1970-10-01,2020-09-30,50.0,0.95,07031650,True,3360.0,42.0,0.1419852642720768,0.1131640218193824,0.0542464050400128,19.904761904761905,84.0,5.238095238095238,195.0,0.02432263079294496,0.03614148121693353,0.051681461838773764,0.0377071660021056,0.0591931477873152,0.016762537599667202,0.00394387978053888,0.0007706712970656,0.017101563068217602,0.0200828901267072,0.0164409876707328,0.043338426480395695,NA,NA,NA,NA,NA,NA,NA,NA,NA,35.11647925,-89.80147420,1969-10-01,2020-09-30,51.0,False
65,TN,1970-10-01,2020-09-30,50.0,0.95,07032200,True,569.6499999999978,50.0,0.04066819957079896,0.03126865204818855,0.015593263923413956,17.54,100.0,11.82,203.0,0.0053623817480003945,0.007655169575026449,0.008232196621729264,0.007590512566724475,0.006771222628214147,0.005186488304663757,0.004100475906595413,0.001693900171525639,0.0032369982358885214,0.004464851829801275,0.004877158957322956,0.007701353038702741,NA,NA,NA,NA,NA,NA,NA,NA,NA,35.04981397,-89.81897519,1969-10-01,2020-09-30,51.0,False
66,KY,1970-10-01,2020-09-30,50.0,0.95,07024000,False,556.0,41.0,0.02856132292680576,0.021900729856177407,0.012014177746395864,18.29268292682927,82.0,10.097560975609756,202.0,0.00403449045344784,0.0058403465221394625,0.006886665330748102,0.003398048776172736,0.0038035780828679635,0.004376760547186944,0.00440348647243968,0.0025947292876512,0.002067845651682048,0.0014665861191072,0.004007748279009145,0.00644427998879616,NA,NA,NA,NA,NA,NA,NA,NA,NA,36.62867070,-88.96395100,1939-10-01,2020-09-30,81.0,False
67,AR,1970-10-01,2020-09-30,50.0,0.95,07047942,True,2790.0,44.0,0.08257081260580626,0.06334628921132858,0.0359768934074592,20.59090909090909,88.0,3.2045454545454546,177.0,0.01756209493574513,0.031802220000391686,0.0256360340986848,0.026424455061478027,0.0370184355685728,0.0271814543187264,0.007135845343200001,0.0,0.018760341288568322,0.012750736221820798,0.0209706475392,0.035104104174550545,NA,NA,NA,NA,NA,NA,NA,NA,NA,35.14472220,-90.87805560,1970-10-01,2020-09-30,50.0,False
68,AR,1970-10-01,2020-09-30,50.0,0.95,07047950,False,4280.0,23.0,0.2033561682179737,0.17201234428514423,0.06982952100368306,23.695652173913043,46.0,2.869565217391304,178.0,0.036545166182063125,0.0678863549692944,0.1872065239637376,0.04575585586578048,0.0640605224588616,0.032111304044400005,0.0428150720592,0.0,0.006899343040396801,0.011682398233296,0.0346312768570272,0.06609913153276607,NA,NA,NA,NA,NA,NA,NA,NA,NA,34.97277778,-90.88555560,1949-04-01,2020-09-30,71.5,False
69,AR,1990-10-01,2020-09-30,30.0,0.95,07076750,False,64200.0,16.0,1.107855280628964,0.711846446275692,0.259658120941884,24.5,53.333333333333336,1.8125,174.0,0.5288028385643135,0.231935361783552,0.39561126582700806,0.698660423487936,0.638800875123264,0.289429887120192,0.0,0.0,0.0,0.008073699302592,0.669383069451264,0.19425809837145602,NA,NA,NA,NA,NA,NA,NA,NA,NA,35.12888889,-91.44972220,1927-10-01,2020-09-30,93.0,False
70,AR,1988-10-01,2020-09-30,32.0,0.95,07077000,False,67100.0,20.0,1.3980955958988481,1.0159037969429665,0.3834150867290016,29.1,62.5,2.1,177.0,0.558553197206592,0.577432605171744,0.49097878061944317,0.876913840161072,0.713557350147264,0.407273275930752,0.0,0.0,0.0,0.0,0.724675676796288,0.21309673007750402,NA,NA,NA,NA,NA,NA,NA,NA,NA,34.79444444,-91.44472220,1949-10-01,2020-09-30,71.0,False
71,AR,1970-10-01,2020-09-30,50.0,0.95,07077380,True,3870.0,36.0,0.058734123613401606,0.0450727176049248,0.022608396860212803,25.194444444444443,72.0,3.3055555555555554,183.0,0.014661511723434242,0.017454568968460798,0.0224947330379604,0.0199186200543168,0.024087255833775814,0.006936041673590401,0.0005504794979039999,0.008944680197053441,0.0087709733332704,0.0016962923787263997,0.0141615947868192,0.02056562620927624,NA,NA,NA,NA,NA,NA,NA,NA,NA,35.85750000,-90.93305560,1964-10-01,2020-09-30,56.0,False
72,AR,1970-10-01,2010-10-31,40.0,0.95,07077700,False,2060.0,14.0,0.0246841997076,0.0188333890441632,0.008833885275888001,25.5,35.0,2.5714285714285716,165.0,0.0082408819649184,0.0031397719510079997,0.0032865664837823994,0.0192728988655056,0.0173034055507824,0.0026341463381184,0.0,0.0,0.0031316166991872,0.0016636713714432002,0.014394019463712,0.009258540888556802,NA,NA,NA,NA,NA,NA,NA,NA,NA,35.25194444,-91.11194440,1939-04-01,2010-10-31,71.6,False
73,AR,1970-10-01,2020-09-30,50.0,0.95,07264000,True,1270.0,41.0,0.034067072667034536,0.026961262519564797,0.014893081093428762,22.048780487804876,82.0,2.8536585365853657,172.0,0.012035404133539202,0.012323401026410882,0.01094391871973356,0.009988824271843201,0.0122138488102848,0.0103184323662672,0.0,0.0,0.01712602882368,0.004363059724128,0.010706214590346241,0.014494848031678255,NA,NA,NA,NA,NA,NA,NA,NA,NA,34.73666667,-91.91583330,1954-10-01,2020-09-30,66.0,False
74,MO,1983-06-03,2020-09-30,37.0,0.95,07035000,False,496.59999999999854,30.0,0.033690535938490696,0.02502315061384808,0.008668706475437585,17.8,81.08108108108108,9.366666666666667,196.0,0.004229982324916195,0.004371685102230245,0.004952828715996372,0.009408958683211595,0.007226672606887852,0.0045366850353928435,0.0018319957690245193,0.003609090382791407,0.0016407714243303992,0.006232797998579183,0.008502798071208179,0.005323310580362608,NA,NA,NA,NA,NA,NA,NA,NA,NA,37.55936667,-90.31291390,1939-02-10,2020-09-30,81.6,False
75,MO,1970-10-01,2020-09-30,50.0,0.95,07037500,True,4461.499999999978,49.0,0.32087075456975345,0.2473602466858415,0.0929000185287695,18.26530612244898,98.0,7.653061224489796,191.0,0.04226685790902415,0.04665185088608557,0.06836196205967325,0.10264096147544823,0.07818198969979008,0.03060621525154504,0.015997953615567936,0.03561418858272924,0.03478989650494189,0.05425966314940163,0.08441330640808394,0.06859973562231907,NA,NA,NA,NA,NA,NA,NA,NA,NA,37.19452778,-90.50330560,1921-06-16,2020-09-30,99.3,False
76,MO,1970-10-01,2020-09-30,50.0,0.95,07039500,True,6060.0,34.0,0.12727877530687795,0.0820401542948143,0.04345981667373854,23.08823529411765,68.0,2.0588235294117645,156.0,0.056124443030745604,0.016606811124422402,0.03384103295559168,0.0647771652126144,0.1526744693371968,0.041010722593848,0.0,0.0,0.0,0.0,0.026790002231328002,0.06780378304460881,NA,NA,NA,NA,NA,NA,NA,NA,NA,36.92811110,-90.26527780,1940-10-01,2020-09-30,80.0,False
77,MO,1970-10-01,2020-09-30,50.0,0.95,07043500,True,2710.0,47.0,0.08680502092858376,0.06752860836415538,0.03507504401727605,17.872340425531913,94.0,6.468085106382978,186.0,0.0165371031386208,0.0202676130528704,0.020843192603600638,0.02551025502252554,0.023237936993824,0.0107669712164112,0.004090674313313281,0.0064773087586704,0.00529438948206336,0.014018877879955201,0.01246079555840236,0.027750549065351793,NA,NA,NA,NA,NA,NA,NA,NA,NA,36.83452778,-89.73005560,1945-10-01,2020-09-30,75.0,False
78,MS,1970-10-01,2020-09-30,50.0,0.95,07268000,True,4134.500000000007,50.0,0.24168980955489963,0.17980015804397229,0.09965545649204169,17.56,100.0,9.52,197.0,0.04840089186368306,0.044401030676834104,0.044990818130827864,0.03947285671233509,0.05066364422920086,0.04756792733520024,0.05468218674623707,0.03718329980931011,0.019330087568898927,0.020116792673562204,0.04691855491507884,0.051138394025612724,NA,NA,NA,NA,NA,NA,NA,NA,NA,34.48250000,-89.22444440,1938-10-01,2020-09-30,82.0,False
79,MS,1970-10-01,2020-09-30,50.0,0.95,07274000,True,1620.0,50.0,0.07427656563851866,0.060861502603375486,0.03331550852825933,18.08,100.0,7.88,188.0,0.012253636554016583,0.01913666909077178,0.016518352356924716,0.015827945741003522,0.017057524708385282,0.011376576290016,0.0052454579711385604,0.0026423015899392,0.0059390621384976,0.007173359501575679,0.0132589103509044,0.020319204520482272,NA,NA,NA,NA,NA,NA,NA,NA,NA,34.27333330,-89.52138890,1951-10-01,2020-09-30,69.0,False
80,MS,1970-10-01,2020-09-30,50.0,0.95,07283000,True,1560.0,50.0,0.14931352695680872,0.11856888001253837,0.0658138608240745,18.24,100.0,11.68,198.0,0.026121700805802443,0.031028545183753056,0.026438439962618295,0.02717706302928443,0.03521623082853731,0.021172952609578164,0.0122546250693888,0.0035257872038592006,0.0067219663132944,0.01798477684041024,0.01572509839133301,0.02772697454187451,NA,NA,NA,NA,NA,NA,NA,NA,NA,33.97361110,-89.34777780,1947-10-01,2020-09-30,73.0,False
81,MS,1990-10-01,2020-09-30,30.0,0.95,07285500,False,5970.0,28.0,0.070234193716704,0.0540946591043472,0.0359541752059584,19.357142857142858,93.33333333333333,6.892857142857143,171.0,0.017802056277246316,0.029774824397740797,0.010350373769232,0.0194729937941088,0.0402064108830216,0.01694498223325824,0.0,0.0,0.0073886581496448,0.005841199116648,0.00980098163823744,0.014755074703414693,NA,NA,NA,NA,NA,NA,NA,NA,NA,33.78777778,-89.80972220,1909-04-01,2020-09-30,111.5,False
82,MS,2016-07-28,2020-09-30,4.0,0.95,07288000,False,440.8000000000002,4.0,0.00571862568178137,0.004559560516750171,0.0017504024745574056,17.0,100.0,11.75,215.0,0.0003673533182679352,0.000847656874253951,0.002041259530746238,0.0009424209004116468,0.00038484633342355135,0.0007092622508549751,0.00011058521469004756,0.0003185441361204476,0.0003038646828430076,0.0009453567910671351,0.0011427954376487027,0.0009964086674653426,NA,NA,NA,NA,NA,NA,NA,NA,NA,34.19733086,-90.57509900,1937-03-01,2020-09-30,83.6,False
83,MS,1970-10-01,2020-09-30,50.0,0.95,07288500,False,4987.5,23.0,0.06639793286795688,0.05432381661513788,0.023602805718101215,22.26086956521739,46.0,3.130434782608696,166.0,0.023300064155264404,0.01663243220722608,0.043754779484914914,0.0276611578811856,0.01331487576652464,0.10140443995278241,0.0,0.0,0.0033823906926768,0.019884542752065602,0.01582628556474,0.0107710488423216,NA,NA,NA,NA,NA,NA,NA,NA,NA,33.54733970,-90.54314410,1935-10-01,2020-09-30,85.0,False
84,AR,1970-10-01,2020-09-30,50.0,0.95,07356000,True,2750.0,50.0,0.16943612150952347,0.11313405709412085,0.05403457819914739,18.18,100.0,8.38,192.0,0.02219138119499151,0.023743200151077122,0.0329099362048512,0.0222522841973712,0.03606623048422342,0.0202506553070208,0.010071735998688,0.032141886238728004,0.0417249867324864,0.03360643354488,0.04008175785894068,0.039234916509868795,NA,NA,NA,NA,NA,NA,NA,NA,NA,34.61000000,-93.69750000,1941-10-01,2020-09-30,79.0,False
85,AR,1970-10-01,2020-09-30,50.0,0.95,07358250,False,4.133499999999994,16.0,0.0003351406342493389,0.0001922265232022471,0.00010254247985921316,16.125,32.0,5.75,197.0,4.4454277675180854e-05,0.0001216215130978412,5.401636868686758e-05,5.1805557587313645e-05,8.769662667799205e-05,4.909910134971747e-05,0.0,2.7043528622307164e-05,0.0001470171711491079,0.0001658418573745423,9.84300157324412e-05,9.83827443977799e-05,NA,NA,NA,NA,NA,NA,NA,NA,NA,34.51344444,-93.08041670,1970-10-01,2020-09-30,50.0,False
86,AR,1970-10-01,2020-09-30,50.0,0.95,07359002,True,8470.0,47.0,0.14618080669588576,0.10200658383855116,0.047580168346493826,19.06382978723404,94.0,6.702127659574468,188.0,0.02705655019873415,0.035143528612021205,0.030640022477274764,0.0405605980002944,0.04442425152074968,0.033548307387294495,0.0059451785773632,0.0077617609204464,0.0475797779355024,0.033469153472563205,0.041517099348352675,0.0483290416965384,NA,NA,NA,NA,NA,NA,NA,NA,NA,34.42611110,-92.89083330,1928-10-01,2020-09-30,92.0,False
87,AR,1970-10-01,2020-09-30,50.0,0.95,07361500,True,1140.0,50.0,0.0753281038082926,0.05444707083624346,0.02630019780697075,18.1,100.0,9.04,199.0,0.011732797689548545,0.012328516593462109,0.014580929018956282,0.015437127141916201,0.018466940421138462,0.008964951823008,0.008667867649536,0.0030215207996064,0.01677372194502144,0.01087852341096,0.016254835183518886,0.01756711144358784,NA,NA,NA,NA,NA,NA,NA,NA,NA,34.03888889,-93.41805560,1954-10-01,2020-09-30,66.0,False
88,AR,1970-10-01,2020-09-30,50.0,0.95,07362000,True,30300.0,41.0,0.8607709169989604,0.5739069505736054,0.2636394005083645,21.658536585365855,82.0,4.097560975609756,188.0,0.076604998770048,0.17747974080961013,0.26903821180653076,0.2476679062743736,0.400030392907404,0.1821964809284928,0.120065694931728,0.435245789676096,0.27964358493523206,0.594844067809152,0.09296987075712,0.3029105183799744,NA,NA,NA,NA,NA,NA,NA,NA,NA,33.59638889,-92.81805560,1928-10-01,2020-09-30,92.0,False
89,AR,1970-10-01,2020-09-30,50.0,0.95,07362100,True,1910.0,45.0,0.09589923721115136,0.06565630135889665,0.03228501090818304,20.08888888888889,90.0,5.088888888888889,191.0,0.01553086156753152,0.022931548713612,0.027956494500696,0.02882399617408844,0.017547383501088,0.053795747942642615,0.0202209468896736,0.0041102469176832,0.0253342897813152,0.07941584223095041,0.0121140440618112,0.0281833852567104,NA,NA,NA,NA,NA,NA,NA,NA,NA,33.37527778,-92.77666670,1961-10-01,2020-09-30,59.0,False
90,AR,1970-10-01,2018-10-01,48.0,0.95,07362500,False,1390.0,28.0,0.07274280742858079,0.05015479869792,0.023427708409209602,19.714285714285715,58.333333333333336,4.5,200.0,0.0141330514054464,0.0156845880643536,0.0231418862501568,0.0159897304033152,0.0227164539468384,0.0144225628450848,0.0054191648349216,0.0049910141143296,0.0342887562805536,0.07462055416032001,0.0146631427737984,0.026197178156662154,NA,NA,NA,NA,NA,NA,NA,NA,NA,33.79222220,-92.33333330,1951-10-01,2018-10-01,67.0,False
91,AR,1970-10-01,2020-09-30,50.0,0.95,07363000,False,3230.4999999999927,30.0,0.22615703965844272,0.15978323924435198,0.06876369696017617,18.266666666666666,60.0,9.133333333333333,196.0,0.020065644946477088,0.03360584258460319,0.045184474102883676,0.046451498846094785,0.04971758125618614,0.04678402923908789,0.0008795439088732979,0.057709823984709196,0.07089441960339653,0.04111243023441318,0.05506629910699686,0.04040630193032934,NA,NA,NA,NA,NA,NA,NA,NA,NA,34.56777778,-92.61027780,1950-10-01,2020-09-30,70.0,False
92,AR,1970-10-01,2020-09-30,50.0,0.95,07363200,False,6530.0,32.0,0.2415442872414096,0.18040971622487942,0.0878496468717546,18.3125,64.0,4.40625,189.0,0.03259188138384,0.07397315263116111,0.0651224042063616,0.0745444384766592,0.08700634286316,0.061647587326382404,0.0,0.005480329223577601,0.06816771115711201,0.1408982857079616,0.04479190510056193,0.09951795545123521,NA,NA,NA,NA,NA,NA,NA,NA,NA,34.11611110,-92.40555560,1970-10-01,2020-09-30,50.0,False
93,AR,1970-10-01,2020-09-30,50.0,0.95,07363500,True,11000.0,40.0,0.3632736535445808,0.2659182961208256,0.13396836047323682,22.375,80.0,3.125,182.0,0.08962621751059201,0.11000852188272,0.111839084657496,0.10875610821024,0.154348334773416,0.10931299540600321,0.037677263412096,0.0,0.340318658481984,0.250040020825728,0.077495280427152,0.154638865619532,NA,NA,NA,NA,NA,NA,NA,NA,NA,33.70083330,-92.02583330,1937-10-01,2020-09-30,83.0,False
94,AR,1970-10-01,2020-09-30,50.0,0.95,07364150,False,3090.0,26.0,0.06441457017012037,0.05439772528945698,0.021219337910658463,28.576923076923077,52.0,2.3461538461538463,164.0,0.0184838782518432,0.030215207996063996,0.03719284145394049,0.01955036277404509,0.0178246620629952,0.0033395756206176,0.046827455955033605,0.0004159178428608,0.0,0.023046741645580803,0.0448457297625792,0.008088990399756,NA,NA,NA,NA,NA,NA,NA,NA,NA,33.62777778,-91.44583330,1938-10-01,2020-09-30,82.0,False
95,LA,1970-10-01,2020-09-30,50.0,0.95,07364200,True,5200.0,24.0,0.069554103966648,0.0558339121846296,0.019541002769114402,37.875,48.0,2.0833333333333335,177.0,0.023055916303879202,0.018897757281748803,0.040272381045072005,0.0199232801982144,0.040823559564560644,0.0034986030311232002,0.08643751404865921,0.0110340557135424,0.0,0.0206980291211904,0.068137128962784,0.0192545495489088,NA,NA,NA,NA,NA,NA,NA,NA,NA,32.99040490,-91.65567790,1957-10-01,2020-09-30,63.0,False
96,LA,1970-10-01,2020-09-30,50.0,0.95,07364300,False,2111.4999999999964,12.0,0.12209380411891341,0.10479182573719963,0.040836811848769514,22.916666666666668,24.0,4.416666666666667,182.0,0.024699752937858303,0.039848249698591735,0.04853068029780774,0.05162600612639242,0.04974530311586815,0.004321264058546423,0.0,0.0,0.0,0.0,0.020928007222536998,0.01273524124336133,NA,NA,NA,NA,NA,NA,NA,NA,NA,32.98207210,-91.80568180,1955-10-01,2020-09-30,65.0,False
97,LA,1970-10-01,2020-09-30,50.0,0.95,07366200,True,905.0,46.0,0.04782103155893163,0.03710747724194667,0.020011339189070734,19.434782608695652,92.0,5.326086956521739,190.0,0.010783469918171742,0.01220072273830656,0.013296701205324,0.013704150401686885,0.009121121468799925,0.0145591633130832,0.0119239975684872,0.0009663973407648001,0.0016670965772079363,0.02651415083848944,0.00794566184900544,0.01492655740761024,NA,NA,NA,NA,NA,NA,NA,NA,NA,32.92930640,-92.63293050,1955-10-01,2020-09-30,65.0,False
98,LA,1970-10-01,2020-09-30,50.0,0.95,07372200,True,10300.0,41.0,0.4049738927344484,0.3079999922418966,0.14239666404859785,20.073170731707318,82.0,3.0,178.0,0.1256194214216928,0.10209946055861559,0.1649114246943072,0.180694895186988,0.21416945935547077,0.064406101254768,0.428640035701248,0.004648493537856,0.03608698930704,0.0,0.12007792780945921,0.11549875391208002,NA,NA,NA,NA,NA,NA,NA,NA,NA,31.75433630,-92.34458330,1957-10-01,2020-09-30,63.0,False
99,LA,1970-10-01,2020-09-30,50.0,0.95,07373000,True,188.89999999999782,50.0,0.018034804417179855,0.013697334242215135,0.007223563231784568,18.28,100.0,9.84,183.0,0.0037382235184461395,0.0035200270980686745,0.003732991241723643,0.003346156908837003,0.0035638308626429745,0.0017288970755059724,0.000993717434364489,0.000503586799934409,0.002118311832722227,0.0042467514415425464,0.0035325993104180125,0.003054045862750549,NA,NA,NA,NA,NA,NA,NA,NA,NA,31.53628730,-92.40847140,1942-01-01,2020-09-30,78.7,False
100,LA,1970-10-01,2020-09-30,50.0,0.95,07368000,True,795.25,48.0,0.01791355855536891,0.013846215907811701,0.00726528448069326,19.020833333333332,96.0,3.4583333333333335,164.0,0.0051107377417544,0.004486859992529405,0.00853918942616352,0.005359563536197921,0.00797906925557136,0.00083509778644992,0.00436744317198168,0.00160923506553936,0.0337413350020824,0.0056399682779697605,0.0036445079000626034,0.00632623271869008,NA,NA,NA,NA,NA,NA,NA,NA,NA,32.48125346,-91.79790400,1938-10-01,2020-09-30,82.0,False
101,LA,1970-10-01,2020-09-30,50.0,0.95,07369000,True,12900.0,46.0,0.19024784193261912,0.14791144769768347,0.07693948228675618,19.652173913043477,92.0,4.1521739130434785,169.0,0.05192386101597046,0.04642621756545024,0.08728714301108073,0.04058740064078147,0.097720304942736,0.009235822687056,0.048258702649584,0.059207128219008004,0.105569734820256,0.034313222036016,0.04409481926800247,0.05142701798196481,NA,NA,NA,NA,NA,NA,NA,NA,NA,32.50000000,-91.91805560,1939-04-01,2020-09-30,81.5,False
102,LA,1970-10-01,2020-09-30,50.0,0.95,07369500,True,1851.4999999999782,50.0,0.024301370051449115,0.01666643960731956,0.010572998551853919,18.26,100.0,3.26,160.0,0.011417061290126845,0.004414794602866456,0.00644812460751199,0.006730665248570258,0.019635943492395346,0.014260069452555707,0.0029575020728132805,0.0010446877582445868,0.019973842759504108,0.009942533509127513,0.0043735874128423375,0.009146828501561854,NA,NA,NA,NA,NA,NA,NA,NA,NA,32.43208704,-91.36678139,1936-04-01,2020-09-30,84.5,False
103,LA,1970-10-01,2020-09-22,50.0,0.95,07369700,False,1521.4999999999964,3.0,0.14621917975844326,0.11337594186312637,0.06450110993848067,79.0,6.0,6.0,175.0,0.039717707417660314,0.011612670830228329,0.02542848293984554,0.04881101707914785,0.03864610732840718,0.04930950684669424,0.0,0.0,0.010574099510849387,0.0,0.023573978675795724,0.02556243295100221,NA,NA,NA,NA,NA,NA,NA,NA,NA,32.99317990,-91.26261190,1957-10-01,2020-09-22,63.0,False
104,MS,1970-10-01,2020-09-30,50.0,0.95,07290000,True,16200.0,40.0,0.49296050681189757,0.4297165289415936,0.20118190716731518,22.475,80.0,2.675,173.0,0.19428688161317645,0.20428905811104,0.15000566317883998,0.263391333092352,0.17380096284251076,0.0007339726638720001,0.00489315109248,0.004648493537856,0.0056271237563520005,0.12722192840448,0.010030959739584,0.18667371417811202,NA,NA,NA,NA,NA,NA,NA,NA,NA,32.34777778,-90.69694440,1936-02-01,2020-09-30,84.7,False
105,MS,1970-10-01,2020-09-30,50.0,0.95,07290650,True,4330.0,50.0,0.2527009163898186,0.20751315536587508,0.10694715685278913,16.2,100.0,8.56,200.0,0.057378992602512,0.05244041532664421,0.05181676315619141,0.07111527865043432,0.06423419713086113,0.01736401389954153,0.016846420189824,0.026123310394977603,0.06944849345556864,0.0193089178943808,0.0283359321546084,0.0368279521867584,NA,NA,NA,NA,NA,NA,NA,NA,NA,32.01861110,-90.87833330,1961-06-01,2020-09-30,59.3,False
106,MS,1970-10-01,2020-09-30,50.0,0.95,07291000,True,842.3999999999942,48.0,0.08978601967002083,0.07312828579402066,0.040577434064609,18.270833333333332,96.0,10.520833333333334,200.0,0.01685641619848441,0.020935518209463974,0.017894776222702472,0.017880005840547768,0.01410563344882491,0.0058615464699409295,0.010645906503131474,0.009041875971026818,0.015621629520297053,0.009661437865718296,0.008357526531711328,0.015206522105585958,NA,NA,NA,NA,NA,NA,NA,NA,NA,31.50305556,-90.77750000,1938-10-01,2020-09-30,82.0,False
107,MS,1970-10-01,2020-09-30,50.0,0.95,07292500,True,3904.5000000000073,48.0,0.2711740246122256,0.21865728659086847,0.11872504798787416,18.270833333333332,96.0,10.0,199.0,0.06072118469975537,0.05915224122813503,0.049308397353132354,0.06596286468870574,0.04659236228663575,0.024625292576144348,0.03353949251951755,0.026014284872198243,0.032887997681271694,0.040374748872689235,0.03843937169474972,0.037207484928165724,NA,NA,NA,NA,NA,NA,NA,NA,NA,31.32472220,-91.10944440,1951-10-01,2020-09-30,69.0,False
108,MS,1970-10-01,2020-09-30,50.0,0.95,07295000,True,1200.0,50.0,0.09045332315025753,0.07159071500385639,0.03960565425764237,16.68,100.0,10.66,204.0,0.018923366761551923,0.018786716566408273,0.02099354969374939,0.018818360080093438,0.010975156672614401,0.011327644779091199,0.003934538310271418,0.01849855770512064,0.0079670985109344,0.014255380182758402,0.006493433915679709,0.012060258234326401,NA,NA,NA,NA,NA,NA,NA,NA,NA,31.22694444,-91.29555560,1942-03-01,2020-09-30,78.6,False
