,datetime
0,1970-12-01 00:00:00+00:00
1,1970-12-02 00:00:00+00:00
2,1970-12-03 00:00:00+00:00
3,1970-12-04 00:00:00+00:00
4,1970-12-05 00:00:00+00:00
5,1970-12-06 00:00:00+00:00
6,1970-12-07 00:00:00+00:00
7,1970-12-08 00:00:00+00:00
8,1970-12-09 00:00:00+00:00
9,1970-12-10 00:00:00+00:00
10,1970-12-11 00:00:00+00:00
11,1970-12-12 00:00:00+00:00
12,1970-12-13 00:00:00+00:00
13,1970-12-14 00:00:00+00:00
14,1970-12-15 00:00:00+00:00
15,1970-12-16 00:00:00+00:00
16,1970-12-17 00:00:00+00:00
17,1970-12-18 00:00:00+00:00
18,1970-12-19 00:00:00+00:00
19,1970-12-20 00:00:00+00:00
20,1970-12-21 00:00:00+00:00
21,1970-12-22 00:00:00+00:00
22,1970-12-23 00:00:00+00:00
23,1970-12-24 00:00:00+00:00
24,1970-12-25 00:00:00+00:00
25,1970-12-26 00:00:00+00:00
26,1970-12-27 00:00:00+00:00
27,1971-01-19 00:00:00+00:00
28,1971-01-20 00:00:00+00:00
29,1971-01-21 00:00:00+00:00
30,1971-01-22 00:00:00+00:00
31,1971-01-23 00:00:00+00:00
32,1971-01-24 00:00:00+00:00
33,1971-01-25 00:00:00+00:00
34,1971-01-26 00:00:00+00:00
35,1971-01-27 00:00:00+00:00
36,1971-01-28 00:00:00+00:00
37,1971-01-29 00:00:00+00:00
38,1971-01-30 00:00:00+00:00
39,1971-01-31 00:00:00+00:00
40,1971-03-28 00:00:00+00:00
41,1971-03-29 00:00:00+00:00
42,1971-03-30 00:00:00+00:00
43,1971-03-31 00:00:00+00:00
44,1971-04-01 00:00:00+00:00
45,1971-04-02 00:00:00+00:00
46,1971-04-03 00:00:00+00:00
47,1971-04-04 00:00:00+00:00
48,1973-01-12 00:00:00+00:00
49,1973-01-13 00:00:00+00:00
50,1973-01-14 00:00:00+00:00
51,1973-01-15 00:00:00+00:00
52,1973-01-16 00:00:00+00:00
53,1973-01-17 00:00:00+00:00
54,1973-01-18 00:00:00+00:00
55,1973-01-19 00:00:00+00:00
56,1973-01-20 00:00:00+00:00
57,1973-01-21 00:00:00+00:00
58,1973-01-22 00:00:00+00:00
59,1973-01-23 00:00:00+00:00
60,1973-01-24 00:00:00+00:00
61,1973-01-25 00:00:00+00:00
62,1973-01-26 00:00:00+00:00
63,1973-01-27 00:00:00+00:00
64,1973-01-28 00:00:00+00:00
65,1973-01-29 00:00:00+00:00
66,1973-01-30 00:00:00+00:00
67,1973-01-31 00:00:00+00:00
68,1973-02-01 00:00:00+00:00
69,1973-02-02 00:00:00+00:00
70,1973-02-03 00:00:00+00:00
71,1973-02-04 00:00:00+00:00
72,1973-02-05 00:00:00+00:00
73,1973-02-06 00:00:00+00:00
74,1973-02-07 00:00:00+00:00
75,1973-02-08 00:00:00+00:00
76,1973-02-09 00:00:00+00:00
77,1973-02-10 00:00:00+00:00
78,1973-02-11 00:00:00+00:00
79,1973-02-12 00:00:00+00:00
80,1973-02-13 00:00:00+00:00
81,1973-02-14 00:00:00+00:00
82,1973-02-15 00:00:00+00:00
83,1973-02-16 00:00:00+00:00
84,1973-02-17 00:00:00+00:00
85,1973-02-18 00:00:00+00:00
86,1973-02-19 00:00:00+00:00
87,1973-02-20 00:00:00+00:00
88,1973-02-21 00:00:00+00:00
89,1973-02-22 00:00:00+00:00
90,1973-02-23 00:00:00+00:00
91,1973-02-24 00:00:00+00:00
92,1973-02-27 00:00:00+00:00
93,1973-02-28 00:00:00+00:00
94,1973-03-01 00:00:00+00:00
95,1973-03-02 00:00:00+00:00
96,1973-03-03 00:00:00+00:00
97,1973-03-04 00:00:00+00:00
98,1973-03-05 00:00:00+00:00
99,1973-03-06 00:00:00+00:00
100,1973-03-07 00:00:00+00:00
101,1973-03-08 00:00:00+00:00
102,1973-03-09 00:00:00+00:00
103,1973-03-10 00:00:00+00:00
104,1973-03-11 00:00:00+00:00
105,1973-03-12 00:00:00+00:00
106,1973-03-13 00:00:00+00:00
107,1973-03-14 00:00:00+00:00
108,1973-03-15 00:00:00+00:00
109,1973-11-14 00:00:00+00:00
110,1973-11-15 00:00:00+00:00
111,1973-11-16 00:00:00+00:00
112,1973-11-17 00:00:00+00:00
113,1973-11-18 00:00:00+00:00
114,1973-11-19 00:00:00+00:00
115,1973-11-20 00:00:00+00:00
116,1973-11-21 00:00:00+00:00
117,1973-11-22 00:00:00+00:00
118,1973-11-23 00:00:00+00:00
119,1973-11-24 00:00:00+00:00
120,1973-11-25 00:00:00+00:00
121,1973-11-26 00:00:00+00:00
122,1973-11-27 00:00:00+00:00
123,1973-11-28 00:00:00+00:00
124,1973-11-29 00:00:00+00:00
125,1973-11-30 00:00:00+00:00
126,1973-12-01 00:00:00+00:00
127,1973-12-02 00:00:00+00:00
128,1973-12-03 00:00:00+00:00
129,1973-12-04 00:00:00+00:00
130,1973-12-05 00:00:00+00:00
131,1973-12-06 00:00:00+00:00
132,1973-12-07 00:00:00+00:00
133,1973-12-08 00:00:00+00:00
134,1973-12-09 00:00:00+00:00
135,1973-12-10 00:00:00+00:00
136,1973-12-11 00:00:00+00:00
137,1973-12-12 00:00:00+00:00
138,1973-12-13 00:00:00+00:00
139,1973-12-14 00:00:00+00:00
140,1973-12-15 00:00:00+00:00
141,1973-12-16 00:00:00+00:00
142,1973-12-17 00:00:00+00:00
143,1973-12-23 00:00:00+00:00
144,1973-12-24 00:00:00+00:00
145,1973-12-25 00:00:00+00:00
146,1973-12-26 00:00:00+00:00
147,1973-12-27 00:00:00+00:00
148,1973-12-28 00:00:00+00:00
149,1973-12-29 00:00:00+00:00
150,1973-12-30 00:00:00+00:00
151,1973-12-31 00:00:00+00:00
152,1974-01-01 00:00:00+00:00
153,1974-01-02 00:00:00+00:00
154,1974-01-03 00:00:00+00:00
155,1974-01-04 00:00:00+00:00
156,1974-01-05 00:00:00+00:00
157,1974-01-06 00:00:00+00:00
158,1974-01-07 00:00:00+00:00
159,1974-01-08 00:00:00+00:00
160,1974-01-09 00:00:00+00:00
161,1974-01-10 00:00:00+00:00
162,1974-01-11 00:00:00+00:00
163,1974-01-12 00:00:00+00:00
164,1974-01-13 00:00:00+00:00
165,1974-01-14 00:00:00+00:00
166,1974-01-15 00:00:00+00:00
167,1974-01-16 00:00:00+00:00
168,1974-01-17 00:00:00+00:00
169,1974-01-18 00:00:00+00:00
170,1974-01-19 00:00:00+00:00
171,1974-01-20 00:00:00+00:00
172,1974-01-21 00:00:00+00:00
173,1974-01-22 00:00:00+00:00
174,1974-01-23 00:00:00+00:00
175,1974-01-24 00:00:00+00:00
176,1974-01-25 00:00:00+00:00
177,1974-01-26 00:00:00+00:00
178,1974-01-27 00:00:00+00:00
179,1974-01-28 00:00:00+00:00
180,1974-01-29 00:00:00+00:00
181,1974-01-30 00:00:00+00:00
182,1974-01-31 00:00:00+00:00
183,1974-02-01 00:00:00+00:00
184,1974-02-02 00:00:00+00:00
185,1974-02-03 00:00:00+00:00
186,1974-02-04 00:00:00+00:00
187,1974-02-05 00:00:00+00:00
188,1974-02-06 00:00:00+00:00
189,1974-02-07 00:00:00+00:00
190,1974-02-08 00:00:00+00:00
191,1974-02-09 00:00:00+00:00
192,1974-02-10 00:00:00+00:00
193,1974-02-11 00:00:00+00:00
194,1974-03-02 00:00:00+00:00
195,1974-03-03 00:00:00+00:00
196,1974-03-04 00:00:00+00:00
197,1974-03-05 00:00:00+00:00
198,1974-03-06 00:00:00+00:00
199,1974-03-07 00:00:00+00:00
200,1974-03-08 00:00:00+00:00
201,1974-03-09 00:00:00+00:00
202,1974-03-10 00:00:00+00:00
203,1974-03-11 00:00:00+00:00
204,1974-03-12 00:00:00+00:00
205,1974-03-13 00:00:00+00:00
206,1974-03-14 00:00:00+00:00
207,1974-03-15 00:00:00+00:00
208,1974-03-16 00:00:00+00:00
209,1974-03-17 00:00:00+00:00
210,1974-03-18 00:00:00+00:00
211,1974-03-19 00:00:00+00:00
212,1974-03-20 00:00:00+00:00
213,1974-03-21 00:00:00+00:00
214,1974-03-22 00:00:00+00:00
215,1974-03-23 00:00:00+00:00
216,1974-03-24 00:00:00+00:00
217,1974-03-25 00:00:00+00:00
218,1974-03-26 00:00:00+00:00
219,1974-03-27 00:00:00+00:00
220,1974-03-29 00:00:00+00:00
221,1974-03-30 00:00:00+00:00
222,1974-03-31 00:00:00+00:00
223,1974-04-01 00:00:00+00:00
224,1974-04-02 00:00:00+00:00
225,1974-04-03 00:00:00+00:00
226,1974-04-04 00:00:00+00:00
227,1974-04-05 00:00:00+00:00
228,1974-04-06 00:00:00+00:00
229,1974-04-07 00:00:00+00:00
230,1974-04-08 00:00:00+00:00
231,1974-04-09 00:00:00+00:00
232,1974-04-10 00:00:00+00:00
233,1974-04-11 00:00:00+00:00
234,1974-04-12 00:00:00+00:00
235,1974-04-13 00:00:00+00:00
236,1974-04-14 00:00:00+00:00
237,1974-04-15 00:00:00+00:00
238,1974-04-16 00:00:00+00:00
239,1974-04-17 00:00:00+00:00
240,1974-04-18 00:00:00+00:00
241,1974-04-19 00:00:00+00:00
242,1974-04-20 00:00:00+00:00
243,1974-04-21 00:00:00+00:00
244,1974-04-22 00:00:00+00:00
245,1974-04-23 00:00:00+00:00
246,1975-02-12 00:00:00+00:00
247,1975-02-13 00:00:00+00:00
248,1975-02-14 00:00:00+00:00
249,1975-02-15 00:00:00+00:00
250,1975-02-16 00:00:00+00:00
251,1975-02-17 00:00:00+00:00
252,1975-02-18 00:00:00+00:00
253,1975-02-19 00:00:00+00:00
254,1975-02-20 00:00:00+00:00
255,1975-02-21 00:00:00+00:00
256,1975-03-12 00:00:00+00:00
257,1975-03-13 00:00:00+00:00
258,1975-03-14 00:00:00+00:00
259,1975-03-15 00:00:00+00:00
260,1975-03-16 00:00:00+00:00
261,1975-03-21 00:00:00+00:00
262,1975-03-22 00:00:00+00:00
263,1975-03-23 00:00:00+00:00
264,1975-03-24 00:00:00+00:00
265,1975-03-25 00:00:00+00:00
266,1975-03-26 00:00:00+00:00
267,1975-03-27 00:00:00+00:00
268,1975-03-28 00:00:00+00:00
269,1975-03-29 00:00:00+00:00
270,1975-03-30 00:00:00+00:00
271,1975-03-31 00:00:00+00:00
272,1975-04-01 00:00:00+00:00
273,1975-04-02 00:00:00+00:00
274,1978-01-14 00:00:00+00:00
275,1978-01-15 00:00:00+00:00
276,1978-01-16 00:00:00+00:00
277,1978-01-17 00:00:00+00:00
278,1978-01-18 00:00:00+00:00
279,1978-01-19 00:00:00+00:00
280,1978-01-20 00:00:00+00:00
281,1978-01-21 00:00:00+00:00
282,1978-01-22 00:00:00+00:00
283,1978-01-23 00:00:00+00:00
284,1978-01-24 00:00:00+00:00
285,1978-01-25 00:00:00+00:00
286,1978-02-09 00:00:00+00:00
287,1978-02-10 00:00:00+00:00
288,1978-02-11 00:00:00+00:00
289,1978-02-12 00:00:00+00:00
290,1978-02-13 00:00:00+00:00
291,1978-02-14 00:00:00+00:00
292,1978-02-15 00:00:00+00:00
293,1978-02-16 00:00:00+00:00
294,1978-02-17 00:00:00+00:00
295,1978-02-18 00:00:00+00:00
296,1978-02-19 00:00:00+00:00
297,1978-03-05 00:00:00+00:00
298,1978-03-06 00:00:00+00:00
299,1978-03-07 00:00:00+00:00
300,1978-03-08 00:00:00+00:00
301,1978-03-09 00:00:00+00:00
302,1978-03-10 00:00:00+00:00
303,1978-03-11 00:00:00+00:00
304,1978-03-12 00:00:00+00:00
305,1978-03-13 00:00:00+00:00
306,1978-03-14 00:00:00+00:00
307,1978-03-15 00:00:00+00:00
308,1978-03-16 00:00:00+00:00
309,1978-03-17 00:00:00+00:00
310,1978-03-18 00:00:00+00:00
311,1978-03-19 00:00:00+00:00
312,1978-03-20 00:00:00+00:00
313,1978-03-21 00:00:00+00:00
314,1979-02-22 00:00:00+00:00
315,1979-02-23 00:00:00+00:00
316,1979-02-24 00:00:00+00:00
317,1979-02-25 00:00:00+00:00
318,1979-02-26 00:00:00+00:00
319,1979-02-27 00:00:00+00:00
320,1979-03-03 00:00:00+00:00
321,1980-01-13 00:00:00+00:00
322,1980-01-14 00:00:00+00:00
323,1980-01-15 00:00:00+00:00
324,1980-01-16 00:00:00+00:00
325,1980-01-17 00:00:00+00:00
326,1980-01-18 00:00:00+00:00
327,1980-01-19 00:00:00+00:00
328,1980-01-20 00:00:00+00:00
329,1980-01-21 00:00:00+00:00
330,1980-01-22 00:00:00+00:00
331,1980-01-23 00:00:00+00:00
332,1980-01-24 00:00:00+00:00
333,1980-01-25 00:00:00+00:00
334,1980-01-26 00:00:00+00:00
335,1980-01-27 00:00:00+00:00
336,1980-01-28 00:00:00+00:00
337,1980-01-29 00:00:00+00:00
338,1980-01-30 00:00:00+00:00
339,1980-02-18 00:00:00+00:00
340,1980-02-19 00:00:00+00:00
341,1980-02-20 00:00:00+00:00
342,1980-02-21 00:00:00+00:00
343,1980-02-22 00:00:00+00:00
344,1980-02-23 00:00:00+00:00
345,1980-02-24 00:00:00+00:00
346,1980-02-25 00:00:00+00:00
347,1980-02-26 00:00:00+00:00
348,1980-02-27 00:00:00+00:00
349,1980-02-28 00:00:00+00:00
350,1980-02-29 00:00:00+00:00
351,1980-03-01 00:00:00+00:00
352,1980-03-02 00:00:00+00:00
353,1980-03-03 00:00:00+00:00
354,1980-03-04 00:00:00+00:00
355,1980-03-05 00:00:00+00:00
356,1980-03-06 00:00:00+00:00
357,1980-03-07 00:00:00+00:00
358,1980-03-08 00:00:00+00:00
359,1980-03-09 00:00:00+00:00
360,1980-03-10 00:00:00+00:00
361,1980-03-11 00:00:00+00:00
362,1980-03-12 00:00:00+00:00
363,1980-03-13 00:00:00+00:00
364,1980-03-14 00:00:00+00:00
365,1980-03-15 00:00:00+00:00
366,1980-03-16 00:00:00+00:00
367,1980-03-17 00:00:00+00:00
368,1980-03-18 00:00:00+00:00
369,1980-03-19 00:00:00+00:00
370,1981-02-01 00:00:00+00:00
371,1981-11-24 00:00:00+00:00
372,1981-11-25 00:00:00+00:00
373,1981-11-26 00:00:00+00:00
374,1981-11-27 00:00:00+00:00
375,1981-11-28 00:00:00+00:00
376,1981-11-29 00:00:00+00:00
377,1981-11-30 00:00:00+00:00
378,1981-12-01 00:00:00+00:00
379,1981-12-02 00:00:00+00:00
380,1981-12-03 00:00:00+00:00
381,1981-12-04 00:00:00+00:00
382,1981-12-20 00:00:00+00:00
383,1981-12-21 00:00:00+00:00
384,1981-12-22 00:00:00+00:00
385,1981-12-23 00:00:00+00:00
386,1981-12-24 00:00:00+00:00
387,1981-12-25 00:00:00+00:00
388,1981-12-26 00:00:00+00:00
389,1981-12-27 00:00:00+00:00
390,1981-12-28 00:00:00+00:00
391,1981-12-29 00:00:00+00:00
392,1981-12-30 00:00:00+00:00
393,1981-12-31 00:00:00+00:00
394,1982-01-01 00:00:00+00:00
395,1982-01-02 00:00:00+00:00
396,1982-01-03 00:00:00+00:00
397,1982-01-04 00:00:00+00:00
398,1982-01-05 00:00:00+00:00
399,1982-01-06 00:00:00+00:00
400,1982-01-07 00:00:00+00:00
401,1982-01-08 00:00:00+00:00
402,1982-01-09 00:00:00+00:00
403,1982-01-10 00:00:00+00:00
404,1982-01-11 00:00:00+00:00
405,1982-01-12 00:00:00+00:00
406,1982-01-13 00:00:00+00:00
407,1982-01-14 00:00:00+00:00
408,1982-01-15 00:00:00+00:00
409,1982-01-16 00:00:00+00:00
410,1982-01-17 00:00:00+00:00
411,1982-01-28 00:00:00+00:00
412,1982-01-29 00:00:00+00:00
413,1982-01-30 00:00:00+00:00
414,1982-01-31 00:00:00+00:00
415,1982-02-01 00:00:00+00:00
416,1982-02-02 00:00:00+00:00
417,1982-02-16 00:00:00+00:00
418,1982-02-17 00:00:00+00:00
419,1982-02-18 00:00:00+00:00
420,1982-02-19 00:00:00+00:00
421,1982-02-20 00:00:00+00:00
422,1982-02-21 00:00:00+00:00
423,1982-02-22 00:00:00+00:00
424,1982-02-23 00:00:00+00:00
425,1982-02-24 00:00:00+00:00
426,1982-02-25 00:00:00+00:00
427,1982-02-26 00:00:00+00:00
428,1982-02-27 00:00:00+00:00
429,1982-02-28 00:00:00+00:00
430,1982-03-01 00:00:00+00:00
431,1982-03-02 00:00:00+00:00
432,1982-03-03 00:00:00+00:00
433,1982-03-04 00:00:00+00:00
434,1982-03-05 00:00:00+00:00
435,1982-03-06 00:00:00+00:00
436,1982-03-07 00:00:00+00:00
437,1982-03-08 00:00:00+00:00
438,1982-03-09 00:00:00+00:00
439,1982-03-10 00:00:00+00:00
440,1982-03-11 00:00:00+00:00
441,1982-03-12 00:00:00+00:00
442,1982-03-13 00:00:00+00:00
443,1982-03-14 00:00:00+00:00
444,1982-03-15 00:00:00+00:00
445,1982-03-16 00:00:00+00:00
446,1982-03-17 00:00:00+00:00
447,1982-03-18 00:00:00+00:00
448,1982-03-19 00:00:00+00:00
449,1982-03-20 00:00:00+00:00
450,1982-03-21 00:00:00+00:00
451,1982-03-22 00:00:00+00:00
452,1982-03-23 00:00:00+00:00
453,1982-03-24 00:00:00+00:00
454,1982-03-25 00:00:00+00:00
455,1982-04-01 00:00:00+00:00
456,1982-04-02 00:00:00+00:00
457,1982-04-03 00:00:00+00:00
458,1982-04-04 00:00:00+00:00
459,1982-04-05 00:00:00+00:00
460,1982-04-06 00:00:00+00:00
461,1982-04-07 00:00:00+00:00
462,1982-04-08 00:00:00+00:00
463,1982-04-09 00:00:00+00:00
464,1982-04-10 00:00:00+00:00
465,1982-04-11 00:00:00+00:00
466,1982-04-12 00:00:00+00:00
467,1982-04-13 00:00:00+00:00
468,1982-04-14 00:00:00+00:00
469,1982-04-15 00:00:00+00:00
470,1982-04-16 00:00:00+00:00
471,1982-04-17 00:00:00+00:00
472,1982-04-18 00:00:00+00:00
473,1982-04-19 00:00:00+00:00
474,1982-04-20 00:00:00+00:00
475,1982-04-21 00:00:00+00:00
476,1982-04-22 00:00:00+00:00
477,1982-04-23 00:00:00+00:00
478,1982-04-24 00:00:00+00:00
479,1982-04-25 00:00:00+00:00
480,1982-04-26 00:00:00+00:00
481,1982-04-27 00:00:00+00:00
482,1982-04-28 00:00:00+00:00
483,1982-04-29 00:00:00+00:00
484,1982-04-30 00:00:00+00:00
485,1982-05-01 00:00:00+00:00
486,1982-05-02 00:00:00+00:00
487,1982-05-03 00:00:00+00:00
488,1982-05-04 00:00:00+00:00
489,1982-05-05 00:00:00+00:00
490,1982-05-06 00:00:00+00:00
491,1982-05-07 00:00:00+00:00
492,1982-12-01 00:00:00+00:00
493,1982-12-02 00:00:00+00:00
494,1982-12-03 00:00:00+00:00
495,1982-12-04 00:00:00+00:00
496,1982-12-05 00:00:00+00:00
497,1982-12-06 00:00:00+00:00
498,1982-12-22 00:00:00+00:00
499,1982-12-23 00:00:00+00:00
500,1982-12-24 00:00:00+00:00
501,1982-12-25 00:00:00+00:00
502,1982-12-26 00:00:00+00:00
503,1982-12-27 00:00:00+00:00
504,1982-12-28 00:00:00+00:00
505,1982-12-29 00:00:00+00:00
506,1982-12-30 00:00:00+00:00
507,1982-12-31 00:00:00+00:00
508,1983-01-01 00:00:00+00:00
509,1983-01-24 00:00:00+00:00
510,1983-01-25 00:00:00+00:00
511,1983-01-26 00:00:00+00:00
512,1983-01-27 00:00:00+00:00
513,1983-01-28 00:00:00+00:00
514,1983-01-29 00:00:00+00:00
515,1983-01-30 00:00:00+00:00
516,1983-01-31 00:00:00+00:00
517,1983-02-01 00:00:00+00:00
518,1983-02-02 00:00:00+00:00
519,1983-02-03 00:00:00+00:00
520,1983-02-04 00:00:00+00:00
521,1983-02-05 00:00:00+00:00
522,1983-02-06 00:00:00+00:00
523,1983-02-07 00:00:00+00:00
524,1983-02-08 00:00:00+00:00
525,1983-02-09 00:00:00+00:00
526,1983-02-10 00:00:00+00:00
527,1983-02-11 00:00:00+00:00
528,1983-02-12 00:00:00+00:00
529,1983-02-13 00:00:00+00:00
530,1983-02-14 00:00:00+00:00
531,1983-02-15 00:00:00+00:00
532,1983-02-16 00:00:00+00:00
533,1983-02-17 00:00:00+00:00
534,1983-02-18 00:00:00+00:00
535,1983-02-19 00:00:00+00:00
536,1983-02-20 00:00:00+00:00
537,1983-02-21 00:00:00+00:00
538,1983-02-22 00:00:00+00:00
539,1983-02-23 00:00:00+00:00
540,1983-02-24 00:00:00+00:00
541,1983-02-25 00:00:00+00:00
542,1983-02-26 00:00:00+00:00
543,1983-02-27 00:00:00+00:00
544,1983-02-28 00:00:00+00:00
545,1983-03-01 00:00:00+00:00
546,1983-03-02 00:00:00+00:00
547,1983-03-03 00:00:00+00:00
548,1983-03-04 00:00:00+00:00
549,1983-03-05 00:00:00+00:00
550,1983-03-06 00:00:00+00:00
551,1983-03-07 00:00:00+00:00
552,1983-03-08 00:00:00+00:00
553,1983-03-09 00:00:00+00:00
554,1983-03-10 00:00:00+00:00
555,1983-03-11 00:00:00+00:00
556,1983-03-12 00:00:00+00:00
557,1983-03-13 00:00:00+00:00
558,1983-03-14 00:00:00+00:00
559,1983-03-15 00:00:00+00:00
560,1983-03-16 00:00:00+00:00
561,1983-03-17 00:00:00+00:00
562,1983-03-18 00:00:00+00:00
563,1983-03-19 00:00:00+00:00
564,1983-03-20 00:00:00+00:00
565,1983-03-21 00:00:00+00:00
566,1983-03-22 00:00:00+00:00
567,1983-03-23 00:00:00+00:00
568,1983-03-24 00:00:00+00:00
569,1983-03-25 00:00:00+00:00
570,1983-03-26 00:00:00+00:00
571,1983-03-27 00:00:00+00:00
572,1983-03-28 00:00:00+00:00
573,1983-03-29 00:00:00+00:00
574,1983-03-30 00:00:00+00:00
575,1983-03-31 00:00:00+00:00
576,1983-04-01 00:00:00+00:00
577,1983-04-02 00:00:00+00:00
578,1983-04-03 00:00:00+00:00
579,1983-04-04 00:00:00+00:00
580,1983-04-05 00:00:00+00:00
581,1983-04-06 00:00:00+00:00
582,1983-04-07 00:00:00+00:00
583,1983-04-08 00:00:00+00:00
584,1983-04-09 00:00:00+00:00
585,1983-04-10 00:00:00+00:00
586,1983-04-11 00:00:00+00:00
587,1983-04-12 00:00:00+00:00
588,1983-04-13 00:00:00+00:00
589,1983-04-14 00:00:00+00:00
590,1983-04-15 00:00:00+00:00
591,1983-04-16 00:00:00+00:00
592,1983-04-26 00:00:00+00:00
593,1983-04-27 00:00:00+00:00
594,1983-04-28 00:00:00+00:00
595,1983-04-29 00:00:00+00:00
596,1983-04-30 00:00:00+00:00
597,1983-05-01 00:00:00+00:00
598,1983-05-02 00:00:00+00:00
599,1983-05-03 00:00:00+00:00
600,1983-05-04 00:00:00+00:00
601,1983-05-05 00:00:00+00:00
602,1983-05-06 00:00:00+00:00
603,1983-05-07 00:00:00+00:00
604,1983-05-08 00:00:00+00:00
605,1983-05-09 00:00:00+00:00
606,1983-05-10 00:00:00+00:00
607,1983-05-11 00:00:00+00:00
608,1983-05-12 00:00:00+00:00
609,1983-05-13 00:00:00+00:00
610,1983-05-14 00:00:00+00:00
611,1983-05-15 00:00:00+00:00
612,1983-05-16 00:00:00+00:00
613,1983-05-17 00:00:00+00:00
614,1983-05-18 00:00:00+00:00
615,1983-05-19 00:00:00+00:00
616,1983-05-20 00:00:00+00:00
617,1983-05-31 00:00:00+00:00
618,1983-06-01 00:00:00+00:00
619,1983-06-02 00:00:00+00:00
620,1983-06-03 00:00:00+00:00
621,1983-06-04 00:00:00+00:00
622,1983-06-05 00:00:00+00:00
623,1983-06-06 00:00:00+00:00
624,1983-06-07 00:00:00+00:00
625,1983-06-08 00:00:00+00:00
626,1983-06-09 00:00:00+00:00
627,1983-06-10 00:00:00+00:00
628,1983-06-11 00:00:00+00:00
629,1983-06-12 00:00:00+00:00
630,1983-06-13 00:00:00+00:00
631,1983-11-17 00:00:00+00:00
632,1983-11-18 00:00:00+00:00
633,1983-11-19 00:00:00+00:00
634,1983-11-20 00:00:00+00:00
635,1983-11-21 00:00:00+00:00
636,1983-11-22 00:00:00+00:00
637,1983-11-23 00:00:00+00:00
638,1983-11-24 00:00:00+00:00
639,1983-11-25 00:00:00+00:00
640,1983-11-26 00:00:00+00:00
641,1983-11-27 00:00:00+00:00
642,1983-11-28 00:00:00+00:00
643,1983-11-29 00:00:00+00:00
644,1983-11-30 00:00:00+00:00
645,1983-12-01 00:00:00+00:00
646,1983-12-02 00:00:00+00:00
647,1983-12-03 00:00:00+00:00
648,1983-12-04 00:00:00+00:00
649,1983-12-05 00:00:00+00:00
650,1983-12-06 00:00:00+00:00
651,1983-12-07 00:00:00+00:00
652,1983-12-08 00:00:00+00:00
653,1983-12-09 00:00:00+00:00
654,1983-12-10 00:00:00+00:00
655,1983-12-11 00:00:00+00:00
656,1983-12-12 00:00:00+00:00
657,1983-12-13 00:00:00+00:00
658,1983-12-14 00:00:00+00:00
659,1983-12-15 00:00:00+00:00
660,1983-12-16 00:00:00+00:00
661,1983-12-17 00:00:00+00:00
662,1983-12-18 00:00:00+00:00
663,1983-12-19 00:00:00+00:00
664,1983-12-20 00:00:00+00:00
665,1983-12-21 00:00:00+00:00
666,1983-12-22 00:00:00+00:00
667,1983-12-23 00:00:00+00:00
668,1983-12-24 00:00:00+00:00
669,1983-12-25 00:00:00+00:00
670,1983-12-26 00:00:00+00:00
671,1983-12-27 00:00:00+00:00
672,1983-12-28 00:00:00+00:00
673,1983-12-29 00:00:00+00:00
674,1983-12-30 00:00:00+00:00
675,1983-12-31 00:00:00+00:00
676,1984-01-01 00:00:00+00:00
677,1984-01-02 00:00:00+00:00
678,1984-01-03 00:00:00+00:00
679,1984-01-04 00:00:00+00:00
680,1984-01-05 00:00:00+00:00
681,1984-01-06 00:00:00+00:00
682,1984-01-07 00:00:00+00:00
683,1984-01-08 00:00:00+00:00
684,1984-01-09 00:00:00+00:00
685,1984-01-10 00:00:00+00:00
686,1984-01-11 00:00:00+00:00
687,1984-01-12 00:00:00+00:00
688,1984-01-13 00:00:00+00:00
689,1984-01-14 00:00:00+00:00
690,1984-01-15 00:00:00+00:00
691,1984-01-16 00:00:00+00:00
692,1984-01-17 00:00:00+00:00
693,1984-01-18 00:00:00+00:00
694,1984-01-19 00:00:00+00:00
695,1986-02-03 00:00:00+00:00
696,1986-02-04 00:00:00+00:00
697,1986-02-05 00:00:00+00:00
698,1986-02-06 00:00:00+00:00
699,1986-02-07 00:00:00+00:00
700,1986-02-15 00:00:00+00:00
701,1986-02-16 00:00:00+00:00
702,1986-02-17 00:00:00+00:00
703,1986-02-18 00:00:00+00:00
704,1986-02-19 00:00:00+00:00
705,1986-02-20 00:00:00+00:00
706,1986-02-21 00:00:00+00:00
707,1986-02-22 00:00:00+00:00
708,1986-02-23 00:00:00+00:00
709,1986-02-24 00:00:00+00:00
710,1986-02-25 00:00:00+00:00
711,1986-02-26 00:00:00+00:00
712,1986-02-27 00:00:00+00:00
713,1986-02-28 00:00:00+00:00
714,1986-03-01 00:00:00+00:00
715,1986-03-02 00:00:00+00:00
716,1986-03-03 00:00:00+00:00
717,1986-03-04 00:00:00+00:00
718,1986-03-05 00:00:00+00:00
719,1986-03-06 00:00:00+00:00
720,1986-03-07 00:00:00+00:00
721,1986-03-08 00:00:00+00:00
722,1986-03-09 00:00:00+00:00
723,1986-03-10 00:00:00+00:00
724,1986-03-11 00:00:00+00:00
725,1986-03-12 00:00:00+00:00
726,1986-03-13 00:00:00+00:00
727,1986-03-14 00:00:00+00:00
728,1986-03-15 00:00:00+00:00
729,1986-03-16 00:00:00+00:00
730,1986-03-17 00:00:00+00:00
731,1986-03-18 00:00:00+00:00
732,1986-03-19 00:00:00+00:00
733,1986-03-20 00:00:00+00:00
734,1986-03-21 00:00:00+00:00
735,1986-03-22 00:00:00+00:00
736,1986-03-23 00:00:00+00:00
737,1986-03-24 00:00:00+00:00
738,1986-03-25 00:00:00+00:00
739,1986-03-26 00:00:00+00:00
740,1986-03-27 00:00:00+00:00
741,1986-03-28 00:00:00+00:00
742,1986-03-29 00:00:00+00:00
743,1989-03-11 00:00:00+00:00
744,1989-03-12 00:00:00+00:00
745,1989-03-13 00:00:00+00:00
746,1989-03-14 00:00:00+00:00
747,1989-03-15 00:00:00+00:00
748,1989-03-26 00:00:00+00:00
749,1989-03-27 00:00:00+00:00
750,1989-03-28 00:00:00+00:00
751,1989-03-29 00:00:00+00:00
752,1989-03-30 00:00:00+00:00
753,1993-01-17 00:00:00+00:00
754,1993-01-18 00:00:00+00:00
755,1993-01-19 00:00:00+00:00
756,1993-01-20 00:00:00+00:00
757,1993-01-21 00:00:00+00:00
758,1993-01-22 00:00:00+00:00
759,1993-01-23 00:00:00+00:00
760,1993-01-24 00:00:00+00:00
761,1993-01-25 00:00:00+00:00
762,1993-01-26 00:00:00+00:00
763,1993-01-27 00:00:00+00:00
764,1993-01-28 00:00:00+00:00
765,1993-02-13 00:00:00+00:00
766,1993-02-14 00:00:00+00:00
767,1993-02-20 00:00:00+00:00
768,1993-02-21 00:00:00+00:00
769,1993-02-22 00:00:00+00:00
770,1993-02-23 00:00:00+00:00
771,1993-02-24 00:00:00+00:00
772,1993-02-25 00:00:00+00:00
773,1993-02-26 00:00:00+00:00
774,1993-02-27 00:00:00+00:00
775,1993-02-28 00:00:00+00:00
776,1993-03-01 00:00:00+00:00
777,1993-03-20 00:00:00+00:00
778,1993-03-21 00:00:00+00:00
779,1993-03-22 00:00:00+00:00
780,1993-03-23 00:00:00+00:00
781,1993-03-24 00:00:00+00:00
782,1993-03-25 00:00:00+00:00
783,1993-03-26 00:00:00+00:00
784,1993-03-27 00:00:00+00:00
785,1993-03-28 00:00:00+00:00
786,1993-03-29 00:00:00+00:00
787,1993-03-30 00:00:00+00:00
788,1993-03-31 00:00:00+00:00
789,1993-04-01 00:00:00+00:00
790,1993-04-02 00:00:00+00:00
791,1993-04-03 00:00:00+00:00
792,1993-04-04 00:00:00+00:00
793,1993-04-05 00:00:00+00:00
794,1993-04-06 00:00:00+00:00
795,1993-04-07 00:00:00+00:00
796,1993-04-08 00:00:00+00:00
797,1993-04-09 00:00:00+00:00
798,1995-01-10 00:00:00+00:00
799,1995-01-11 00:00:00+00:00
800,1995-01-12 00:00:00+00:00
801,1995-01-13 00:00:00+00:00
802,1995-01-14 00:00:00+00:00
803,1995-01-15 00:00:00+00:00
804,1995-01-16 00:00:00+00:00
805,1995-01-17 00:00:00+00:00
806,1995-01-18 00:00:00+00:00
807,1995-01-19 00:00:00+00:00
808,1995-01-20 00:00:00+00:00
809,1995-01-21 00:00:00+00:00
810,1995-01-22 00:00:00+00:00
811,1995-01-23 00:00:00+00:00
812,1995-01-24 00:00:00+00:00
813,1995-01-25 00:00:00+00:00
814,1995-01-26 00:00:00+00:00
815,1995-01-27 00:00:00+00:00
816,1995-01-28 00:00:00+00:00
817,1995-01-29 00:00:00+00:00
818,1995-01-30 00:00:00+00:00
819,1995-01-31 00:00:00+00:00
820,1995-02-01 00:00:00+00:00
821,1995-02-02 00:00:00+00:00
822,1995-02-03 00:00:00+00:00
823,1995-02-04 00:00:00+00:00
824,1995-02-05 00:00:00+00:00
825,1995-02-06 00:00:00+00:00
826,1995-02-07 00:00:00+00:00
827,1995-02-08 00:00:00+00:00
828,1995-02-09 00:00:00+00:00
829,1995-02-10 00:00:00+00:00
830,1995-02-11 00:00:00+00:00
831,1995-02-12 00:00:00+00:00
832,1995-02-13 00:00:00+00:00
833,1995-02-14 00:00:00+00:00
834,1995-02-15 00:00:00+00:00
835,1995-02-16 00:00:00+00:00
836,1995-02-17 00:00:00+00:00
837,1995-02-18 00:00:00+00:00
838,1995-03-05 00:00:00+00:00
839,1995-03-10 00:00:00+00:00
840,1995-03-11 00:00:00+00:00
841,1995-03-12 00:00:00+00:00
842,1995-03-13 00:00:00+00:00
843,1995-03-14 00:00:00+00:00
844,1995-03-15 00:00:00+00:00
845,1995-03-16 00:00:00+00:00
846,1995-03-17 00:00:00+00:00
847,1995-03-18 00:00:00+00:00
848,1995-03-19 00:00:00+00:00
849,1995-03-20 00:00:00+00:00
850,1995-03-21 00:00:00+00:00
851,1995-03-22 00:00:00+00:00
852,1995-03-23 00:00:00+00:00
853,1995-03-24 00:00:00+00:00
854,1995-03-25 00:00:00+00:00
855,1995-03-26 00:00:00+00:00
856,1995-03-27 00:00:00+00:00
857,1995-03-28 00:00:00+00:00
858,1995-03-29 00:00:00+00:00
859,1995-03-30 00:00:00+00:00
860,1995-03-31 00:00:00+00:00
861,1995-04-01 00:00:00+00:00
862,1995-04-02 00:00:00+00:00
863,1995-04-03 00:00:00+00:00
864,1995-04-04 00:00:00+00:00
865,1995-04-05 00:00:00+00:00
866,1995-04-06 00:00:00+00:00
867,1995-04-07 00:00:00+00:00
868,1995-04-08 00:00:00+00:00
869,1995-04-09 00:00:00+00:00
870,1995-04-10 00:00:00+00:00
871,1995-04-11 00:00:00+00:00
872,1995-04-12 00:00:00+00:00
873,1995-04-13 00:00:00+00:00
874,1995-04-14 00:00:00+00:00
875,1995-04-15 00:00:00+00:00
876,1995-04-16 00:00:00+00:00
877,1995-04-17 00:00:00+00:00
878,1995-04-18 00:00:00+00:00
879,1995-04-19 00:00:00+00:00
880,1995-04-20 00:00:00+00:00
881,1995-04-21 00:00:00+00:00
882,1995-04-22 00:00:00+00:00
883,1995-04-23 00:00:00+00:00
884,1995-04-24 00:00:00+00:00
885,1995-04-30 00:00:00+00:00
886,1995-05-01 00:00:00+00:00
887,1995-05-02 00:00:00+00:00
888,1995-05-03 00:00:00+00:00
889,1995-05-04 00:00:00+00:00
890,1995-05-05 00:00:00+00:00
891,1995-05-06 00:00:00+00:00
892,1995-05-07 00:00:00+00:00
893,1995-05-08 00:00:00+00:00
894,1995-05-09 00:00:00+00:00
895,1995-05-10 00:00:00+00:00
896,1995-05-11 00:00:00+00:00
897,1995-05-12 00:00:00+00:00
898,1995-05-13 00:00:00+00:00
899,1995-05-14 00:00:00+00:00
900,1995-05-15 00:00:00+00:00
901,1995-05-16 00:00:00+00:00
902,1995-05-17 00:00:00+00:00
903,1995-05-18 00:00:00+00:00
904,1996-01-29 00:00:00+00:00
905,1996-01-30 00:00:00+00:00
906,1996-01-31 00:00:00+00:00
907,1996-02-01 00:00:00+00:00
908,1996-02-02 00:00:00+00:00
909,1996-02-03 00:00:00+00:00
910,1996-02-04 00:00:00+00:00
911,1996-02-05 00:00:00+00:00
912,1996-02-06 00:00:00+00:00
913,1996-02-07 00:00:00+00:00
914,1996-02-08 00:00:00+00:00
915,1996-02-09 00:00:00+00:00
916,1996-02-10 00:00:00+00:00
917,1996-02-11 00:00:00+00:00
918,1996-02-12 00:00:00+00:00
919,1996-02-13 00:00:00+00:00
920,1996-02-14 00:00:00+00:00
921,1996-02-15 00:00:00+00:00
922,1996-02-16 00:00:00+00:00
923,1996-02-17 00:00:00+00:00
924,1996-02-18 00:00:00+00:00
925,1996-02-19 00:00:00+00:00
926,1996-02-20 00:00:00+00:00
927,1996-02-21 00:00:00+00:00
928,1996-02-22 00:00:00+00:00
929,1996-02-23 00:00:00+00:00
930,1996-02-24 00:00:00+00:00
931,1996-02-25 00:00:00+00:00
932,1996-02-26 00:00:00+00:00
933,1996-02-27 00:00:00+00:00
934,1996-02-28 00:00:00+00:00
935,1996-02-29 00:00:00+00:00
936,1996-03-01 00:00:00+00:00
937,1996-03-02 00:00:00+00:00
938,1996-03-03 00:00:00+00:00
939,1996-03-04 00:00:00+00:00
940,1996-03-05 00:00:00+00:00
941,1996-03-06 00:00:00+00:00
942,1996-03-07 00:00:00+00:00
943,1996-03-08 00:00:00+00:00
944,1996-03-09 00:00:00+00:00
945,1996-03-10 00:00:00+00:00
946,1996-03-11 00:00:00+00:00
947,1996-03-12 00:00:00+00:00
948,1996-03-13 00:00:00+00:00
949,1996-03-14 00:00:00+00:00
950,1996-03-15 00:00:00+00:00
951,1996-03-16 00:00:00+00:00
952,1996-03-17 00:00:00+00:00
953,1996-03-18 00:00:00+00:00
954,1996-03-19 00:00:00+00:00
955,1996-03-20 00:00:00+00:00
956,1996-03-21 00:00:00+00:00
957,1996-05-17 00:00:00+00:00
958,1996-05-18 00:00:00+00:00
959,1996-05-19 00:00:00+00:00
960,1996-05-20 00:00:00+00:00
961,1996-05-21 00:00:00+00:00
962,1996-05-22 00:00:00+00:00
963,1996-05-23 00:00:00+00:00
964,1996-05-24 00:00:00+00:00
965,1996-05-25 00:00:00+00:00
966,1996-05-26 00:00:00+00:00
967,1996-05-27 00:00:00+00:00
968,1996-12-12 00:00:00+00:00
969,1996-12-13 00:00:00+00:00
970,1996-12-14 00:00:00+00:00
971,1996-12-15 00:00:00+00:00
972,1996-12-16 00:00:00+00:00
973,1996-12-17 00:00:00+00:00
974,1996-12-18 00:00:00+00:00
975,1996-12-19 00:00:00+00:00
976,1996-12-20 00:00:00+00:00
977,1996-12-21 00:00:00+00:00
978,1996-12-22 00:00:00+00:00
979,1996-12-23 00:00:00+00:00
980,1996-12-24 00:00:00+00:00
981,1996-12-25 00:00:00+00:00
982,1996-12-26 00:00:00+00:00
983,1996-12-27 00:00:00+00:00
984,1996-12-28 00:00:00+00:00
985,1996-12-29 00:00:00+00:00
986,1996-12-30 00:00:00+00:00
987,1996-12-31 00:00:00+00:00
988,1997-01-01 00:00:00+00:00
989,1997-01-02 00:00:00+00:00
990,1997-01-03 00:00:00+00:00
991,1997-01-04 00:00:00+00:00
992,1997-01-05 00:00:00+00:00
993,1997-01-06 00:00:00+00:00
994,1997-01-07 00:00:00+00:00
995,1997-01-08 00:00:00+00:00
996,1997-01-09 00:00:00+00:00
997,1997-01-10 00:00:00+00:00
998,1997-01-11 00:00:00+00:00
999,1997-01-12 00:00:00+00:00
1000,1997-01-13 00:00:00+00:00
1001,1997-01-14 00:00:00+00:00
1002,1997-01-15 00:00:00+00:00
1003,1997-01-16 00:00:00+00:00
1004,1997-01-17 00:00:00+00:00
1005,1997-01-18 00:00:00+00:00
1006,1997-01-19 00:00:00+00:00
1007,1997-01-20 00:00:00+00:00
1008,1997-01-21 00:00:00+00:00
1009,1997-01-22 00:00:00+00:00
1010,1997-01-23 00:00:00+00:00
1011,1997-01-24 00:00:00+00:00
1012,1997-01-25 00:00:00+00:00
1013,1997-01-26 00:00:00+00:00
1014,1997-01-27 00:00:00+00:00
1015,1997-01-28 00:00:00+00:00
1016,1997-01-29 00:00:00+00:00
1017,1997-01-30 00:00:00+00:00
1018,1997-01-31 00:00:00+00:00
1019,1997-02-01 00:00:00+00:00
1020,1997-02-02 00:00:00+00:00
1021,1997-02-03 00:00:00+00:00
1022,1997-02-04 00:00:00+00:00
1023,1997-02-05 00:00:00+00:00
1024,1997-02-06 00:00:00+00:00
1025,1997-02-07 00:00:00+00:00
1026,1997-02-08 00:00:00+00:00
1027,1997-02-09 00:00:00+00:00
1028,1997-02-10 00:00:00+00:00
1029,1997-02-11 00:00:00+00:00
1030,1997-02-12 00:00:00+00:00
1031,1997-02-13 00:00:00+00:00
1032,1997-02-14 00:00:00+00:00
1033,1997-02-15 00:00:00+00:00
1034,1997-02-16 00:00:00+00:00
1035,1998-01-13 00:00:00+00:00
1036,1998-01-14 00:00:00+00:00
1037,1998-01-15 00:00:00+00:00
1038,1998-01-16 00:00:00+00:00
1039,1998-01-17 00:00:00+00:00
1040,1998-01-18 00:00:00+00:00
1041,1998-01-19 00:00:00+00:00
1042,1998-01-20 00:00:00+00:00
1043,1998-01-21 00:00:00+00:00
1044,1998-01-22 00:00:00+00:00
1045,1998-01-23 00:00:00+00:00
1046,1998-01-24 00:00:00+00:00
1047,1998-01-25 00:00:00+00:00
1048,1998-01-26 00:00:00+00:00
1049,1998-01-27 00:00:00+00:00
1050,1998-01-28 00:00:00+00:00
1051,1998-01-29 00:00:00+00:00
1052,1998-01-30 00:00:00+00:00
1053,1998-01-31 00:00:00+00:00
1054,1998-02-01 00:00:00+00:00
1055,1998-02-02 00:00:00+00:00
1056,1998-02-03 00:00:00+00:00
1057,1998-02-04 00:00:00+00:00
1058,1998-02-05 00:00:00+00:00
1059,1998-02-06 00:00:00+00:00
1060,1998-02-07 00:00:00+00:00
1061,1998-02-08 00:00:00+00:00
1062,1998-02-09 00:00:00+00:00
1063,1998-02-10 00:00:00+00:00
1064,1998-02-11 00:00:00+00:00
1065,1998-02-12 00:00:00+00:00
1066,1998-02-13 00:00:00+00:00
1067,1998-02-14 00:00:00+00:00
1068,1998-02-15 00:00:00+00:00
1069,1998-02-16 00:00:00+00:00
1070,1998-02-17 00:00:00+00:00
1071,1998-02-18 00:00:00+00:00
1072,1998-02-19 00:00:00+00:00
1073,1998-02-20 00:00:00+00:00
1074,1998-02-21 00:00:00+00:00
1075,1998-02-22 00:00:00+00:00
1076,1998-02-23 00:00:00+00:00
1077,1998-02-24 00:00:00+00:00
1078,1998-02-25 00:00:00+00:00
1079,1998-02-26 00:00:00+00:00
1080,1998-02-27 00:00:00+00:00
1081,1998-02-28 00:00:00+00:00
1082,1998-03-01 00:00:00+00:00
1083,1998-03-02 00:00:00+00:00
1084,1998-03-03 00:00:00+00:00
1085,1998-03-04 00:00:00+00:00
1086,1998-03-05 00:00:00+00:00
1087,1998-03-06 00:00:00+00:00
1088,1998-03-07 00:00:00+00:00
1089,1998-03-08 00:00:00+00:00
1090,1998-03-09 00:00:00+00:00
1091,1998-03-10 00:00:00+00:00
1092,1998-03-11 00:00:00+00:00
1093,1998-03-12 00:00:00+00:00
1094,1998-03-13 00:00:00+00:00
1095,1998-03-14 00:00:00+00:00
1096,1998-03-22 00:00:00+00:00
1097,1998-03-23 00:00:00+00:00
1098,1998-03-24 00:00:00+00:00
1099,1998-03-25 00:00:00+00:00
1100,1998-03-26 00:00:00+00:00
1101,1998-03-27 00:00:00+00:00
1102,1998-03-28 00:00:00+00:00
1103,1998-03-29 00:00:00+00:00
1104,1998-03-30 00:00:00+00:00
1105,1998-03-31 00:00:00+00:00
1106,1998-04-01 00:00:00+00:00
1107,1998-04-02 00:00:00+00:00
1108,1998-04-03 00:00:00+00:00
1109,1998-04-04 00:00:00+00:00
1110,1998-04-05 00:00:00+00:00
1111,1998-04-06 00:00:00+00:00
1112,1998-04-07 00:00:00+00:00
1113,1998-04-08 00:00:00+00:00
1114,1998-04-09 00:00:00+00:00
1115,1998-04-10 00:00:00+00:00
1116,1998-04-11 00:00:00+00:00
1117,1998-04-12 00:00:00+00:00
1118,1998-04-13 00:00:00+00:00
1119,1998-04-14 00:00:00+00:00
1120,1998-04-15 00:00:00+00:00
1121,1998-04-16 00:00:00+00:00
1122,1998-04-17 00:00:00+00:00
1123,1998-05-30 00:00:00+00:00
1124,1998-05-31 00:00:00+00:00
1125,1998-06-01 00:00:00+00:00
1126,1998-06-02 00:00:00+00:00
1127,1998-06-03 00:00:00+00:00
1128,1998-06-04 00:00:00+00:00
1129,1998-06-05 00:00:00+00:00
1130,1998-06-06 00:00:00+00:00
1131,1998-06-07 00:00:00+00:00
1132,1998-06-08 00:00:00+00:00
1133,1998-06-09 00:00:00+00:00
1134,1998-06-10 00:00:00+00:00
1135,1998-06-11 00:00:00+00:00
1136,1998-06-12 00:00:00+00:00
1137,1998-06-13 00:00:00+00:00
1138,1998-06-14 00:00:00+00:00
1139,1998-06-15 00:00:00+00:00
1140,1998-06-16 00:00:00+00:00
1141,1998-06-17 00:00:00+00:00
1142,1998-06-18 00:00:00+00:00
1143,1998-06-19 00:00:00+00:00
1144,1998-06-20 00:00:00+00:00
1145,1998-12-04 00:00:00+00:00
1146,1998-12-05 00:00:00+00:00
1147,1998-12-06 00:00:00+00:00
1148,1998-12-07 00:00:00+00:00
1149,1998-12-08 00:00:00+00:00
1150,1998-12-09 00:00:00+00:00
1151,1998-12-10 00:00:00+00:00
1152,1998-12-11 00:00:00+00:00
1153,1998-12-12 00:00:00+00:00
1154,1998-12-13 00:00:00+00:00
1155,1998-12-14 00:00:00+00:00
1156,1998-12-15 00:00:00+00:00
1157,1999-01-21 00:00:00+00:00
1158,1999-01-22 00:00:00+00:00
1159,1999-01-23 00:00:00+00:00
1160,1999-01-24 00:00:00+00:00
1161,1999-01-25 00:00:00+00:00
1162,1999-01-26 00:00:00+00:00
1163,1999-01-27 00:00:00+00:00
1164,1999-01-28 00:00:00+00:00
1165,1999-01-29 00:00:00+00:00
1166,1999-02-08 00:00:00+00:00
1167,1999-02-09 00:00:00+00:00
1168,1999-02-10 00:00:00+00:00
1169,1999-02-11 00:00:00+00:00
1170,1999-02-12 00:00:00+00:00
1171,1999-02-13 00:00:00+00:00
1172,1999-02-14 00:00:00+00:00
1173,1999-02-15 00:00:00+00:00
1174,1999-02-16 00:00:00+00:00
1175,1999-02-17 00:00:00+00:00
1176,1999-02-18 00:00:00+00:00
1177,1999-02-19 00:00:00+00:00
1178,1999-02-20 00:00:00+00:00
1179,1999-02-21 00:00:00+00:00
1180,1999-02-22 00:00:00+00:00
1181,1999-02-23 00:00:00+00:00
1182,1999-02-24 00:00:00+00:00
1183,1999-02-25 00:00:00+00:00
1184,1999-02-26 00:00:00+00:00
1185,1999-02-27 00:00:00+00:00
1186,1999-02-28 00:00:00+00:00
1187,1999-03-01 00:00:00+00:00
1188,1999-03-02 00:00:00+00:00
1189,1999-03-03 00:00:00+00:00
1190,1999-03-04 00:00:00+00:00
1191,1999-03-05 00:00:00+00:00
1192,1999-03-06 00:00:00+00:00
1193,1999-03-07 00:00:00+00:00
1194,1999-03-08 00:00:00+00:00
1195,1999-03-09 00:00:00+00:00
1196,1999-03-10 00:00:00+00:00
1197,1999-03-11 00:00:00+00:00
1198,1999-03-12 00:00:00+00:00
1199,1999-03-13 00:00:00+00:00
1200,1999-03-14 00:00:00+00:00
1201,1999-03-15 00:00:00+00:00
1202,1999-03-16 00:00:00+00:00
1203,1999-03-17 00:00:00+00:00
1204,1999-03-18 00:00:00+00:00
1205,2000-02-13 00:00:00+00:00
1206,2000-02-14 00:00:00+00:00
1207,2000-02-15 00:00:00+00:00
1208,2000-02-16 00:00:00+00:00
1209,2000-02-17 00:00:00+00:00
1210,2000-02-18 00:00:00+00:00
1211,2000-02-19 00:00:00+00:00
1212,2000-02-20 00:00:00+00:00
1213,2000-02-21 00:00:00+00:00
1214,2000-02-22 00:00:00+00:00
1215,2000-02-23 00:00:00+00:00
1216,2000-02-24 00:00:00+00:00
1217,2000-02-25 00:00:00+00:00
1218,2000-02-26 00:00:00+00:00
1219,2000-02-27 00:00:00+00:00
1220,2000-02-28 00:00:00+00:00
1221,2000-02-29 00:00:00+00:00
1222,2000-03-01 00:00:00+00:00
1223,2000-03-02 00:00:00+00:00
1224,2000-03-03 00:00:00+00:00
1225,2000-03-04 00:00:00+00:00
1226,2000-03-05 00:00:00+00:00
1227,2000-03-06 00:00:00+00:00
1228,2000-03-07 00:00:00+00:00
1229,2000-03-08 00:00:00+00:00
1230,2000-03-09 00:00:00+00:00
1231,2000-03-10 00:00:00+00:00
1232,2000-03-11 00:00:00+00:00
1233,2000-03-12 00:00:00+00:00
1234,2000-03-13 00:00:00+00:00
1235,2000-03-14 00:00:00+00:00
1236,2000-03-15 00:00:00+00:00
1237,2000-03-16 00:00:00+00:00
1238,2000-03-17 00:00:00+00:00
1239,2000-03-18 00:00:00+00:00
1240,2000-03-19 00:00:00+00:00
1241,2000-03-20 00:00:00+00:00
1242,2002-01-04 00:00:00+00:00
1243,2002-01-05 00:00:00+00:00
1244,2002-01-06 00:00:00+00:00
1245,2002-01-07 00:00:00+00:00
1246,2002-01-08 00:00:00+00:00
1247,2002-01-09 00:00:00+00:00
1248,2002-01-10 00:00:00+00:00
1249,2002-01-11 00:00:00+00:00
1250,2002-01-12 00:00:00+00:00
1251,2002-12-19 00:00:00+00:00
1252,2002-12-20 00:00:00+00:00
1253,2002-12-31 00:00:00+00:00
1254,2003-01-01 00:00:00+00:00
1255,2003-01-02 00:00:00+00:00
1256,2003-01-03 00:00:00+00:00
1257,2003-01-04 00:00:00+00:00
1258,2003-01-05 00:00:00+00:00
1259,2003-01-06 00:00:00+00:00
1260,2003-01-16 00:00:00+00:00
1261,2003-01-17 00:00:00+00:00
1262,2003-01-18 00:00:00+00:00
1263,2003-01-19 00:00:00+00:00
1264,2003-01-20 00:00:00+00:00
1265,2003-01-21 00:00:00+00:00
1266,2003-05-04 00:00:00+00:00
1267,2003-05-05 00:00:00+00:00
1268,2003-05-06 00:00:00+00:00
1269,2003-05-07 00:00:00+00:00
1270,2003-05-08 00:00:00+00:00
1271,2003-05-09 00:00:00+00:00
1272,2003-05-10 00:00:00+00:00
1273,2003-05-11 00:00:00+00:00
1274,2004-01-01 00:00:00+00:00
1275,2004-01-02 00:00:00+00:00
1276,2004-01-03 00:00:00+00:00
1277,2004-01-04 00:00:00+00:00
1278,2004-01-05 00:00:00+00:00
1279,2004-01-06 00:00:00+00:00
1280,2004-02-19 00:00:00+00:00
1281,2004-02-20 00:00:00+00:00
1282,2004-02-21 00:00:00+00:00
1283,2004-02-22 00:00:00+00:00
1284,2004-02-23 00:00:00+00:00
1285,2004-02-24 00:00:00+00:00
1286,2004-02-25 00:00:00+00:00
1287,2004-02-26 00:00:00+00:00
1288,2004-02-27 00:00:00+00:00
1289,2004-02-28 00:00:00+00:00
1290,2004-02-29 00:00:00+00:00
1291,2004-03-01 00:00:00+00:00
1292,2004-03-02 00:00:00+00:00
1293,2004-03-03 00:00:00+00:00
1294,2004-03-04 00:00:00+00:00
1295,2004-03-05 00:00:00+00:00
1296,2004-03-06 00:00:00+00:00
1297,2004-03-07 00:00:00+00:00
1298,2004-03-08 00:00:00+00:00
1299,2004-03-09 00:00:00+00:00
1300,2004-03-10 00:00:00+00:00
1301,2004-03-11 00:00:00+00:00
1302,2004-03-12 00:00:00+00:00
1303,2004-03-13 00:00:00+00:00
1304,2005-01-01 00:00:00+00:00
1305,2005-01-02 00:00:00+00:00
1306,2005-01-03 00:00:00+00:00
1307,2005-03-25 00:00:00+00:00
1308,2005-03-26 00:00:00+00:00
1309,2005-05-20 00:00:00+00:00
1310,2005-05-21 00:00:00+00:00
1311,2005-05-22 00:00:00+00:00
1312,2005-05-23 00:00:00+00:00
1313,2005-05-24 00:00:00+00:00
1314,2005-05-25 00:00:00+00:00
1315,2005-05-26 00:00:00+00:00
1316,2005-05-27 00:00:00+00:00
1317,2005-12-24 00:00:00+00:00
1318,2005-12-25 00:00:00+00:00
1319,2005-12-26 00:00:00+00:00
1320,2005-12-27 00:00:00+00:00
1321,2005-12-28 00:00:00+00:00
1322,2005-12-29 00:00:00+00:00
1323,2005-12-30 00:00:00+00:00
1324,2005-12-31 00:00:00+00:00
1325,2006-01-01 00:00:00+00:00
1326,2006-01-02 00:00:00+00:00
1327,2006-01-03 00:00:00+00:00
1328,2006-01-04 00:00:00+00:00
1329,2006-01-05 00:00:00+00:00
1330,2006-01-06 00:00:00+00:00
1331,2006-01-07 00:00:00+00:00
1332,2006-01-08 00:00:00+00:00
1333,2006-01-09 00:00:00+00:00
1334,2006-01-10 00:00:00+00:00
1335,2006-01-11 00:00:00+00:00
1336,2006-01-12 00:00:00+00:00
1337,2006-01-13 00:00:00+00:00
1338,2006-01-14 00:00:00+00:00
1339,2006-01-15 00:00:00+00:00
1340,2006-01-16 00:00:00+00:00
1341,2006-01-17 00:00:00+00:00
1342,2006-01-18 00:00:00+00:00
1343,2006-01-19 00:00:00+00:00
1344,2006-01-20 00:00:00+00:00
1345,2006-01-21 00:00:00+00:00
1346,2006-01-22 00:00:00+00:00
1347,2006-01-23 00:00:00+00:00
1348,2006-01-24 00:00:00+00:00
1349,2006-02-02 00:00:00+00:00
1350,2006-02-03 00:00:00+00:00
1351,2006-02-04 00:00:00+00:00
1352,2006-02-05 00:00:00+00:00
1353,2006-02-06 00:00:00+00:00
1354,2006-02-07 00:00:00+00:00
1355,2006-02-08 00:00:00+00:00
1356,2006-02-09 00:00:00+00:00
1357,2006-02-10 00:00:00+00:00
1358,2006-02-11 00:00:00+00:00
1359,2006-02-12 00:00:00+00:00
1360,2006-02-13 00:00:00+00:00
1361,2006-03-01 00:00:00+00:00
1362,2006-03-02 00:00:00+00:00
1363,2006-03-03 00:00:00+00:00
1364,2006-03-04 00:00:00+00:00
1365,2006-03-05 00:00:00+00:00
1366,2006-03-06 00:00:00+00:00
1367,2006-03-07 00:00:00+00:00
1368,2006-03-08 00:00:00+00:00
1369,2006-03-09 00:00:00+00:00
1370,2006-03-10 00:00:00+00:00
1371,2006-03-11 00:00:00+00:00
1372,2006-03-12 00:00:00+00:00
1373,2006-03-13 00:00:00+00:00
1374,2006-03-14 00:00:00+00:00
1375,2006-03-15 00:00:00+00:00
1376,2006-03-16 00:00:00+00:00
1377,2006-03-17 00:00:00+00:00
1378,2006-03-18 00:00:00+00:00
1379,2006-03-19 00:00:00+00:00
1380,2006-03-20 00:00:00+00:00
1381,2006-03-21 00:00:00+00:00
1382,2006-03-22 00:00:00+00:00
1383,2006-03-23 00:00:00+00:00
1384,2006-03-24 00:00:00+00:00
1385,2006-03-25 00:00:00+00:00
1386,2006-03-26 00:00:00+00:00
1387,2006-03-27 00:00:00+00:00
1388,2006-03-28 00:00:00+00:00
1389,2006-03-29 00:00:00+00:00
1390,2006-03-30 00:00:00+00:00
1391,2006-03-31 00:00:00+00:00
1392,2006-04-01 00:00:00+00:00
1393,2006-04-02 00:00:00+00:00
1394,2006-04-03 00:00:00+00:00
1395,2006-04-04 00:00:00+00:00
1396,2006-04-05 00:00:00+00:00
1397,2006-04-06 00:00:00+00:00
1398,2006-04-07 00:00:00+00:00
1399,2006-04-08 00:00:00+00:00
1400,2006-04-09 00:00:00+00:00
1401,2006-04-10 00:00:00+00:00
1402,2006-04-11 00:00:00+00:00
1403,2006-04-12 00:00:00+00:00
1404,2006-04-13 00:00:00+00:00
1405,2006-04-14 00:00:00+00:00
1406,2006-04-15 00:00:00+00:00
1407,2006-04-16 00:00:00+00:00
1408,2006-04-17 00:00:00+00:00
1409,2006-04-18 00:00:00+00:00
1410,2006-04-19 00:00:00+00:00
1411,2006-04-20 00:00:00+00:00
1412,2006-04-21 00:00:00+00:00
1413,2006-04-22 00:00:00+00:00
1414,2006-04-23 00:00:00+00:00
1415,2006-04-24 00:00:00+00:00
1416,2006-04-25 00:00:00+00:00
1417,2006-04-26 00:00:00+00:00
1418,2006-04-27 00:00:00+00:00
1419,2006-04-28 00:00:00+00:00
1420,2006-04-29 00:00:00+00:00
1421,2006-04-30 00:00:00+00:00
1422,2006-05-01 00:00:00+00:00
1423,2006-05-02 00:00:00+00:00
1424,2006-05-03 00:00:00+00:00
1425,2006-05-04 00:00:00+00:00
1426,2006-05-05 00:00:00+00:00
1427,2006-05-06 00:00:00+00:00
1428,2006-05-07 00:00:00+00:00
1429,2006-05-08 00:00:00+00:00
1430,2006-05-09 00:00:00+00:00
1431,2006-05-10 00:00:00+00:00
1432,2006-05-11 00:00:00+00:00
1433,2006-05-12 00:00:00+00:00
1434,2006-05-13 00:00:00+00:00
1435,2006-05-14 00:00:00+00:00
1436,2006-05-15 00:00:00+00:00
1437,2006-05-16 00:00:00+00:00
1438,2010-01-23 00:00:00+00:00
1439,2010-01-24 00:00:00+00:00
1440,2010-01-25 00:00:00+00:00
1441,2010-01-28 00:00:00+00:00
1442,2010-01-29 00:00:00+00:00
1443,2010-01-30 00:00:00+00:00
1444,2010-12-17 00:00:00+00:00
1445,2010-12-18 00:00:00+00:00
1446,2010-12-19 00:00:00+00:00
1447,2010-12-20 00:00:00+00:00
1448,2010-12-21 00:00:00+00:00
1449,2010-12-22 00:00:00+00:00
1450,2010-12-23 00:00:00+00:00
1451,2010-12-24 00:00:00+00:00
1452,2010-12-25 00:00:00+00:00
1453,2010-12-26 00:00:00+00:00
1454,2010-12-27 00:00:00+00:00
1455,2010-12-28 00:00:00+00:00
1456,2010-12-29 00:00:00+00:00
1457,2010-12-30 00:00:00+00:00
1458,2010-12-31 00:00:00+00:00
1459,2011-01-01 00:00:00+00:00
1460,2011-01-02 00:00:00+00:00
1461,2011-01-03 00:00:00+00:00
1462,2011-01-04 00:00:00+00:00
1463,2011-01-05 00:00:00+00:00
1464,2011-03-16 00:00:00+00:00
1465,2011-03-17 00:00:00+00:00
1466,2011-03-18 00:00:00+00:00
1467,2011-03-19 00:00:00+00:00
1468,2011-03-20 00:00:00+00:00
1469,2011-03-21 00:00:00+00:00
1470,2011-03-22 00:00:00+00:00
1471,2011-03-23 00:00:00+00:00
1472,2011-03-24 00:00:00+00:00
1473,2011-03-25 00:00:00+00:00
1474,2011-03-26 00:00:00+00:00
1475,2011-03-27 00:00:00+00:00
1476,2011-03-28 00:00:00+00:00
1477,2011-03-29 00:00:00+00:00
1478,2011-03-30 00:00:00+00:00
1479,2011-03-31 00:00:00+00:00
1480,2011-04-01 00:00:00+00:00
1481,2011-04-02 00:00:00+00:00
1482,2011-04-03 00:00:00+00:00
1483,2011-04-04 00:00:00+00:00
1484,2011-04-05 00:00:00+00:00
1485,2011-04-06 00:00:00+00:00
1486,2011-04-07 00:00:00+00:00
1487,2011-04-08 00:00:00+00:00
1488,2011-04-09 00:00:00+00:00
1489,2011-04-10 00:00:00+00:00
1490,2011-04-11 00:00:00+00:00
1491,2011-04-12 00:00:00+00:00
1492,2011-04-13 00:00:00+00:00
1493,2012-12-03 00:00:00+00:00
1494,2012-12-04 00:00:00+00:00
1495,2012-12-05 00:00:00+00:00
1496,2012-12-06 00:00:00+00:00
1497,2012-12-07 00:00:00+00:00
1498,2012-12-08 00:00:00+00:00
1499,2012-12-09 00:00:00+00:00
1500,2012-12-24 00:00:00+00:00
1501,2012-12-25 00:00:00+00:00
1502,2012-12-26 00:00:00+00:00
1503,2012-12-27 00:00:00+00:00
1504,2012-12-28 00:00:00+00:00
1505,2012-12-29 00:00:00+00:00
1506,2012-12-30 00:00:00+00:00
Cumulative,"0        1
1        1
2        1
3        1
4        1
        ..
1502    72
1503    72
1504    72
1505    72
1506    72
Name: datetime, Length: 1507, dtype: int32"
