,datetime,00060_Mean,00060_Mean_cd,site_no
61,1970-12-01 00:00:00+00:00,53700,A,11447650
62,1970-12-02 00:00:00+00:00,65900,A,11447650
63,1970-12-03 00:00:00+00:00,70500,A,11447650
64,1970-12-04 00:00:00+00:00,71000,A,11447650
65,1970-12-05 00:00:00+00:00,73200,A,11447650
66,1970-12-06 00:00:00+00:00,72300,A,11447650
67,1970-12-07 00:00:00+00:00,71800,A,11447650
68,1970-12-08 00:00:00+00:00,71100,A,11447650
69,1970-12-09 00:00:00+00:00,70500,A,11447650
70,1970-12-10 00:00:00+00:00,69700,A,11447650
71,1970-12-11 00:00:00+00:00,70300,A,11447650
72,1970-12-12 00:00:00+00:00,70400,A,11447650
73,1970-12-13 00:00:00+00:00,69600,A,11447650
74,1970-12-14 00:00:00+00:00,68500,A,11447650
75,1970-12-15 00:00:00+00:00,67200,A,11447650
76,1970-12-16 00:00:00+00:00,66000,A,11447650
77,1970-12-17 00:00:00+00:00,65400,A,11447650
78,1970-12-18 00:00:00+00:00,65200,A,11447650
79,1970-12-19 00:00:00+00:00,64700,A,11447650
80,1970-12-20 00:00:00+00:00,63900,A,11447650
81,1970-12-21 00:00:00+00:00,63400,A,11447650
82,1970-12-22 00:00:00+00:00,63100,A,11447650
83,1970-12-23 00:00:00+00:00,62700,A,11447650
84,1970-12-24 00:00:00+00:00,62200,A,11447650
85,1970-12-25 00:00:00+00:00,60100,A,11447650
86,1970-12-26 00:00:00+00:00,56800,A,11447650
87,1970-12-27 00:00:00+00:00,53300,A,11447650
88,1970-12-28 00:00:00+00:00,50400,A,11447650
90,1970-12-30 00:00:00+00:00,50000,A,11447650
91,1970-12-31 00:00:00+00:00,51200,A,11447650
92,1971-01-01 00:00:00+00:00,51400,A,11447650
93,1971-01-02 00:00:00+00:00,51300,A,11447650
94,1971-01-03 00:00:00+00:00,50900,A,11447650
109,1971-01-18 00:00:00+00:00,52100,A,11447650
110,1971-01-19 00:00:00+00:00,61100,A,11447650
111,1971-01-20 00:00:00+00:00,70500,A,11447650
112,1971-01-21 00:00:00+00:00,71700,A,11447650
113,1971-01-22 00:00:00+00:00,71400,A,11447650
114,1971-01-23 00:00:00+00:00,70500,A,11447650
115,1971-01-24 00:00:00+00:00,69200,A,11447650
116,1971-01-25 00:00:00+00:00,68100,A,11447650
117,1971-01-26 00:00:00+00:00,66400,A,11447650
118,1971-01-27 00:00:00+00:00,64400,A,11447650
119,1971-01-28 00:00:00+00:00,62800,A,11447650
120,1971-01-29 00:00:00+00:00,61300,A,11447650
121,1971-01-30 00:00:00+00:00,58400,A,11447650
122,1971-01-31 00:00:00+00:00,54800,A,11447650
123,1971-02-01 00:00:00+00:00,50600,A,11447650
178,1971-03-28 00:00:00+00:00,58700,A,11447650
179,1971-03-29 00:00:00+00:00,62700,A,11447650
180,1971-03-30 00:00:00+00:00,63300,A,11447650
181,1971-03-31 00:00:00+00:00,64300,A,11447650
182,1971-04-01 00:00:00+00:00,62600,A,11447650
183,1971-04-02 00:00:00+00:00,59500,A,11447650
184,1971-04-03 00:00:00+00:00,56400,A,11447650
185,1971-04-04 00:00:00+00:00,53500,A,11447650
834,1973-01-12 00:00:00+00:00,56800,A,11447650
835,1973-01-13 00:00:00+00:00,82800,A,11447650
836,1973-01-14 00:00:00+00:00,90200,A,11447650
837,1973-01-15 00:00:00+00:00,89300,A,11447650
838,1973-01-16 00:00:00+00:00,82800,A,11447650
839,1973-01-17 00:00:00+00:00,83900,A,11447650
840,1973-01-18 00:00:00+00:00,89000,A,11447650
841,1973-01-19 00:00:00+00:00,92700,A,11447650
842,1973-01-20 00:00:00+00:00,88800,A,11447650
843,1973-01-21 00:00:00+00:00,83300,A,11447650
844,1973-01-22 00:00:00+00:00,77300,A,11447650
845,1973-01-23 00:00:00+00:00,73600,A,11447650
846,1973-01-24 00:00:00+00:00,71500,A,11447650
847,1973-01-25 00:00:00+00:00,70800,A,11447650
848,1973-01-26 00:00:00+00:00,70600,A,11447650
849,1973-01-27 00:00:00+00:00,68300,A,11447650
850,1973-01-28 00:00:00+00:00,66100,A,11447650
851,1973-01-29 00:00:00+00:00,64100,A,11447650
852,1973-01-30 00:00:00+00:00,62600,A,11447650
853,1973-01-31 00:00:00+00:00,62600,A,11447650
854,1973-02-01 00:00:00+00:00,62200,A,11447650
855,1973-02-02 00:00:00+00:00,61200,A,11447650
856,1973-02-03 00:00:00+00:00,59200,A,11447650
857,1973-02-04 00:00:00+00:00,58400,A,11447650
858,1973-02-05 00:00:00+00:00,58400,A,11447650
859,1973-02-06 00:00:00+00:00,58700,A,11447650
860,1973-02-07 00:00:00+00:00,62000,A,11447650
861,1973-02-08 00:00:00+00:00,65300,A,11447650
862,1973-02-09 00:00:00+00:00,67400,A,11447650
863,1973-02-10 00:00:00+00:00,72300,A,11447650
864,1973-02-11 00:00:00+00:00,75600,A,11447650
865,1973-02-12 00:00:00+00:00,75700,A,11447650
866,1973-02-13 00:00:00+00:00,77200,A,11447650
867,1973-02-14 00:00:00+00:00,78300,A,11447650
868,1973-02-15 00:00:00+00:00,77900,A,11447650
869,1973-02-16 00:00:00+00:00,73500,A,11447650
870,1973-02-17 00:00:00+00:00,71400,A,11447650
871,1973-02-18 00:00:00+00:00,70400,A,11447650
872,1973-02-19 00:00:00+00:00,69300,A,11447650
873,1973-02-20 00:00:00+00:00,68100,A,11447650
874,1973-02-21 00:00:00+00:00,66100,A,11447650
875,1973-02-22 00:00:00+00:00,63000,A,11447650
876,1973-02-23 00:00:00+00:00,59400,A,11447650
877,1973-02-24 00:00:00+00:00,54900,A,11447650
878,1973-02-25 00:00:00+00:00,51500,A,11447650
879,1973-02-26 00:00:00+00:00,50600,A,11447650
880,1973-02-27 00:00:00+00:00,53400,A,11447650
881,1973-02-28 00:00:00+00:00,65800,A,11447650
882,1973-03-01 00:00:00+00:00,72700,A,11447650
883,1973-03-02 00:00:00+00:00,73300,A,11447650
884,1973-03-03 00:00:00+00:00,72800,A,11447650
885,1973-03-04 00:00:00+00:00,72900,A,11447650
886,1973-03-05 00:00:00+00:00,72100,A,11447650
887,1973-03-06 00:00:00+00:00,71100,A,11447650
888,1973-03-07 00:00:00+00:00,70800,A,11447650
889,1973-03-08 00:00:00+00:00,71400,A,11447650
890,1973-03-09 00:00:00+00:00,70700,A,11447650
891,1973-03-10 00:00:00+00:00,69400,A,11447650
892,1973-03-11 00:00:00+00:00,67800,A,11447650
893,1973-03-12 00:00:00+00:00,66100,A,11447650
894,1973-03-13 00:00:00+00:00,63300,A,11447650
895,1973-03-14 00:00:00+00:00,59300,A,11447650
896,1973-03-15 00:00:00+00:00,54200,A,11447650
1139,1973-11-13 00:00:00+00:00,50400,A,11447650
1140,1973-11-14 00:00:00+00:00,59200,A,11447650
1141,1973-11-15 00:00:00+00:00,64700,A,11447650
1142,1973-11-16 00:00:00+00:00,71800,A,11447650
1143,1973-11-17 00:00:00+00:00,75300,A,11447650
1144,1973-11-18 00:00:00+00:00,77000,A,11447650
1145,1973-11-19 00:00:00+00:00,76300,A,11447650
1146,1973-11-20 00:00:00+00:00,75000,A,11447650
1147,1973-11-21 00:00:00+00:00,74100,A,11447650
1148,1973-11-22 00:00:00+00:00,71300,A,11447650
1149,1973-11-23 00:00:00+00:00,66800,A,11447650
1150,1973-11-24 00:00:00+00:00,66000,A,11447650
1151,1973-11-25 00:00:00+00:00,66000,A,11447650
1152,1973-11-26 00:00:00+00:00,64700,A,11447650
1153,1973-11-27 00:00:00+00:00,63200,A,11447650
1154,1973-11-28 00:00:00+00:00,62300,A,11447650
1155,1973-11-29 00:00:00+00:00,61100,A,11447650
1156,1973-11-30 00:00:00+00:00,60400,A,11447650
1157,1973-12-01 00:00:00+00:00,63900,A,11447650
1158,1973-12-02 00:00:00+00:00,69200,A,11447650
1159,1973-12-03 00:00:00+00:00,68800,A,11447650
1160,1973-12-04 00:00:00+00:00,67700,A,11447650
1161,1973-12-05 00:00:00+00:00,66000,A,11447650
1162,1973-12-06 00:00:00+00:00,65200,A,11447650
1163,1973-12-07 00:00:00+00:00,64600,A,11447650
1164,1973-12-08 00:00:00+00:00,64100,A,11447650
1165,1973-12-09 00:00:00+00:00,63200,A,11447650
1166,1973-12-10 00:00:00+00:00,62600,A,11447650
1167,1973-12-11 00:00:00+00:00,61700,A,11447650
1168,1973-12-12 00:00:00+00:00,60600,A,11447650
1169,1973-12-13 00:00:00+00:00,59200,A,11447650
1170,1973-12-14 00:00:00+00:00,58300,A,11447650
1171,1973-12-15 00:00:00+00:00,56500,A,11447650
1172,1973-12-16 00:00:00+00:00,54500,A,11447650
1173,1973-12-17 00:00:00+00:00,52500,A,11447650
1174,1973-12-18 00:00:00+00:00,50800,A,11447650
1178,1973-12-22 00:00:00+00:00,51200,A,11447650
1179,1973-12-23 00:00:00+00:00,56600,A,11447650
1180,1973-12-24 00:00:00+00:00,60200,A,11447650
1181,1973-12-25 00:00:00+00:00,63600,A,11447650
1182,1973-12-26 00:00:00+00:00,64500,A,11447650
1183,1973-12-27 00:00:00+00:00,66700,A,11447650
1184,1973-12-28 00:00:00+00:00,67300,A,11447650
1185,1973-12-29 00:00:00+00:00,69700,A,11447650
1186,1973-12-30 00:00:00+00:00,77000,A,11447650
1187,1973-12-31 00:00:00+00:00,76400,A,11447650
1188,1974-01-01 00:00:00+00:00,76500,A,11447650
1189,1974-01-02 00:00:00+00:00,75900,A,11447650
1190,1974-01-03 00:00:00+00:00,72600,A,11447650
1191,1974-01-04 00:00:00+00:00,69200,A,11447650
1192,1974-01-05 00:00:00+00:00,68500,A,11447650
1193,1974-01-06 00:00:00+00:00,68500,A,11447650
1194,1974-01-07 00:00:00+00:00,69100,A,11447650
1195,1974-01-08 00:00:00+00:00,71300,A,11447650
1196,1974-01-09 00:00:00+00:00,68800,A,11447650
1197,1974-01-10 00:00:00+00:00,63000,A,11447650
1198,1974-01-11 00:00:00+00:00,61800,A,11447650
1199,1974-01-12 00:00:00+00:00,60200,A,11447650
1200,1974-01-13 00:00:00+00:00,59200,A,11447650
1201,1974-01-14 00:00:00+00:00,60400,A,11447650
1202,1974-01-15 00:00:00+00:00,65300,A,11447650
1203,1974-01-16 00:00:00+00:00,76000,A,11447650
1204,1974-01-17 00:00:00+00:00,81500,A,11447650
1205,1974-01-18 00:00:00+00:00,90400,A,11447650
1206,1974-01-19 00:00:00+00:00,93400,A,11447650
1207,1974-01-20 00:00:00+00:00,94200,A,11447650
1208,1974-01-21 00:00:00+00:00,94100,A,11447650
1209,1974-01-22 00:00:00+00:00,90700,A,11447650
1210,1974-01-23 00:00:00+00:00,81700,A,11447650
1211,1974-01-24 00:00:00+00:00,79200,A,11447650
1212,1974-01-25 00:00:00+00:00,78000,A,11447650
1213,1974-01-26 00:00:00+00:00,77500,A,11447650
1214,1974-01-27 00:00:00+00:00,76600,A,11447650
1215,1974-01-28 00:00:00+00:00,75600,A,11447650
1216,1974-01-29 00:00:00+00:00,74500,A,11447650
1217,1974-01-30 00:00:00+00:00,73300,A,11447650
1218,1974-01-31 00:00:00+00:00,72600,A,11447650
1219,1974-02-01 00:00:00+00:00,72100,A,11447650
1220,1974-02-02 00:00:00+00:00,71600,A,11447650
1221,1974-02-03 00:00:00+00:00,71000,A,11447650
1222,1974-02-04 00:00:00+00:00,70400,A,11447650
1223,1974-02-05 00:00:00+00:00,69300,A,11447650
1224,1974-02-06 00:00:00+00:00,67300,A,11447650
1225,1974-02-07 00:00:00+00:00,65700,A,11447650
1226,1974-02-08 00:00:00+00:00,64200,A,11447650
1227,1974-02-09 00:00:00+00:00,62000,A,11447650
1228,1974-02-10 00:00:00+00:00,58500,A,11447650
1229,1974-02-11 00:00:00+00:00,54700,A,11447650
1248,1974-03-02 00:00:00+00:00,53300,A,11447650
1249,1974-03-03 00:00:00+00:00,68100,A,11447650
1250,1974-03-04 00:00:00+00:00,70400,A,11447650
1251,1974-03-05 00:00:00+00:00,68800,A,11447650
1252,1974-03-06 00:00:00+00:00,66700,A,11447650
1253,1974-03-07 00:00:00+00:00,66100,A,11447650
1254,1974-03-08 00:00:00+00:00,67800,A,11447650
1255,1974-03-09 00:00:00+00:00,70100,A,11447650
1256,1974-03-10 00:00:00+00:00,71400,A,11447650
1257,1974-03-11 00:00:00+00:00,71400,A,11447650
1258,1974-03-12 00:00:00+00:00,70900,A,11447650
1259,1974-03-13 00:00:00+00:00,70800,A,11447650
1260,1974-03-14 00:00:00+00:00,70100,A,11447650
1261,1974-03-15 00:00:00+00:00,68500,A,11447650
1262,1974-03-16 00:00:00+00:00,65200,A,11447650
1263,1974-03-17 00:00:00+00:00,63000,A,11447650
1264,1974-03-18 00:00:00+00:00,63500,A,11447650
1265,1974-03-19 00:00:00+00:00,64700,A,11447650
1266,1974-03-20 00:00:00+00:00,65400,A,11447650
1267,1974-03-21 00:00:00+00:00,65700,A,11447650
1268,1974-03-22 00:00:00+00:00,65700,A,11447650
1269,1974-03-23 00:00:00+00:00,65700,A,11447650
1270,1974-03-24 00:00:00+00:00,65500,A,11447650
1271,1974-03-25 00:00:00+00:00,64600,A,11447650
1272,1974-03-26 00:00:00+00:00,60700,A,11447650
1273,1974-03-27 00:00:00+00:00,55000,A,11447650
1274,1974-03-28 00:00:00+00:00,51600,A,11447650
1275,1974-03-29 00:00:00+00:00,53500,A,11447650
1276,1974-03-30 00:00:00+00:00,64600,A,11447650
1277,1974-03-31 00:00:00+00:00,77100,A,11447650
1278,1974-04-01 00:00:00+00:00,84000,A,11447650
1279,1974-04-02 00:00:00+00:00,90700,A,11447650
1280,1974-04-03 00:00:00+00:00,91900,A,11447650
1281,1974-04-04 00:00:00+00:00,91800,A,11447650
1282,1974-04-05 00:00:00+00:00,91200,A,11447650
1283,1974-04-06 00:00:00+00:00,87000,A,11447650
1284,1974-04-07 00:00:00+00:00,82800,A,11447650
1285,1974-04-08 00:00:00+00:00,80200,A,11447650
1286,1974-04-09 00:00:00+00:00,77800,A,11447650
1287,1974-04-10 00:00:00+00:00,76200,A,11447650
1288,1974-04-11 00:00:00+00:00,73900,A,11447650
1289,1974-04-12 00:00:00+00:00,71900,A,11447650
1290,1974-04-13 00:00:00+00:00,70800,A,11447650
1291,1974-04-14 00:00:00+00:00,70200,A,11447650
1292,1974-04-15 00:00:00+00:00,68400,A,11447650
1293,1974-04-16 00:00:00+00:00,68000,A,11447650
1294,1974-04-17 00:00:00+00:00,67500,A,11447650
1295,1974-04-18 00:00:00+00:00,66800,A,11447650
1296,1974-04-19 00:00:00+00:00,66100,A,11447650
1297,1974-04-20 00:00:00+00:00,65300,A,11447650
1298,1974-04-21 00:00:00+00:00,63400,A,11447650
1299,1974-04-22 00:00:00+00:00,59100,A,11447650
1300,1974-04-23 00:00:00+00:00,52700,A,11447650
1594,1975-02-11 00:00:00+00:00,51100,A,11447650
1595,1975-02-12 00:00:00+00:00,53600,A,11447650
1596,1975-02-13 00:00:00+00:00,62200,A,11447650
1597,1975-02-14 00:00:00+00:00,71300,A,11447650
1598,1975-02-15 00:00:00+00:00,71500,A,11447650
1599,1975-02-16 00:00:00+00:00,71300,A,11447650
1600,1975-02-17 00:00:00+00:00,69500,A,11447650
1601,1975-02-18 00:00:00+00:00,66900,A,11447650
1602,1975-02-19 00:00:00+00:00,63200,A,11447650
1603,1975-02-20 00:00:00+00:00,57300,A,11447650
1604,1975-02-21 00:00:00+00:00,52600,A,11447650
1623,1975-03-12 00:00:00+00:00,54200,A,11447650
1624,1975-03-13 00:00:00+00:00,57400,A,11447650
1625,1975-03-14 00:00:00+00:00,59000,A,11447650
1626,1975-03-15 00:00:00+00:00,56800,A,11447650
1627,1975-03-16 00:00:00+00:00,53700,A,11447650
1628,1975-03-17 00:00:00+00:00,51300,A,11447650
1632,1975-03-21 00:00:00+00:00,54700,A,11447650
1633,1975-03-22 00:00:00+00:00,65400,A,11447650
1634,1975-03-23 00:00:00+00:00,69300,A,11447650
1635,1975-03-24 00:00:00+00:00,69700,A,11447650
1636,1975-03-25 00:00:00+00:00,71600,A,11447650
1637,1975-03-26 00:00:00+00:00,73800,A,11447650
1638,1975-03-27 00:00:00+00:00,72600,A,11447650
1639,1975-03-28 00:00:00+00:00,71900,A,11447650
1640,1975-03-29 00:00:00+00:00,70400,A,11447650
1641,1975-03-30 00:00:00+00:00,68600,A,11447650
1642,1975-03-31 00:00:00+00:00,66300,A,11447650
1643,1975-04-01 00:00:00+00:00,62100,A,11447650
1644,1975-04-02 00:00:00+00:00,54900,A,11447650
2661,1978-01-13 00:00:00+00:00,51900,A,11447650
2662,1978-01-14 00:00:00+00:00,57900,A,11447650
2663,1978-01-15 00:00:00+00:00,64500,A,11447650
2664,1978-01-16 00:00:00+00:00,68500,A,11447650
2665,1978-01-17 00:00:00+00:00,73000,A,11447650
2666,1978-01-18 00:00:00+00:00,75000,A,11447650
2667,1978-01-19 00:00:00+00:00,76000,A,11447650
2668,1978-01-20 00:00:00+00:00,73500,A,11447650
2669,1978-01-21 00:00:00+00:00,70900,A,11447650
2670,1978-01-22 00:00:00+00:00,68800,A,11447650
2671,1978-01-23 00:00:00+00:00,66200,A,11447650
2672,1978-01-24 00:00:00+00:00,62100,A,11447650
2673,1978-01-25 00:00:00+00:00,56900,A,11447650
2688,1978-02-09 00:00:00+00:00,57000,A,11447650
2689,1978-02-10 00:00:00+00:00,66900,A,11447650
2690,1978-02-11 00:00:00+00:00,68900,A,11447650
2691,1978-02-12 00:00:00+00:00,68500,A,11447650
2692,1978-02-13 00:00:00+00:00,68600,A,11447650
2693,1978-02-14 00:00:00+00:00,67600,A,11447650
2694,1978-02-15 00:00:00+00:00,66900,A,11447650
2695,1978-02-16 00:00:00+00:00,66000,A,11447650
2696,1978-02-17 00:00:00+00:00,64300,A,11447650
2697,1978-02-18 00:00:00+00:00,60300,A,11447650
2698,1978-02-19 00:00:00+00:00,55500,A,11447650
2699,1978-02-20 00:00:00+00:00,50200,A,11447650
2712,1978-03-05 00:00:00+00:00,60000,A,11447650
2713,1978-03-06 00:00:00+00:00,72700,A,11447650
2714,1978-03-07 00:00:00+00:00,78400,A,11447650
2715,1978-03-08 00:00:00+00:00,79100,A,11447650
2716,1978-03-09 00:00:00+00:00,79300,A,11447650
2717,1978-03-10 00:00:00+00:00,78300,A,11447650
2718,1978-03-11 00:00:00+00:00,74000,A,11447650
2719,1978-03-12 00:00:00+00:00,73600,A,11447650
2720,1978-03-13 00:00:00+00:00,73000,A,11447650
2721,1978-03-14 00:00:00+00:00,72400,A,11447650
2722,1978-03-15 00:00:00+00:00,71600,A,11447650
2723,1978-03-16 00:00:00+00:00,71000,A,11447650
2724,1978-03-17 00:00:00+00:00,70100,A,11447650
2725,1978-03-18 00:00:00+00:00,68700,A,11447650
2726,1978-03-19 00:00:00+00:00,66700,A,11447650
2727,1978-03-20 00:00:00+00:00,63400,A,11447650
2728,1978-03-21 00:00:00+00:00,57800,A,11447650
2729,1978-03-22 00:00:00+00:00,51100,A,11447650
3065,1979-02-21 00:00:00+00:00,51400,A,11447650
3066,1979-02-22 00:00:00+00:00,57000,A,11447650
3067,1979-02-23 00:00:00+00:00,66600,A,11447650
3068,1979-02-24 00:00:00+00:00,71300,A,11447650
3069,1979-02-25 00:00:00+00:00,70700,A,11447650
3070,1979-02-26 00:00:00+00:00,66400,A,11447650
3071,1979-02-27 00:00:00+00:00,57100,A,11447650
3074,1979-03-02 00:00:00+00:00,50600,A,11447650
3075,1979-03-03 00:00:00+00:00,52400,A,11447650
3391,1980-01-13 00:00:00+00:00,67900,A,11447650
3392,1980-01-14 00:00:00+00:00,94200,A,11447650
3393,1980-01-15 00:00:00+00:00,94600,A,11447650
3394,1980-01-16 00:00:00+00:00,91900,A,11447650
3395,1980-01-17 00:00:00+00:00,86700,A,11447650
3396,1980-01-18 00:00:00+00:00,85000,A,11447650
3397,1980-01-19 00:00:00+00:00,78800,A,11447650
3398,1980-01-20 00:00:00+00:00,77500,A,11447650
3399,1980-01-21 00:00:00+00:00,75700,A,11447650
3400,1980-01-22 00:00:00+00:00,72300,A,11447650
3401,1980-01-23 00:00:00+00:00,70000,A,11447650
3402,1980-01-24 00:00:00+00:00,69200,A,11447650
3403,1980-01-25 00:00:00+00:00,68400,A,11447650
3404,1980-01-26 00:00:00+00:00,66400,A,11447650
3405,1980-01-27 00:00:00+00:00,64000,A,11447650
3406,1980-01-28 00:00:00+00:00,61000,A,11447650
3407,1980-01-29 00:00:00+00:00,57400,A,11447650
3408,1980-01-30 00:00:00+00:00,53800,A,11447650
3427,1980-02-18 00:00:00+00:00,61600,A,11447650
3428,1980-02-19 00:00:00+00:00,77400,A,11447650
3429,1980-02-20 00:00:00+00:00,89100,A,11447650
3430,1980-02-21 00:00:00+00:00,93900,A,11447650
3431,1980-02-22 00:00:00+00:00,94100,A,11447650
3432,1980-02-23 00:00:00+00:00,92300,A,11447650
3433,1980-02-24 00:00:00+00:00,88600,A,11447650
3434,1980-02-25 00:00:00+00:00,84100,A,11447650
3435,1980-02-26 00:00:00+00:00,80900,A,11447650
3436,1980-02-27 00:00:00+00:00,76800,A,11447650
3437,1980-02-28 00:00:00+00:00,75800,A,11447650
3438,1980-02-29 00:00:00+00:00,72500,A,11447650
3439,1980-03-01 00:00:00+00:00,71700,A,11447650
3440,1980-03-02 00:00:00+00:00,71200,A,11447650
3441,1980-03-03 00:00:00+00:00,70900,A,11447650
3442,1980-03-04 00:00:00+00:00,70900,A,11447650
3443,1980-03-05 00:00:00+00:00,70800,A,11447650
3444,1980-03-06 00:00:00+00:00,71600,A,11447650
3445,1980-03-07 00:00:00+00:00,72000,A,11447650
3446,1980-03-08 00:00:00+00:00,71700,A,11447650
3447,1980-03-09 00:00:00+00:00,69900,A,11447650
3448,1980-03-10 00:00:00+00:00,68300,A,11447650
3449,1980-03-11 00:00:00+00:00,66700,A,11447650
3450,1980-03-12 00:00:00+00:00,65600,A,11447650
3451,1980-03-13 00:00:00+00:00,64400,A,11447650
3452,1980-03-14 00:00:00+00:00,62700,A,11447650
3453,1980-03-15 00:00:00+00:00,60900,A,11447650
3454,1980-03-16 00:00:00+00:00,58900,A,11447650
3455,1980-03-17 00:00:00+00:00,57300,A,11447650
3456,1980-03-18 00:00:00+00:00,55700,A,11447650
3457,1980-03-19 00:00:00+00:00,53600,A,11447650
3458,1980-03-20 00:00:00+00:00,51600,A,11447650
3775,1981-01-31 00:00:00+00:00,51900,A,11447650
3776,1981-02-01 00:00:00+00:00,52500,A,11447650
4071,1981-11-23 00:00:00+00:00,51600,A,11447650
4072,1981-11-24 00:00:00+00:00,56300,A,11447650
4073,1981-11-25 00:00:00+00:00,69300,A,11447650
4074,1981-11-26 00:00:00+00:00,76500,A,11447650
4075,1981-11-27 00:00:00+00:00,77900,A,11447650
4076,1981-11-28 00:00:00+00:00,74200,A,11447650
4077,1981-11-29 00:00:00+00:00,71500,A,11447650
4078,1981-11-30 00:00:00+00:00,69600,A,11447650
4079,1981-12-01 00:00:00+00:00,66000,A,11447650
4080,1981-12-02 00:00:00+00:00,61900,A,11447650
4081,1981-12-03 00:00:00+00:00,58600,A,11447650
4082,1981-12-04 00:00:00+00:00,55300,A,11447650
4083,1981-12-05 00:00:00+00:00,52300,A,11447650
4084,1981-12-06 00:00:00+00:00,50200,A,11447650
4098,1981-12-20 00:00:00+00:00,70400,A,11447650
4099,1981-12-21 00:00:00+00:00,96200,A,11447650
4100,1981-12-22 00:00:00+00:00,98300,A,11447650
4101,1981-12-23 00:00:00+00:00,97700,A,11447650
4102,1981-12-24 00:00:00+00:00,96800,A,11447650
4103,1981-12-25 00:00:00+00:00,90800,A,11447650
4104,1981-12-26 00:00:00+00:00,80400,A,11447650
4105,1981-12-27 00:00:00+00:00,74800,A,11447650
4106,1981-12-28 00:00:00+00:00,73500,A,11447650
4107,1981-12-29 00:00:00+00:00,73500,A,11447650
4108,1981-12-30 00:00:00+00:00,79100,A,11447650
4109,1981-12-31 00:00:00+00:00,80700,A,11447650
4110,1982-01-01 00:00:00+00:00,81600,A,11447650
4111,1982-01-02 00:00:00+00:00,87100,A,11447650
4112,1982-01-03 00:00:00+00:00,88700,A,11447650
4113,1982-01-04 00:00:00+00:00,88100,A,11447650
4114,1982-01-05 00:00:00+00:00,92700,A,11447650
4115,1982-01-06 00:00:00+00:00,90400,A,11447650
4116,1982-01-07 00:00:00+00:00,87000,A,11447650
4117,1982-01-08 00:00:00+00:00,83900,A,11447650
4118,1982-01-09 00:00:00+00:00,75000,A,11447650
4119,1982-01-10 00:00:00+00:00,72000,A,11447650
4120,1982-01-11 00:00:00+00:00,70200,A,11447650
4121,1982-01-12 00:00:00+00:00,68600,A,11447650
4122,1982-01-13 00:00:00+00:00,67400,A,11447650
4123,1982-01-14 00:00:00+00:00,66200,A,11447650
4124,1982-01-15 00:00:00+00:00,64300,A,11447650
4125,1982-01-16 00:00:00+00:00,59000,A,11447650
4126,1982-01-17 00:00:00+00:00,53000,A,11447650
4132,1982-01-23 00:00:00+00:00,50600,A,11447650
4133,1982-01-24 00:00:00+00:00,51200,A,11447650
4134,1982-01-25 00:00:00+00:00,51100,A,11447650
4136,1982-01-27 00:00:00+00:00,50800,A,11447650
4137,1982-01-28 00:00:00+00:00,53300,A,11447650
4138,1982-01-29 00:00:00+00:00,55400,A,11447650
4139,1982-01-30 00:00:00+00:00,57100,A,11447650
4140,1982-01-31 00:00:00+00:00,57700,A,11447650
4141,1982-02-01 00:00:00+00:00,56800,A,11447650
4142,1982-02-02 00:00:00+00:00,53500,A,11447650
4156,1982-02-16 00:00:00+00:00,86000,A,11447650
4157,1982-02-17 00:00:00+00:00,98000,A,11447650
4158,1982-02-18 00:00:00+00:00,91200,A,11447650
4159,1982-02-19 00:00:00+00:00,83800,A,11447650
4160,1982-02-20 00:00:00+00:00,79500,A,11447650
4161,1982-02-21 00:00:00+00:00,80100,A,11447650
4162,1982-02-22 00:00:00+00:00,79500,A,11447650
4163,1982-02-23 00:00:00+00:00,79300,A,11447650
4164,1982-02-24 00:00:00+00:00,79200,A,11447650
4165,1982-02-25 00:00:00+00:00,78600,A,11447650
4166,1982-02-26 00:00:00+00:00,75200,A,11447650
4167,1982-02-27 00:00:00+00:00,71900,A,11447650
4168,1982-02-28 00:00:00+00:00,70400,A,11447650
4169,1982-03-01 00:00:00+00:00,69300,A,11447650
4170,1982-03-02 00:00:00+00:00,70400,A,11447650
4171,1982-03-03 00:00:00+00:00,70900,A,11447650
4172,1982-03-04 00:00:00+00:00,70200,A,11447650
4173,1982-03-05 00:00:00+00:00,69600,A,11447650
4174,1982-03-06 00:00:00+00:00,68900,A,11447650
4175,1982-03-07 00:00:00+00:00,68200,A,11447650
4176,1982-03-08 00:00:00+00:00,67400,A,11447650
4177,1982-03-09 00:00:00+00:00,66600,A,11447650
4178,1982-03-10 00:00:00+00:00,65300,A,11447650
4179,1982-03-11 00:00:00+00:00,64800,A,11447650
4180,1982-03-12 00:00:00+00:00,65800,A,11447650
4181,1982-03-13 00:00:00+00:00,66500,A,11447650
4182,1982-03-14 00:00:00+00:00,66000,A,11447650
4183,1982-03-15 00:00:00+00:00,65400,A,11447650
4184,1982-03-16 00:00:00+00:00,65100,A,11447650
4185,1982-03-17 00:00:00+00:00,66100,A,11447650
4186,1982-03-18 00:00:00+00:00,68500,A,11447650
4187,1982-03-19 00:00:00+00:00,70100,A,11447650
4188,1982-03-20 00:00:00+00:00,69500,A,11447650
4189,1982-03-21 00:00:00+00:00,68300,A,11447650
4190,1982-03-22 00:00:00+00:00,67100,A,11447650
4191,1982-03-23 00:00:00+00:00,63000,A,11447650
4192,1982-03-24 00:00:00+00:00,59300,A,11447650
4193,1982-03-25 00:00:00+00:00,55800,A,11447650
4194,1982-03-26 00:00:00+00:00,52300,A,11447650
4200,1982-04-01 00:00:00+00:00,72800,A,11447650
4201,1982-04-02 00:00:00+00:00,83000,A,11447650
4202,1982-04-03 00:00:00+00:00,87500,A,11447650
4203,1982-04-04 00:00:00+00:00,88000,A,11447650
4204,1982-04-05 00:00:00+00:00,87100,A,11447650
4205,1982-04-06 00:00:00+00:00,85100,A,11447650
4206,1982-04-07 00:00:00+00:00,79100,A,11447650
4207,1982-04-08 00:00:00+00:00,75900,A,11447650
4208,1982-04-09 00:00:00+00:00,72000,A,11447650
4209,1982-04-10 00:00:00+00:00,69400,A,11447650
4210,1982-04-11 00:00:00+00:00,73900,A,11447650
4211,1982-04-12 00:00:00+00:00,93700,A,11447650
4212,1982-04-13 00:00:00+00:00,92900,A,11447650
4213,1982-04-14 00:00:00+00:00,87100,A,11447650
4214,1982-04-15 00:00:00+00:00,81100,A,11447650
4215,1982-04-16 00:00:00+00:00,83500,A,11447650
4216,1982-04-17 00:00:00+00:00,79800,A,11447650
4217,1982-04-18 00:00:00+00:00,82400,A,11447650
4218,1982-04-19 00:00:00+00:00,81500,A,11447650
4219,1982-04-20 00:00:00+00:00,79900,A,11447650
4220,1982-04-21 00:00:00+00:00,77400,A,11447650
4221,1982-04-22 00:00:00+00:00,74200,A,11447650
4222,1982-04-23 00:00:00+00:00,70800,A,11447650
4223,1982-04-24 00:00:00+00:00,68200,A,11447650
4224,1982-04-25 00:00:00+00:00,65700,A,11447650
4225,1982-04-26 00:00:00+00:00,63300,A,11447650
4226,1982-04-27 00:00:00+00:00,61000,A,11447650
4227,1982-04-28 00:00:00+00:00,59700,A,11447650
4228,1982-04-29 00:00:00+00:00,60500,A,11447650
4229,1982-04-30 00:00:00+00:00,60900,A,11447650
4230,1982-05-01 00:00:00+00:00,60100,A,11447650
4231,1982-05-02 00:00:00+00:00,59000,A,11447650
4232,1982-05-03 00:00:00+00:00,57900,A,11447650
4233,1982-05-04 00:00:00+00:00,57000,A,11447650
4234,1982-05-05 00:00:00+00:00,55900,A,11447650
4235,1982-05-06 00:00:00+00:00,54000,A,11447650
4236,1982-05-07 00:00:00+00:00,53000,A,11447650
4237,1982-05-08 00:00:00+00:00,51200,A,11447650
4443,1982-11-30 00:00:00+00:00,50800,A,11447650
4444,1982-12-01 00:00:00+00:00,66400,A,11447650
4445,1982-12-02 00:00:00+00:00,70800,A,11447650
4446,1982-12-03 00:00:00+00:00,70000,A,11447650
4447,1982-12-04 00:00:00+00:00,64500,A,11447650
4448,1982-12-05 00:00:00+00:00,60400,A,11447650
4449,1982-12-06 00:00:00+00:00,55800,A,11447650
4450,1982-12-07 00:00:00+00:00,52100,A,11447650
4464,1982-12-21 00:00:00+00:00,51300,A,11447650
4465,1982-12-22 00:00:00+00:00,79500,A,11447650
4466,1982-12-23 00:00:00+00:00,96100,A,11447650
4467,1982-12-24 00:00:00+00:00,96200,A,11447650
4468,1982-12-25 00:00:00+00:00,85100,A,11447650
4469,1982-12-26 00:00:00+00:00,81500,A,11447650
4470,1982-12-27 00:00:00+00:00,79200,A,11447650
4471,1982-12-28 00:00:00+00:00,75900,A,11447650
4472,1982-12-29 00:00:00+00:00,70300,A,11447650
4473,1982-12-30 00:00:00+00:00,67100,A,11447650
4474,1982-12-31 00:00:00+00:00,63100,A,11447650
4475,1983-01-01 00:00:00+00:00,57400,A,11447650
4476,1983-01-02 00:00:00+00:00,51100,A,11447650
4498,1983-01-24 00:00:00+00:00,58400,A,11447650
4499,1983-01-25 00:00:00+00:00,71900,A,11447650
4500,1983-01-26 00:00:00+00:00,76800,A,11447650
4501,1983-01-27 00:00:00+00:00,83900,A,11447650
4502,1983-01-28 00:00:00+00:00,90900,A,11447650
4503,1983-01-29 00:00:00+00:00,93600,A,11447650
4504,1983-01-30 00:00:00+00:00,90500,A,11447650
4505,1983-01-31 00:00:00+00:00,86700,A,11447650
4506,1983-02-01 00:00:00+00:00,83800,A,11447650
4507,1983-02-02 00:00:00+00:00,79100,A,11447650
4508,1983-02-03 00:00:00+00:00,76100,A,11447650
4509,1983-02-04 00:00:00+00:00,75000,A,11447650
4510,1983-02-05 00:00:00+00:00,73000,A,11447650
4511,1983-02-06 00:00:00+00:00,71000,A,11447650
4512,1983-02-07 00:00:00+00:00,72400,A,11447650
4513,1983-02-08 00:00:00+00:00,83100,A,11447650
4514,1983-02-09 00:00:00+00:00,90400,A,11447650
4515,1983-02-10 00:00:00+00:00,88400,A,11447650
4516,1983-02-11 00:00:00+00:00,85800,A,11447650
4517,1983-02-12 00:00:00+00:00,82600,A,11447650
4518,1983-02-13 00:00:00+00:00,84200,A,11447650
4519,1983-02-14 00:00:00+00:00,87200,A,11447650
4520,1983-02-15 00:00:00+00:00,87600,A,11447650
4521,1983-02-16 00:00:00+00:00,85000,A,11447650
4522,1983-02-17 00:00:00+00:00,77600,A,11447650
4523,1983-02-18 00:00:00+00:00,75400,A,11447650
4524,1983-02-19 00:00:00+00:00,75000,A,11447650
4525,1983-02-20 00:00:00+00:00,74600,A,11447650
4526,1983-02-21 00:00:00+00:00,74200,A,11447650
4527,1983-02-22 00:00:00+00:00,73600,A,11447650
4528,1983-02-23 00:00:00+00:00,73600,A,11447650
4529,1983-02-24 00:00:00+00:00,73600,A,11447650
4530,1983-02-25 00:00:00+00:00,73800,A,11447650
4531,1983-02-26 00:00:00+00:00,74600,A,11447650
4532,1983-02-27 00:00:00+00:00,80200,A,11447650
4533,1983-02-28 00:00:00+00:00,82200,A,11447650
4534,1983-03-01 00:00:00+00:00,86800,A,11447650
4535,1983-03-02 00:00:00+00:00,82000,A,11447650
4536,1983-03-03 00:00:00+00:00,83100,A,11447650
4537,1983-03-04 00:00:00+00:00,83100,A,11447650
4538,1983-03-05 00:00:00+00:00,81700,A,11447650
4539,1983-03-06 00:00:00+00:00,80300,A,11447650
4540,1983-03-07 00:00:00+00:00,80000,A,11447650
4541,1983-03-08 00:00:00+00:00,79300,A,11447650
4542,1983-03-09 00:00:00+00:00,77100,A,11447650
4543,1983-03-10 00:00:00+00:00,75400,A,11447650
4544,1983-03-11 00:00:00+00:00,75200,A,11447650
4545,1983-03-12 00:00:00+00:00,76000,A,11447650
4546,1983-03-13 00:00:00+00:00,80900,A,11447650
4547,1983-03-14 00:00:00+00:00,85300,A,11447650
4548,1983-03-15 00:00:00+00:00,84500,A,11447650
4549,1983-03-16 00:00:00+00:00,84000,A,11447650
4550,1983-03-17 00:00:00+00:00,83500,A,11447650
4551,1983-03-18 00:00:00+00:00,80100,A,11447650
4552,1983-03-19 00:00:00+00:00,78100,A,11447650
4553,1983-03-20 00:00:00+00:00,76500,A,11447650
4554,1983-03-21 00:00:00+00:00,75500,A,11447650
4555,1983-03-22 00:00:00+00:00,74600,A,11447650
4556,1983-03-23 00:00:00+00:00,74900,A,11447650
4557,1983-03-24 00:00:00+00:00,75100,A,11447650
4558,1983-03-25 00:00:00+00:00,74900,A,11447650
4559,1983-03-26 00:00:00+00:00,74600,A,11447650
4560,1983-03-27 00:00:00+00:00,74400,A,11447650
4561,1983-03-28 00:00:00+00:00,74300,A,11447650
4562,1983-03-29 00:00:00+00:00,73800,A,11447650
4563,1983-03-30 00:00:00+00:00,71500,A,11447650
4564,1983-03-31 00:00:00+00:00,70500,A,11447650
4565,1983-04-01 00:00:00+00:00,70700,A,11447650
4566,1983-04-02 00:00:00+00:00,70600,A,11447650
4567,1983-04-03 00:00:00+00:00,70600,A,11447650
4568,1983-04-04 00:00:00+00:00,70400,A,11447650
4569,1983-04-05 00:00:00+00:00,71000,A,11447650
4570,1983-04-06 00:00:00+00:00,71500,A,11447650
4571,1983-04-07 00:00:00+00:00,71100,A,11447650
4572,1983-04-08 00:00:00+00:00,70400,A,11447650
4573,1983-04-09 00:00:00+00:00,68800,A,11447650
4574,1983-04-10 00:00:00+00:00,68200,A,11447650
4575,1983-04-11 00:00:00+00:00,67400,A,11447650
4576,1983-04-12 00:00:00+00:00,66500,A,11447650
4577,1983-04-13 00:00:00+00:00,64700,A,11447650
4578,1983-04-14 00:00:00+00:00,61800,A,11447650
4579,1983-04-15 00:00:00+00:00,58400,A,11447650
4580,1983-04-16 00:00:00+00:00,54600,A,11447650
4581,1983-04-17 00:00:00+00:00,51500,A,11447650
4582,1983-04-18 00:00:00+00:00,50100,A,11447650
4589,1983-04-25 00:00:00+00:00,50800,A,11447650
4590,1983-04-26 00:00:00+00:00,53400,A,11447650
4591,1983-04-27 00:00:00+00:00,55000,A,11447650
4592,1983-04-28 00:00:00+00:00,56300,A,11447650
4593,1983-04-29 00:00:00+00:00,59800,A,11447650
4594,1983-04-30 00:00:00+00:00,67000,A,11447650
4595,1983-05-01 00:00:00+00:00,71600,A,11447650
4596,1983-05-02 00:00:00+00:00,72100,A,11447650
4597,1983-05-03 00:00:00+00:00,71800,A,11447650
4598,1983-05-04 00:00:00+00:00,71200,A,11447650
4599,1983-05-05 00:00:00+00:00,71100,A,11447650
4600,1983-05-06 00:00:00+00:00,71400,A,11447650
4601,1983-05-07 00:00:00+00:00,71900,A,11447650
4602,1983-05-08 00:00:00+00:00,71700,A,11447650
4603,1983-05-09 00:00:00+00:00,71100,A,11447650
4604,1983-05-10 00:00:00+00:00,70900,A,11447650
4605,1983-05-11 00:00:00+00:00,70700,A,11447650
4606,1983-05-12 00:00:00+00:00,70600,A,11447650
4607,1983-05-13 00:00:00+00:00,70500,A,11447650
4608,1983-05-14 00:00:00+00:00,70400,A,11447650
4609,1983-05-15 00:00:00+00:00,70100,A,11447650
4610,1983-05-16 00:00:00+00:00,69400,A,11447650
4611,1983-05-17 00:00:00+00:00,67400,A,11447650
4612,1983-05-18 00:00:00+00:00,62900,A,11447650
4613,1983-05-19 00:00:00+00:00,56300,A,11447650
4614,1983-05-20 00:00:00+00:00,52400,A,11447650
4615,1983-05-21 00:00:00+00:00,51200,A,11447650
4616,1983-05-22 00:00:00+00:00,50400,A,11447650
4617,1983-05-23 00:00:00+00:00,50100,A,11447650
4618,1983-05-24 00:00:00+00:00,50100,A,11447650
4622,1983-05-28 00:00:00+00:00,50200,A,11447650
4623,1983-05-29 00:00:00+00:00,51300,A,11447650
4624,1983-05-30 00:00:00+00:00,51900,A,11447650
4625,1983-05-31 00:00:00+00:00,52500,A,11447650
4626,1983-06-01 00:00:00+00:00,53000,A,11447650
4627,1983-06-02 00:00:00+00:00,53900,A,11447650
4628,1983-06-03 00:00:00+00:00,54600,A,11447650
4629,1983-06-04 00:00:00+00:00,54900,A,11447650
4630,1983-06-05 00:00:00+00:00,55600,A,11447650
4631,1983-06-06 00:00:00+00:00,56500,A,11447650
4632,1983-06-07 00:00:00+00:00,56300,A,11447650
4633,1983-06-08 00:00:00+00:00,55800,A,11447650
4634,1983-06-09 00:00:00+00:00,55200,A,11447650
4635,1983-06-10 00:00:00+00:00,53700,A,11447650
4636,1983-06-11 00:00:00+00:00,52900,A,11447650
4637,1983-06-12 00:00:00+00:00,52500,A,11447650
4638,1983-06-13 00:00:00+00:00,53200,A,11447650
4639,1983-06-14 00:00:00+00:00,52000,A,11447650
4640,1983-06-15 00:00:00+00:00,50200,A,11447650
4794,1983-11-16 00:00:00+00:00,51000,A,11447650
4795,1983-11-17 00:00:00+00:00,55200,A,11447650
4796,1983-11-18 00:00:00+00:00,62600,A,11447650
4797,1983-11-19 00:00:00+00:00,76000,A,11447650
4798,1983-11-20 00:00:00+00:00,84300,A,11447650
4799,1983-11-21 00:00:00+00:00,86600,A,11447650
4800,1983-11-22 00:00:00+00:00,84600,A,11447650
4801,1983-11-23 00:00:00+00:00,67200,A,11447650
4802,1983-11-24 00:00:00+00:00,63000,A,11447650
4803,1983-11-25 00:00:00+00:00,66900,A,11447650
4804,1983-11-26 00:00:00+00:00,70100,A,11447650
4805,1983-11-27 00:00:00+00:00,78800,A,11447650
4806,1983-11-28 00:00:00+00:00,83200,A,11447650
4807,1983-11-29 00:00:00+00:00,82700,A,11447650
4808,1983-11-30 00:00:00+00:00,78900,A,11447650
4809,1983-12-01 00:00:00+00:00,69400,A,11447650
4810,1983-12-02 00:00:00+00:00,64700,A,11447650
4811,1983-12-03 00:00:00+00:00,61900,A,11447650
4812,1983-12-04 00:00:00+00:00,62400,A,11447650
4813,1983-12-05 00:00:00+00:00,64300,A,11447650
4814,1983-12-06 00:00:00+00:00,66100,A,11447650
4815,1983-12-07 00:00:00+00:00,67100,A,11447650
4816,1983-12-08 00:00:00+00:00,67000,A,11447650
4817,1983-12-09 00:00:00+00:00,67100,A,11447650
4818,1983-12-10 00:00:00+00:00,68900,A,11447650
4819,1983-12-11 00:00:00+00:00,71600,A,11447650
4820,1983-12-12 00:00:00+00:00,77200,A,11447650
4821,1983-12-13 00:00:00+00:00,79900,A,11447650
4822,1983-12-14 00:00:00+00:00,80400,A,11447650
4823,1983-12-15 00:00:00+00:00,79500,A,11447650
4824,1983-12-16 00:00:00+00:00,78000,A,11447650
4825,1983-12-17 00:00:00+00:00,75700,A,11447650
4826,1983-12-18 00:00:00+00:00,73600,A,11447650
4827,1983-12-19 00:00:00+00:00,71000,A,11447650
4828,1983-12-20 00:00:00+00:00,69800,A,11447650
4829,1983-12-21 00:00:00+00:00,69200,A,11447650
4830,1983-12-22 00:00:00+00:00,68500,A,11447650
4831,1983-12-23 00:00:00+00:00,68000,A,11447650
4832,1983-12-24 00:00:00+00:00,71600,A,11447650
4833,1983-12-25 00:00:00+00:00,79400,A,11447650
4834,1983-12-26 00:00:00+00:00,88400,A,11447650
4835,1983-12-27 00:00:00+00:00,91900,A,11447650
4836,1983-12-28 00:00:00+00:00,92700,A,11447650
4837,1983-12-29 00:00:00+00:00,91900,A,11447650
4838,1983-12-30 00:00:00+00:00,89100,A,11447650
4839,1983-12-31 00:00:00+00:00,83600,A,11447650
4840,1984-01-01 00:00:00+00:00,80000,A,11447650
4841,1984-01-02 00:00:00+00:00,78600,A,11447650
4842,1984-01-03 00:00:00+00:00,77800,A,11447650
4843,1984-01-04 00:00:00+00:00,75900,A,11447650
4844,1984-01-05 00:00:00+00:00,74900,A,11447650
4845,1984-01-06 00:00:00+00:00,74200,A,11447650
4846,1984-01-07 00:00:00+00:00,73300,A,11447650
4847,1984-01-08 00:00:00+00:00,71800,A,11447650
4848,1984-01-09 00:00:00+00:00,69900,A,11447650
4849,1984-01-10 00:00:00+00:00,67200,A,11447650
4850,1984-01-11 00:00:00+00:00,65500,A,11447650
4851,1984-01-12 00:00:00+00:00,64200,A,11447650
4852,1984-01-13 00:00:00+00:00,62900,A,11447650
4853,1984-01-14 00:00:00+00:00,59700,A,11447650
4854,1984-01-15 00:00:00+00:00,57200,A,11447650
4855,1984-01-16 00:00:00+00:00,56000,A,11447650
4856,1984-01-17 00:00:00+00:00,55000,A,11447650
4857,1984-01-18 00:00:00+00:00,54200,A,11447650
4858,1984-01-19 00:00:00+00:00,53200,A,11447650
4859,1984-01-20 00:00:00+00:00,51100,A,11447650
5603,1986-02-02 00:00:00+00:00,50600,A,11447650
5604,1986-02-03 00:00:00+00:00,54200,A,11447650
5605,1986-02-04 00:00:00+00:00,58300,A,11447650
5606,1986-02-05 00:00:00+00:00,62200,A,11447650
5607,1986-02-06 00:00:00+00:00,63300,A,11447650
5608,1986-02-07 00:00:00+00:00,57700,A,11447650
5616,1986-02-15 00:00:00+00:00,64100,A,11447650
5617,1986-02-16 00:00:00+00:00,81500,A,11447650
5618,1986-02-17 00:00:00+00:00,98100,A,11447650
5619,1986-02-18 00:00:00+00:00,108000,A,11447650
5620,1986-02-19 00:00:00+00:00,115000,A,11447650
5621,1986-02-20 00:00:00+00:00,113000,A,11447650
5622,1986-02-21 00:00:00+00:00,103000,A,11447650
5623,1986-02-22 00:00:00+00:00,91300,A,11447650
5624,1986-02-23 00:00:00+00:00,87400,A,11447650
5625,1986-02-24 00:00:00+00:00,83300,A,11447650
5626,1986-02-25 00:00:00+00:00,82100,A,11447650
5627,1986-02-26 00:00:00+00:00,80100,A,11447650
5628,1986-02-27 00:00:00+00:00,79600,A,11447650
5629,1986-02-28 00:00:00+00:00,80600,A,11447650
5630,1986-03-01 00:00:00+00:00,78500,A,11447650
5631,1986-03-02 00:00:00+00:00,77700,A,11447650
5632,1986-03-03 00:00:00+00:00,76700,A,11447650
5633,1986-03-04 00:00:00+00:00,75500,A,11447650
5634,1986-03-05 00:00:00+00:00,74700,A,11447650
5635,1986-03-06 00:00:00+00:00,72100,A,11447650
5636,1986-03-07 00:00:00+00:00,72000,A,11447650
5637,1986-03-08 00:00:00+00:00,80500,A,11447650
5638,1986-03-09 00:00:00+00:00,94900,A,11447650
5639,1986-03-10 00:00:00+00:00,96900,A,11447650
5640,1986-03-11 00:00:00+00:00,93200,A,11447650
5641,1986-03-12 00:00:00+00:00,91700,A,11447650
5642,1986-03-13 00:00:00+00:00,90900,A,11447650
5643,1986-03-14 00:00:00+00:00,89800,A,11447650
5644,1986-03-15 00:00:00+00:00,85700,A,11447650
5645,1986-03-16 00:00:00+00:00,85000,A,11447650
5646,1986-03-17 00:00:00+00:00,81500,A,11447650
5647,1986-03-18 00:00:00+00:00,79700,A,11447650
5648,1986-03-19 00:00:00+00:00,75800,A,11447650
5649,1986-03-20 00:00:00+00:00,73600,A,11447650
5650,1986-03-21 00:00:00+00:00,71900,A,11447650
5651,1986-03-22 00:00:00+00:00,70600,A,11447650
5652,1986-03-23 00:00:00+00:00,69000,A,11447650
5653,1986-03-24 00:00:00+00:00,67700,A,11447650
5654,1986-03-25 00:00:00+00:00,66200,A,11447650
5655,1986-03-26 00:00:00+00:00,63200,A,11447650
5656,1986-03-27 00:00:00+00:00,59600,A,11447650
5657,1986-03-28 00:00:00+00:00,57500,A,11447650
5658,1986-03-29 00:00:00+00:00,54200,A,11447650
5659,1986-03-30 00:00:00+00:00,50400,A,11447650
6736,1989-03-11 00:00:00+00:00,52900,A,11447650
6737,1989-03-12 00:00:00+00:00,59600,A,11447650
6738,1989-03-13 00:00:00+00:00,61000,A,11447650
6739,1989-03-14 00:00:00+00:00,60200,A,11447650
6740,1989-03-15 00:00:00+00:00,57500,A,11447650
6741,1989-03-16 00:00:00+00:00,51300,A,11447650
6751,1989-03-26 00:00:00+00:00,69600,A,11447650
6752,1989-03-27 00:00:00+00:00,73500,"A, e",11447650
6753,1989-03-28 00:00:00+00:00,64800,"A, e",11447650
6754,1989-03-29 00:00:00+00:00,60200,A,11447650
6755,1989-03-30 00:00:00+00:00,55900,A,11447650
6756,1989-03-31 00:00:00+00:00,50000,A,11447650
8143,1993-01-16 00:00:00+00:00,51700,A,11447650
8144,1993-01-17 00:00:00+00:00,58200,A,11447650
8145,1993-01-18 00:00:00+00:00,63400,A,11447650
8146,1993-01-19 00:00:00+00:00,60900,A,11447650
8147,1993-01-20 00:00:00+00:00,58900,A,11447650
8148,1993-01-21 00:00:00+00:00,68000,A,11447650
8149,1993-01-22 00:00:00+00:00,76800,A,11447650
8150,1993-01-23 00:00:00+00:00,80000,A,11447650
8151,1993-01-24 00:00:00+00:00,79200,A,11447650
8152,1993-01-25 00:00:00+00:00,77400,A,11447650
8153,1993-01-26 00:00:00+00:00,71700,A,11447650
8154,1993-01-27 00:00:00+00:00,67800,A,11447650
8155,1993-01-28 00:00:00+00:00,62100,A,11447650
8156,1993-01-29 00:00:00+00:00,51600,A,11447650
8170,1993-02-12 00:00:00+00:00,52000,A,11447650
8171,1993-02-13 00:00:00+00:00,52800,A,11447650
8172,1993-02-14 00:00:00+00:00,52800,A,11447650
8178,1993-02-20 00:00:00+00:00,58700,A,11447650
8179,1993-02-21 00:00:00+00:00,67500,A,11447650
8180,1993-02-22 00:00:00+00:00,70700,A,11447650
8181,1993-02-23 00:00:00+00:00,73800,A,11447650
8182,1993-02-24 00:00:00+00:00,75400,A,11447650
8183,1993-02-25 00:00:00+00:00,73400,A,11447650
8184,1993-02-26 00:00:00+00:00,68400,A,11447650
8185,1993-02-27 00:00:00+00:00,64400,A,11447650
8186,1993-02-28 00:00:00+00:00,59700,A,11447650
8187,1993-03-01 00:00:00+00:00,52800,A,11447650
8205,1993-03-19 00:00:00+00:00,52100,A,11447650
8206,1993-03-20 00:00:00+00:00,61100,A,11447650
8207,1993-03-21 00:00:00+00:00,67700,A,11447650
8208,1993-03-22 00:00:00+00:00,70800,"A, e",11447650
8209,1993-03-23 00:00:00+00:00,73900,A,11447650
8210,1993-03-24 00:00:00+00:00,78100,A,11447650
8211,1993-03-25 00:00:00+00:00,80600,A,11447650
8212,1993-03-26 00:00:00+00:00,79400,A,11447650
8213,1993-03-27 00:00:00+00:00,80600,A,11447650
8214,1993-03-28 00:00:00+00:00,82300,A,11447650
8215,1993-03-29 00:00:00+00:00,79600,A,11447650
8216,1993-03-30 00:00:00+00:00,76900,A,11447650
8217,1993-03-31 00:00:00+00:00,74500,A,11447650
8218,1993-04-01 00:00:00+00:00,74200,A,11447650
8219,1993-04-02 00:00:00+00:00,73300,A,11447650
8220,1993-04-03 00:00:00+00:00,72100,A,11447650
8221,1993-04-04 00:00:00+00:00,69600,"A, e",11447650
8222,1993-04-05 00:00:00+00:00,67200,"A, e",11447650
8223,1993-04-06 00:00:00+00:00,64700,"A, e",11447650
8224,1993-04-07 00:00:00+00:00,62300,A,11447650
8225,1993-04-08 00:00:00+00:00,58800,A,11447650
8226,1993-04-09 00:00:00+00:00,55000,A,11447650
8227,1993-04-10 00:00:00+00:00,51200,A,11447650
8867,1995-01-10 00:00:00+00:00,66100,A,11447650
8868,1995-01-11 00:00:00+00:00,87900,A,11447650
8869,1995-01-12 00:00:00+00:00,95700,A,11447650
8870,1995-01-13 00:00:00+00:00,91100,A,11447650
8871,1995-01-14 00:00:00+00:00,85700,A,11447650
8872,1995-01-15 00:00:00+00:00,82400,A,11447650
8873,1995-01-16 00:00:00+00:00,80200,A,11447650
8874,1995-01-17 00:00:00+00:00,78100,A,11447650
8875,1995-01-18 00:00:00+00:00,76700,A,11447650
8876,1995-01-19 00:00:00+00:00,74400,A,11447650
8877,1995-01-20 00:00:00+00:00,72600,A,11447650
8878,1995-01-21 00:00:00+00:00,70500,A,11447650
8879,1995-01-22 00:00:00+00:00,69900,A,11447650
8880,1995-01-23 00:00:00+00:00,70600,A,11447650
8881,1995-01-24 00:00:00+00:00,70900,A,11447650
8882,1995-01-25 00:00:00+00:00,71900,A,11447650
8883,1995-01-26 00:00:00+00:00,73400,A,11447650
8884,1995-01-27 00:00:00+00:00,76600,A,11447650
8885,1995-01-28 00:00:00+00:00,91200,A,11447650
8886,1995-01-29 00:00:00+00:00,82600,A,11447650
8887,1995-01-30 00:00:00+00:00,74300,A,11447650
8888,1995-01-31 00:00:00+00:00,73700,A,11447650
8889,1995-02-01 00:00:00+00:00,70600,A,11447650
8890,1995-02-02 00:00:00+00:00,69400,A,11447650
8891,1995-02-03 00:00:00+00:00,75300,A,11447650
8892,1995-02-04 00:00:00+00:00,75200,A,11447650
8893,1995-02-05 00:00:00+00:00,74900,A,11447650
8894,1995-02-06 00:00:00+00:00,73400,A,11447650
8895,1995-02-07 00:00:00+00:00,71900,A,11447650
8896,1995-02-08 00:00:00+00:00,72200,A,11447650
8897,1995-02-09 00:00:00+00:00,71400,A,11447650
8898,1995-02-10 00:00:00+00:00,70600,A,11447650
8899,1995-02-11 00:00:00+00:00,68800,A,11447650
8900,1995-02-12 00:00:00+00:00,67200,A,11447650
8901,1995-02-13 00:00:00+00:00,65800,A,11447650
8902,1995-02-14 00:00:00+00:00,65200,A,11447650
8903,1995-02-15 00:00:00+00:00,64200,A,11447650
8904,1995-02-16 00:00:00+00:00,62700,A,11447650
8905,1995-02-17 00:00:00+00:00,60100,A,11447650
8906,1995-02-18 00:00:00+00:00,56200,A,11447650
8907,1995-02-19 00:00:00+00:00,51600,A,11447650
8921,1995-03-05 00:00:00+00:00,53300,A,11447650
8922,1995-03-06 00:00:00+00:00,51200,A,11447650
8926,1995-03-10 00:00:00+00:00,80100,A,11447650
8927,1995-03-11 00:00:00+00:00,99500,A,11447650
8928,1995-03-12 00:00:00+00:00,99500,A,11447650
8929,1995-03-13 00:00:00+00:00,96100,A,11447650
8930,1995-03-14 00:00:00+00:00,88100,A,11447650
8931,1995-03-15 00:00:00+00:00,85700,A,11447650
8932,1995-03-16 00:00:00+00:00,84400,A,11447650
8933,1995-03-17 00:00:00+00:00,84600,A,11447650
8934,1995-03-18 00:00:00+00:00,80700,A,11447650
8935,1995-03-19 00:00:00+00:00,80000,A,11447650
8936,1995-03-20 00:00:00+00:00,80300,A,11447650
8937,1995-03-21 00:00:00+00:00,83800,A,11447650
8938,1995-03-22 00:00:00+00:00,85400,A,11447650
8939,1995-03-23 00:00:00+00:00,87500,A,11447650
8940,1995-03-24 00:00:00+00:00,86700,A,11447650
8941,1995-03-25 00:00:00+00:00,85400,A,11447650
8942,1995-03-26 00:00:00+00:00,85500,A,11447650
8943,1995-03-27 00:00:00+00:00,82200,A,11447650
8944,1995-03-28 00:00:00+00:00,71700,A,11447650
8945,1995-03-29 00:00:00+00:00,70800,A,11447650
8946,1995-03-30 00:00:00+00:00,70900,A,11447650
8947,1995-03-31 00:00:00+00:00,69300,A,11447650
8948,1995-04-01 00:00:00+00:00,67300,A,11447650
8949,1995-04-02 00:00:00+00:00,65900,A,11447650
8950,1995-04-03 00:00:00+00:00,65300,A,11447650
8951,1995-04-04 00:00:00+00:00,62500,A,11447650
8952,1995-04-05 00:00:00+00:00,60300,A,11447650
8953,1995-04-06 00:00:00+00:00,60500,A,11447650
8954,1995-04-07 00:00:00+00:00,58200,A,11447650
8955,1995-04-08 00:00:00+00:00,58400,A,11447650
8956,1995-04-09 00:00:00+00:00,62400,A,11447650
8957,1995-04-10 00:00:00+00:00,65100,A,11447650
8958,1995-04-11 00:00:00+00:00,69600,A,11447650
8959,1995-04-12 00:00:00+00:00,71500,A,11447650
8960,1995-04-13 00:00:00+00:00,72000,A,11447650
8961,1995-04-14 00:00:00+00:00,71300,A,11447650
8962,1995-04-15 00:00:00+00:00,71000,A,11447650
8963,1995-04-16 00:00:00+00:00,70500,A,11447650
8964,1995-04-17 00:00:00+00:00,70700,A,11447650
8965,1995-04-18 00:00:00+00:00,70000,A,11447650
8966,1995-04-19 00:00:00+00:00,69300,A,11447650
8967,1995-04-20 00:00:00+00:00,67700,A,11447650
8968,1995-04-21 00:00:00+00:00,65800,A,11447650
8969,1995-04-22 00:00:00+00:00,62000,A,11447650
8970,1995-04-23 00:00:00+00:00,58300,A,11447650
8971,1995-04-24 00:00:00+00:00,54000,A,11447650
8977,1995-04-30 00:00:00+00:00,57900,A,11447650
8978,1995-05-01 00:00:00+00:00,65900,A,11447650
8979,1995-05-02 00:00:00+00:00,78100,A,11447650
8980,1995-05-03 00:00:00+00:00,84100,A,11447650
8981,1995-05-04 00:00:00+00:00,85400,A,11447650
8982,1995-05-05 00:00:00+00:00,87900,A,11447650
8983,1995-05-06 00:00:00+00:00,88600,A,11447650
8984,1995-05-07 00:00:00+00:00,85400,A,11447650
8985,1995-05-08 00:00:00+00:00,84000,A,11447650
8986,1995-05-09 00:00:00+00:00,82100,A,11447650
8987,1995-05-10 00:00:00+00:00,79500,A,11447650
8988,1995-05-11 00:00:00+00:00,77100,A,11447650
8989,1995-05-12 00:00:00+00:00,76600,A,11447650
8990,1995-05-13 00:00:00+00:00,74100,A,11447650
8991,1995-05-14 00:00:00+00:00,72800,A,11447650
8992,1995-05-15 00:00:00+00:00,70600,A,11447650
8993,1995-05-16 00:00:00+00:00,67200,A,11447650
8994,1995-05-17 00:00:00+00:00,62300,A,11447650
8995,1995-05-18 00:00:00+00:00,56600,A,11447650
8996,1995-05-19 00:00:00+00:00,51900,A,11447650
9250,1996-01-28 00:00:00+00:00,52100,A,11447650
9251,1996-01-29 00:00:00+00:00,55500,A,11447650
9252,1996-01-30 00:00:00+00:00,59200,A,11447650
9253,1996-01-31 00:00:00+00:00,62400,A,11447650
9254,1996-02-01 00:00:00+00:00,62900,A,11447650
9255,1996-02-02 00:00:00+00:00,61800,A,11447650
9256,1996-02-03 00:00:00+00:00,60700,A,11447650
9257,1996-02-04 00:00:00+00:00,60700,A,11447650
9258,1996-02-05 00:00:00+00:00,72700,A,11447650
9259,1996-02-06 00:00:00+00:00,84400,A,11447650
9260,1996-02-07 00:00:00+00:00,87900,A,11447650
9261,1996-02-08 00:00:00+00:00,85100,A,11447650
9262,1996-02-09 00:00:00+00:00,80600,A,11447650
9263,1996-02-10 00:00:00+00:00,77900,A,11447650
9264,1996-02-11 00:00:00+00:00,74100,A,11447650
9265,1996-02-12 00:00:00+00:00,71300,A,11447650
9266,1996-02-13 00:00:00+00:00,70300,A,11447650
9267,1996-02-14 00:00:00+00:00,70000,A,11447650
9268,1996-02-15 00:00:00+00:00,69100,A,11447650
9269,1996-02-16 00:00:00+00:00,68700,A,11447650
9270,1996-02-17 00:00:00+00:00,69900,A,11447650
9271,1996-02-18 00:00:00+00:00,71400,A,11447650
9272,1996-02-19 00:00:00+00:00,75200,A,11447650
9273,1996-02-20 00:00:00+00:00,82100,A,11447650
9274,1996-02-21 00:00:00+00:00,86200,A,11447650
9275,1996-02-22 00:00:00+00:00,87800,A,11447650
9276,1996-02-23 00:00:00+00:00,86800,A,11447650
9277,1996-02-24 00:00:00+00:00,84000,A,11447650
9278,1996-02-25 00:00:00+00:00,81800,A,11447650
9279,1996-02-26 00:00:00+00:00,78900,A,11447650
9280,1996-02-27 00:00:00+00:00,75700,A,11447650
9281,1996-02-28 00:00:00+00:00,73300,A,11447650
9282,1996-02-29 00:00:00+00:00,71600,A,11447650
9283,1996-03-01 00:00:00+00:00,70200,A,11447650
9284,1996-03-02 00:00:00+00:00,69300,A,11447650
9285,1996-03-03 00:00:00+00:00,69000,A,11447650
9286,1996-03-04 00:00:00+00:00,68200,A,11447650
9287,1996-03-05 00:00:00+00:00,68300,A,11447650
9288,1996-03-06 00:00:00+00:00,68200,A,11447650
9289,1996-03-07 00:00:00+00:00,67200,A,11447650
9290,1996-03-08 00:00:00+00:00,66000,A,11447650
9291,1996-03-09 00:00:00+00:00,65400,A,11447650
9292,1996-03-10 00:00:00+00:00,64600,A,11447650
9293,1996-03-11 00:00:00+00:00,64200,A,11447650
9294,1996-03-12 00:00:00+00:00,65500,A,11447650
9295,1996-03-13 00:00:00+00:00,66200,A,11447650
9296,1996-03-14 00:00:00+00:00,65500,A,11447650
9297,1996-03-15 00:00:00+00:00,64600,A,11447650
9298,1996-03-16 00:00:00+00:00,63900,A,11447650
9299,1996-03-17 00:00:00+00:00,63200,A,11447650
9300,1996-03-18 00:00:00+00:00,61800,A,11447650
9301,1996-03-19 00:00:00+00:00,59300,A,11447650
9302,1996-03-20 00:00:00+00:00,56400,A,11447650
9303,1996-03-21 00:00:00+00:00,53300,A,11447650
9360,1996-05-17 00:00:00+00:00,63500,A,11447650
9361,1996-05-18 00:00:00+00:00,73600,A,11447650
9362,1996-05-19 00:00:00+00:00,77200,A,11447650
9363,1996-05-20 00:00:00+00:00,77000,A,11447650
9364,1996-05-21 00:00:00+00:00,73200,A,11447650
9365,1996-05-22 00:00:00+00:00,69100,A,11447650
9366,1996-05-23 00:00:00+00:00,65600,A,11447650
9367,1996-05-24 00:00:00+00:00,64100,A,11447650
9368,1996-05-25 00:00:00+00:00,63500,A,11447650
9369,1996-05-26 00:00:00+00:00,59500,A,11447650
9370,1996-05-27 00:00:00+00:00,53400,A,11447650
9568,1996-12-11 00:00:00+00:00,50200,A,11447650
9569,1996-12-12 00:00:00+00:00,59600,A,11447650
9570,1996-12-13 00:00:00+00:00,80000,A,11447650
9571,1996-12-14 00:00:00+00:00,82500,A,11447650
9572,1996-12-15 00:00:00+00:00,80100,A,11447650
9573,1996-12-16 00:00:00+00:00,78200,A,11447650
9574,1996-12-17 00:00:00+00:00,75400,A,11447650
9575,1996-12-18 00:00:00+00:00,72400,A,11447650
9576,1996-12-19 00:00:00+00:00,69600,A,11447650
9577,1996-12-20 00:00:00+00:00,66600,A,11447650
9578,1996-12-21 00:00:00+00:00,63900,A,11447650
9579,1996-12-22 00:00:00+00:00,64400,A,11447650
9580,1996-12-23 00:00:00+00:00,67500,A,11447650
9581,1996-12-24 00:00:00+00:00,65800,A,11447650
9582,1996-12-25 00:00:00+00:00,62100,A,11447650
9583,1996-12-26 00:00:00+00:00,58000,A,11447650
9584,1996-12-27 00:00:00+00:00,66500,A,11447650
9585,1996-12-28 00:00:00+00:00,81900,A,11447650
9586,1996-12-29 00:00:00+00:00,89400,A,11447650
9587,1996-12-30 00:00:00+00:00,94000,A,11447650
9588,1996-12-31 00:00:00+00:00,96400,A,11447650
9589,1997-01-01 00:00:00+00:00,94900,A,11447650
9590,1997-01-02 00:00:00+00:00,106000,A,11447650
9591,1997-01-03 00:00:00+00:00,113000,A,11447650
9592,1997-01-04 00:00:00+00:00,103000,A,11447650
9593,1997-01-05 00:00:00+00:00,98300,A,11447650
9594,1997-01-06 00:00:00+00:00,93700,A,11447650
9595,1997-01-07 00:00:00+00:00,86800,A,11447650
9596,1997-01-08 00:00:00+00:00,84300,A,11447650
9597,1997-01-09 00:00:00+00:00,84300,A,11447650
9598,1997-01-10 00:00:00+00:00,84500,A,11447650
9599,1997-01-11 00:00:00+00:00,83800,A,11447650
9600,1997-01-12 00:00:00+00:00,81400,A,11447650
9601,1997-01-13 00:00:00+00:00,80800,A,11447650
9602,1997-01-14 00:00:00+00:00,80900,A,11447650
9603,1997-01-15 00:00:00+00:00,79100,A,11447650
9604,1997-01-16 00:00:00+00:00,76400,A,11447650
9605,1997-01-17 00:00:00+00:00,73800,A,11447650
9606,1997-01-18 00:00:00+00:00,71500,A,11447650
9607,1997-01-19 00:00:00+00:00,70100,A,11447650
9608,1997-01-20 00:00:00+00:00,69400,A,11447650
9609,1997-01-21 00:00:00+00:00,69100,A,11447650
9610,1997-01-22 00:00:00+00:00,76500,A,11447650
9611,1997-01-23 00:00:00+00:00,93100,A,11447650
9612,1997-01-24 00:00:00+00:00,92600,A,11447650
9613,1997-01-25 00:00:00+00:00,93500,A,11447650
9614,1997-01-26 00:00:00+00:00,97500,A,11447650
9615,1997-01-27 00:00:00+00:00,96800,A,11447650
9616,1997-01-28 00:00:00+00:00,95100,A,11447650
9617,1997-01-29 00:00:00+00:00,94600,A,11447650
9618,1997-01-30 00:00:00+00:00,90400,A,11447650
9619,1997-01-31 00:00:00+00:00,85200,A,11447650
9620,1997-02-01 00:00:00+00:00,81900,A,11447650
9621,1997-02-02 00:00:00+00:00,79400,A,11447650
9622,1997-02-03 00:00:00+00:00,78300,A,11447650
9623,1997-02-04 00:00:00+00:00,78200,A,11447650
9624,1997-02-05 00:00:00+00:00,77300,A,11447650
9625,1997-02-06 00:00:00+00:00,76600,A,11447650
9626,1997-02-07 00:00:00+00:00,75500,A,11447650
9627,1997-02-08 00:00:00+00:00,74200,A,11447650
9628,1997-02-09 00:00:00+00:00,72000,A,11447650
9629,1997-02-10 00:00:00+00:00,70300,A,11447650
9630,1997-02-11 00:00:00+00:00,68700,A,11447650
9631,1997-02-12 00:00:00+00:00,67200,A,11447650
9632,1997-02-13 00:00:00+00:00,65400,A,11447650
9633,1997-02-14 00:00:00+00:00,62900,A,11447650
9634,1997-02-15 00:00:00+00:00,59100,A,11447650
9635,1997-02-16 00:00:00+00:00,53900,A,11447650
9966,1998-01-13 00:00:00+00:00,53600,A,11447650
9967,1998-01-14 00:00:00+00:00,58500,A,11447650
9968,1998-01-15 00:00:00+00:00,63700,A,11447650
9969,1998-01-16 00:00:00+00:00,71700,A,11447650
9970,1998-01-17 00:00:00+00:00,73600,A,11447650
9971,1998-01-18 00:00:00+00:00,77800,A,11447650
9972,1998-01-19 00:00:00+00:00,79400,A,11447650
9973,1998-01-20 00:00:00+00:00,77400,A,11447650
9974,1998-01-21 00:00:00+00:00,75300,A,11447650
9975,1998-01-22 00:00:00+00:00,73600,A,11447650
9976,1998-01-23 00:00:00+00:00,71800,A,11447650
9977,1998-01-24 00:00:00+00:00,70300,A,11447650
9978,1998-01-25 00:00:00+00:00,68800,A,11447650
9979,1998-01-26 00:00:00+00:00,67800,A,11447650
9980,1998-01-27 00:00:00+00:00,67600,A,11447650
9981,1998-01-28 00:00:00+00:00,67700,A,11447650
9982,1998-01-29 00:00:00+00:00,69500,A,11447650
9983,1998-01-30 00:00:00+00:00,71200,A,11447650
9984,1998-01-31 00:00:00+00:00,70700,A,11447650
9985,1998-02-01 00:00:00+00:00,70000,A,11447650
9986,1998-02-02 00:00:00+00:00,71900,A,11447650
9987,1998-02-03 00:00:00+00:00,84300,A,11447650
9988,1998-02-04 00:00:00+00:00,94100,A,11447650
9989,1998-02-05 00:00:00+00:00,90300,A,11447650
9990,1998-02-06 00:00:00+00:00,86100,A,11447650
9991,1998-02-07 00:00:00+00:00,84300,A,11447650
9992,1998-02-08 00:00:00+00:00,86800,A,11447650
9993,1998-02-09 00:00:00+00:00,84000,A,11447650
9994,1998-02-10 00:00:00+00:00,81400,A,11447650
9995,1998-02-11 00:00:00+00:00,79600,A,11447650
9996,1998-02-12 00:00:00+00:00,78100,A,11447650
9997,1998-02-13 00:00:00+00:00,78000,A,11447650
9998,1998-02-14 00:00:00+00:00,80300,A,11447650
9999,1998-02-15 00:00:00+00:00,86700,A,11447650
10000,1998-02-16 00:00:00+00:00,86100,A,11447650
10001,1998-02-17 00:00:00+00:00,84700,A,11447650
10002,1998-02-18 00:00:00+00:00,83000,A,11447650
10003,1998-02-19 00:00:00+00:00,80900,A,11447650
10004,1998-02-20 00:00:00+00:00,81000,A,11447650
10005,1998-02-21 00:00:00+00:00,79100,A,11447650
10006,1998-02-22 00:00:00+00:00,80700,A,11447650
10007,1998-02-23 00:00:00+00:00,81100,A,11447650
10008,1998-02-24 00:00:00+00:00,80000,A,11447650
10009,1998-02-25 00:00:00+00:00,78300,A,11447650
10010,1998-02-26 00:00:00+00:00,77200,A,11447650
10011,1998-02-27 00:00:00+00:00,75900,A,11447650
10012,1998-02-28 00:00:00+00:00,74400,A,11447650
10013,1998-03-01 00:00:00+00:00,73000,A,11447650
10014,1998-03-02 00:00:00+00:00,71400,A,11447650
10015,1998-03-03 00:00:00+00:00,70400,A,11447650
10016,1998-03-04 00:00:00+00:00,69700,A,11447650
10017,1998-03-05 00:00:00+00:00,68900,A,11447650
10018,1998-03-06 00:00:00+00:00,69000,A,11447650
10019,1998-03-07 00:00:00+00:00,68100,A,11447650
10020,1998-03-08 00:00:00+00:00,66900,A,11447650
10021,1998-03-09 00:00:00+00:00,65700,A,11447650
10022,1998-03-10 00:00:00+00:00,64500,A,11447650
10023,1998-03-11 00:00:00+00:00,62600,A,11447650
10024,1998-03-12 00:00:00+00:00,59800,A,11447650
10025,1998-03-13 00:00:00+00:00,56900,A,11447650
10026,1998-03-14 00:00:00+00:00,54100,A,11447650
10027,1998-03-15 00:00:00+00:00,52200,A,11447650
10028,1998-03-16 00:00:00+00:00,51200,A,11447650
10032,1998-03-20 00:00:00+00:00,50500,A,11447650
10033,1998-03-21 00:00:00+00:00,51800,A,11447650
10034,1998-03-22 00:00:00+00:00,54300,A,11447650
10035,1998-03-23 00:00:00+00:00,58400,A,11447650
10036,1998-03-24 00:00:00+00:00,64700,A,11447650
10037,1998-03-25 00:00:00+00:00,72200,A,11447650
10038,1998-03-26 00:00:00+00:00,76400,A,11447650
10039,1998-03-27 00:00:00+00:00,77700,A,11447650
10040,1998-03-28 00:00:00+00:00,77900,A,11447650
10041,1998-03-29 00:00:00+00:00,76700,A,11447650
10042,1998-03-30 00:00:00+00:00,75100,A,11447650
10043,1998-03-31 00:00:00+00:00,73400,A,11447650
10044,1998-04-01 00:00:00+00:00,72300,A,11447650
10045,1998-04-02 00:00:00+00:00,70900,A,11447650
10046,1998-04-03 00:00:00+00:00,70600,A,11447650
10047,1998-04-04 00:00:00+00:00,70800,A,11447650
10048,1998-04-05 00:00:00+00:00,70100,A,11447650
10049,1998-04-06 00:00:00+00:00,69400,A,11447650
10050,1998-04-07 00:00:00+00:00,69000,A,11447650
10051,1998-04-08 00:00:00+00:00,68800,A,11447650
10052,1998-04-09 00:00:00+00:00,68600,A,11447650
10053,1998-04-10 00:00:00+00:00,67900,A,11447650
10054,1998-04-11 00:00:00+00:00,66900,A,11447650
10055,1998-04-12 00:00:00+00:00,65100,A,11447650
10056,1998-04-13 00:00:00+00:00,63200,A,11447650
10057,1998-04-14 00:00:00+00:00,61600,A,11447650
10058,1998-04-15 00:00:00+00:00,59500,A,11447650
10059,1998-04-16 00:00:00+00:00,56700,A,11447650
10060,1998-04-17 00:00:00+00:00,53900,A,11447650
10061,1998-04-18 00:00:00+00:00,50600,A,11447650
10088,1998-05-15 00:00:00+00:00,50100,A,11447650
10091,1998-05-18 00:00:00+00:00,51000,A,11447650
10092,1998-05-19 00:00:00+00:00,51800,A,11447650
10093,1998-05-20 00:00:00+00:00,50600,A,11447650
10102,1998-05-29 00:00:00+00:00,52200,A,11447650
10103,1998-05-30 00:00:00+00:00,57000,A,11447650
10104,1998-05-31 00:00:00+00:00,63200,A,11447650
10105,1998-06-01 00:00:00+00:00,69000,A,11447650
10106,1998-06-02 00:00:00+00:00,70500,A,11447650
10107,1998-06-03 00:00:00+00:00,69000,A,11447650
10108,1998-06-04 00:00:00+00:00,67100,A,11447650
10109,1998-06-05 00:00:00+00:00,65500,A,11447650
10110,1998-06-06 00:00:00+00:00,64600,A,11447650
10111,1998-06-07 00:00:00+00:00,64100,A,11447650
10112,1998-06-08 00:00:00+00:00,63500,A,11447650
10113,1998-06-09 00:00:00+00:00,62600,A,11447650
10114,1998-06-10 00:00:00+00:00,60400,A,11447650
10115,1998-06-11 00:00:00+00:00,58400,A,11447650
10116,1998-06-12 00:00:00+00:00,56600,A,11447650
10117,1998-06-13 00:00:00+00:00,56300,A,11447650
10118,1998-06-14 00:00:00+00:00,56700,A,11447650
10119,1998-06-15 00:00:00+00:00,58200,A,11447650
10120,1998-06-16 00:00:00+00:00,60300,A,11447650
10121,1998-06-17 00:00:00+00:00,60600,A,11447650
10122,1998-06-18 00:00:00+00:00,59200,A,11447650
10123,1998-06-19 00:00:00+00:00,56300,A,11447650
10124,1998-06-20 00:00:00+00:00,52400,A,11447650
10291,1998-12-04 00:00:00+00:00,54700,A,11447650
10292,1998-12-05 00:00:00+00:00,58300,A,11447650
10293,1998-12-06 00:00:00+00:00,60700,A,11447650
10294,1998-12-07 00:00:00+00:00,61900,A,11447650
10295,1998-12-08 00:00:00+00:00,62300,A,11447650
10296,1998-12-09 00:00:00+00:00,61900,A,11447650
10297,1998-12-10 00:00:00+00:00,60700,A,11447650
10298,1998-12-11 00:00:00+00:00,59400,A,11447650
10299,1998-12-12 00:00:00+00:00,57600,A,11447650
10300,1998-12-13 00:00:00+00:00,55700,A,11447650
10301,1998-12-14 00:00:00+00:00,54200,A,11447650
10302,1998-12-15 00:00:00+00:00,53100,A,11447650
10303,1998-12-16 00:00:00+00:00,51900,A,11447650
10339,1999-01-21 00:00:00+00:00,56800,A,11447650
10340,1999-01-22 00:00:00+00:00,61700,A,11447650
10341,1999-01-23 00:00:00+00:00,63100,A,11447650
10342,1999-01-24 00:00:00+00:00,66700,A,11447650
10343,1999-01-25 00:00:00+00:00,67500,A,11447650
10344,1999-01-26 00:00:00+00:00,65700,A,11447650
10345,1999-01-27 00:00:00+00:00,63700,A,11447650
10346,1999-01-28 00:00:00+00:00,60200,A,11447650
10347,1999-01-29 00:00:00+00:00,56200,A,11447650
10348,1999-01-30 00:00:00+00:00,52000,A,11447650
10357,1999-02-08 00:00:00+00:00,60300,A,11447650
10358,1999-02-09 00:00:00+00:00,69200,A,11447650
10359,1999-02-10 00:00:00+00:00,83100,A,11447650
10360,1999-02-11 00:00:00+00:00,85400,A,11447650
10361,1999-02-12 00:00:00+00:00,82500,A,11447650
10362,1999-02-13 00:00:00+00:00,78700,A,11447650
10363,1999-02-14 00:00:00+00:00,75200,A,11447650
10364,1999-02-15 00:00:00+00:00,72400,A,11447650
10365,1999-02-16 00:00:00+00:00,71200,A,11447650
10366,1999-02-17 00:00:00+00:00,74800,A,11447650
10367,1999-02-18 00:00:00+00:00,86700,A,11447650
10368,1999-02-19 00:00:00+00:00,85600,A,11447650
10369,1999-02-20 00:00:00+00:00,81300,A,11447650
10370,1999-02-21 00:00:00+00:00,80000,A,11447650
10371,1999-02-22 00:00:00+00:00,79400,A,11447650
10372,1999-02-23 00:00:00+00:00,76600,A,11447650
10373,1999-02-24 00:00:00+00:00,74000,A,11447650
10374,1999-02-25 00:00:00+00:00,72600,A,11447650
10375,1999-02-26 00:00:00+00:00,71900,A,11447650
10376,1999-02-27 00:00:00+00:00,71300,A,11447650
10377,1999-02-28 00:00:00+00:00,71100,A,11447650
10378,1999-03-01 00:00:00+00:00,71800,A,11447650
10379,1999-03-02 00:00:00+00:00,73400,A,11447650
10380,1999-03-03 00:00:00+00:00,74000,A,11447650
10381,1999-03-04 00:00:00+00:00,74700,A,11447650
10382,1999-03-05 00:00:00+00:00,74700,A,11447650
10383,1999-03-06 00:00:00+00:00,74600,A,11447650
10384,1999-03-07 00:00:00+00:00,72900,A,11447650
10385,1999-03-08 00:00:00+00:00,71300,A,11447650
10386,1999-03-09 00:00:00+00:00,70600,A,11447650
10387,1999-03-10 00:00:00+00:00,69300,A,11447650
10388,1999-03-11 00:00:00+00:00,68200,A,11447650
10389,1999-03-12 00:00:00+00:00,67700,A,11447650
10390,1999-03-13 00:00:00+00:00,66600,A,11447650
10391,1999-03-14 00:00:00+00:00,65600,A,11447650
10392,1999-03-15 00:00:00+00:00,63900,A,11447650
10393,1999-03-16 00:00:00+00:00,61000,A,11447650
10394,1999-03-17 00:00:00+00:00,57200,A,11447650
10395,1999-03-18 00:00:00+00:00,53000,A,11447650
10709,2000-01-26 00:00:00+00:00,50600,A,11447650
10727,2000-02-13 00:00:00+00:00,57000,A,11447650
10728,2000-02-14 00:00:00+00:00,75700,A,11447650
10729,2000-02-15 00:00:00+00:00,87700,A,11447650
10730,2000-02-16 00:00:00+00:00,87500,A,11447650
10731,2000-02-17 00:00:00+00:00,87000,A,11447650
10732,2000-02-18 00:00:00+00:00,82900,A,11447650
10733,2000-02-19 00:00:00+00:00,78700,A,11447650
10734,2000-02-20 00:00:00+00:00,75600,A,11447650
10735,2000-02-21 00:00:00+00:00,74000,A,11447650
10736,2000-02-22 00:00:00+00:00,72300,A,11447650
10737,2000-02-23 00:00:00+00:00,74500,A,11447650
10738,2000-02-24 00:00:00+00:00,75700,A,11447650
10739,2000-02-25 00:00:00+00:00,75500,A,11447650
10740,2000-02-26 00:00:00+00:00,75300,A,11447650
10741,2000-02-27 00:00:00+00:00,77200,A,11447650
10742,2000-02-28 00:00:00+00:00,81700,A,11447650
10743,2000-02-29 00:00:00+00:00,81900,A,11447650
10744,2000-03-01 00:00:00+00:00,81100,A,11447650
10745,2000-03-02 00:00:00+00:00,79000,"A, e",11447650
10746,2000-03-03 00:00:00+00:00,76900,"A, e",11447650
10747,2000-03-04 00:00:00+00:00,74900,A,11447650
10748,2000-03-05 00:00:00+00:00,74800,A,11447650
10749,2000-03-06 00:00:00+00:00,74500,A,11447650
10750,2000-03-07 00:00:00+00:00,73300,A,11447650
10751,2000-03-08 00:00:00+00:00,73600,A,11447650
10752,2000-03-09 00:00:00+00:00,74200,A,11447650
10753,2000-03-10 00:00:00+00:00,73800,A,11447650
10754,2000-03-11 00:00:00+00:00,73100,A,11447650
10755,2000-03-12 00:00:00+00:00,72400,A,11447650
10756,2000-03-13 00:00:00+00:00,71600,A,11447650
10757,2000-03-14 00:00:00+00:00,70300,A,11447650
10758,2000-03-15 00:00:00+00:00,68400,A,11447650
10759,2000-03-16 00:00:00+00:00,66300,A,11447650
10760,2000-03-17 00:00:00+00:00,64700,A,11447650
10761,2000-03-18 00:00:00+00:00,61900,A,11447650
10762,2000-03-19 00:00:00+00:00,58000,A,11447650
10763,2000-03-20 00:00:00+00:00,53800,A,11447650
11417,2002-01-03 00:00:00+00:00,50600,A,11447650
11418,2002-01-04 00:00:00+00:00,57700,A,11447650
11419,2002-01-05 00:00:00+00:00,63900,A,11447650
11420,2002-01-06 00:00:00+00:00,65600,A,11447650
11421,2002-01-07 00:00:00+00:00,64500,A,11447650
11422,2002-01-08 00:00:00+00:00,63200,A,11447650
11423,2002-01-09 00:00:00+00:00,62000,A,11447650
11424,2002-01-10 00:00:00+00:00,60300,A,11447650
11425,2002-01-11 00:00:00+00:00,57400,A,11447650
11426,2002-01-12 00:00:00+00:00,52600,A,11447650
11767,2002-12-19 00:00:00+00:00,53200,A,11447650
11768,2002-12-20 00:00:00+00:00,52400,A,11447650
11771,2002-12-23 00:00:00+00:00,51200,A,11447650
11772,2002-12-24 00:00:00+00:00,50700,A,11447650
11779,2002-12-31 00:00:00+00:00,57500,A,11447650
11780,2003-01-01 00:00:00+00:00,63400,A,11447650
11781,2003-01-02 00:00:00+00:00,64700,A,11447650
11782,2003-01-03 00:00:00+00:00,65300,A,11447650
11783,2003-01-04 00:00:00+00:00,63800,A,11447650
11784,2003-01-05 00:00:00+00:00,61300,A,11447650
11785,2003-01-06 00:00:00+00:00,57000,A,11447650
11786,2003-01-07 00:00:00+00:00,50700,A,11447650
11794,2003-01-15 00:00:00+00:00,50900,A,11447650
11795,2003-01-16 00:00:00+00:00,60100,A,11447650
11796,2003-01-17 00:00:00+00:00,64900,A,11447650
11797,2003-01-18 00:00:00+00:00,64600,A,11447650
11798,2003-01-19 00:00:00+00:00,62600,A,11447650
11799,2003-01-20 00:00:00+00:00,59200,A,11447650
11800,2003-01-21 00:00:00+00:00,54500,A,11447650
11801,2003-01-22 00:00:00+00:00,50000,A,11447650
11805,2003-01-26 00:00:00+00:00,51100,A,11447650
11806,2003-01-27 00:00:00+00:00,52100,A,11447650
11807,2003-01-28 00:00:00+00:00,52000,A,11447650
11808,2003-01-29 00:00:00+00:00,51200,A,11447650
11903,2003-05-04 00:00:00+00:00,53500,A,11447650
11904,2003-05-05 00:00:00+00:00,56900,A,11447650
11905,2003-05-06 00:00:00+00:00,59300,A,11447650
11906,2003-05-07 00:00:00+00:00,61800,A,11447650
11907,2003-05-08 00:00:00+00:00,62400,A,11447650
11908,2003-05-09 00:00:00+00:00,61400,A,11447650
11909,2003-05-10 00:00:00+00:00,58900,A,11447650
11910,2003-05-11 00:00:00+00:00,55400,A,11447650
11911,2003-05-12 00:00:00+00:00,51100,A,11447650
12145,2004-01-01 00:00:00+00:00,52900,A,11447650
12146,2004-01-02 00:00:00+00:00,59300,A,11447650
12147,2004-01-03 00:00:00+00:00,61000,A,11447650
12148,2004-01-04 00:00:00+00:00,61200,A,11447650
12149,2004-01-05 00:00:00+00:00,59000,A,11447650
12150,2004-01-06 00:00:00+00:00,53800,A,11447650
12194,2004-02-19 00:00:00+00:00,56600,A,11447650
12195,2004-02-20 00:00:00+00:00,69300,A,11447650
12196,2004-02-21 00:00:00+00:00,73300,A,11447650
12197,2004-02-22 00:00:00+00:00,73800,A,11447650
12198,2004-02-23 00:00:00+00:00,73100,A,11447650
12199,2004-02-24 00:00:00+00:00,71900,A,11447650
12200,2004-02-25 00:00:00+00:00,71900,A,11447650
12201,2004-02-26 00:00:00+00:00,74600,A,11447650
12202,2004-02-27 00:00:00+00:00,74700,A,11447650
12203,2004-02-28 00:00:00+00:00,73800,A,11447650
12204,2004-02-29 00:00:00+00:00,72400,A,11447650
12205,2004-03-01 00:00:00+00:00,71300,A,11447650
12206,2004-03-02 00:00:00+00:00,71000,A,11447650
12207,2004-03-03 00:00:00+00:00,70300,A,11447650
12208,2004-03-04 00:00:00+00:00,69500,A,11447650
12209,2004-03-05 00:00:00+00:00,68600,A,11447650
12210,2004-03-06 00:00:00+00:00,67500,A,11447650
12211,2004-03-07 00:00:00+00:00,66300,A,11447650
12212,2004-03-08 00:00:00+00:00,65400,A,11447650
12213,2004-03-09 00:00:00+00:00,63800,A,11447650
12214,2004-03-10 00:00:00+00:00,62400,A,11447650
12215,2004-03-11 00:00:00+00:00,60000,A,11447650
12216,2004-03-12 00:00:00+00:00,57000,A,11447650
12217,2004-03-13 00:00:00+00:00,53400,A,11447650
12511,2005-01-01 00:00:00+00:00,54300,A,11447650
12512,2005-01-02 00:00:00+00:00,55600,A,11447650
12513,2005-01-03 00:00:00+00:00,53000,A,11447650
12514,2005-01-04 00:00:00+00:00,50200,A,11447650
12594,2005-03-25 00:00:00+00:00,52800,A,11447650
12595,2005-03-26 00:00:00+00:00,53900,A,11447650
12596,2005-03-27 00:00:00+00:00,51800,A,11447650
12650,2005-05-20 00:00:00+00:00,66900,A,11447650
12651,2005-05-21 00:00:00+00:00,72300,A,11447650
12652,2005-05-22 00:00:00+00:00,74100,A,11447650
12653,2005-05-23 00:00:00+00:00,70800,A,11447650
12654,2005-05-24 00:00:00+00:00,68200,A,11447650
12655,2005-05-25 00:00:00+00:00,64500,A,11447650
12656,2005-05-26 00:00:00+00:00,59500,A,11447650
12657,2005-05-27 00:00:00+00:00,53200,A,11447650
12868,2005-12-24 00:00:00+00:00,53600,A,11447650
12869,2005-12-25 00:00:00+00:00,69800,A,11447650
12870,2005-12-26 00:00:00+00:00,74200,A,11447650
12871,2005-12-27 00:00:00+00:00,81700,A,11447650
12872,2005-12-28 00:00:00+00:00,85000,A,11447650
12873,2005-12-29 00:00:00+00:00,87000,A,11447650
12874,2005-12-30 00:00:00+00:00,87600,A,11447650
12875,2005-12-31 00:00:00+00:00,88300,A,11447650
12876,2006-01-01 00:00:00+00:00,85900,A,11447650
12877,2006-01-02 00:00:00+00:00,86300,A,11447650
12878,2006-01-03 00:00:00+00:00,87600,A,11447650
12879,2006-01-04 00:00:00+00:00,83100,A,11447650
12880,2006-01-05 00:00:00+00:00,82100,A,11447650
12881,2006-01-06 00:00:00+00:00,80500,A,11447650
12882,2006-01-07 00:00:00+00:00,75600,A,11447650
12883,2006-01-08 00:00:00+00:00,73700,A,11447650
12884,2006-01-09 00:00:00+00:00,74200,A,11447650
12885,2006-01-10 00:00:00+00:00,76200,A,11447650
12886,2006-01-11 00:00:00+00:00,77500,A,11447650
12887,2006-01-12 00:00:00+00:00,73400,A,11447650
12888,2006-01-13 00:00:00+00:00,70900,A,11447650
12889,2006-01-14 00:00:00+00:00,70000,A,11447650
12890,2006-01-15 00:00:00+00:00,68500,A,11447650
12891,2006-01-16 00:00:00+00:00,67600,A,11447650
12892,2006-01-17 00:00:00+00:00,67500,A,11447650
12893,2006-01-18 00:00:00+00:00,67100,A,11447650
12894,2006-01-19 00:00:00+00:00,65300,A,11447650
12895,2006-01-20 00:00:00+00:00,64600,A,11447650
12896,2006-01-21 00:00:00+00:00,62600,A,11447650
12897,2006-01-22 00:00:00+00:00,61000,A,11447650
12898,2006-01-23 00:00:00+00:00,58900,A,11447650
12899,2006-01-24 00:00:00+00:00,55300,A,11447650
12900,2006-01-25 00:00:00+00:00,51800,A,11447650
12907,2006-02-01 00:00:00+00:00,50200,A,11447650
12908,2006-02-02 00:00:00+00:00,53900,A,11447650
12909,2006-02-03 00:00:00+00:00,57400,A,11447650
12910,2006-02-04 00:00:00+00:00,61300,A,11447650
12911,2006-02-05 00:00:00+00:00,67400,A,11447650
12912,2006-02-06 00:00:00+00:00,69700,A,11447650
12913,2006-02-07 00:00:00+00:00,70200,A,11447650
12914,2006-02-08 00:00:00+00:00,70100,A,11447650
12915,2006-02-09 00:00:00+00:00,69700,A,11447650
12916,2006-02-10 00:00:00+00:00,69100,A,11447650
12917,2006-02-11 00:00:00+00:00,68400,A,11447650
12918,2006-02-12 00:00:00+00:00,62400,A,11447650
12919,2006-02-13 00:00:00+00:00,55800,A,11447650
12920,2006-02-14 00:00:00+00:00,50500,A,11447650
12935,2006-03-01 00:00:00+00:00,57100,A,11447650
12936,2006-03-02 00:00:00+00:00,68600,A,11447650
12937,2006-03-03 00:00:00+00:00,69500,A,11447650
12938,2006-03-04 00:00:00+00:00,68900,A,11447650
12939,2006-03-05 00:00:00+00:00,67100,A,11447650
12940,2006-03-06 00:00:00+00:00,69100,A,11447650
12941,2006-03-07 00:00:00+00:00,69500,A,11447650
12942,2006-03-08 00:00:00+00:00,69600,A,11447650
12943,2006-03-09 00:00:00+00:00,69700,A,11447650
12944,2006-03-10 00:00:00+00:00,70000,A,11447650
12945,2006-03-11 00:00:00+00:00,68100,A,11447650
12946,2006-03-12 00:00:00+00:00,66700,A,11447650
12947,2006-03-13 00:00:00+00:00,67300,A,11447650
12948,2006-03-14 00:00:00+00:00,67600,A,11447650
12949,2006-03-15 00:00:00+00:00,67400,A,11447650
12950,2006-03-16 00:00:00+00:00,67300,A,11447650
12951,2006-03-17 00:00:00+00:00,66000,A,11447650
12952,2006-03-18 00:00:00+00:00,65500,A,11447650
12953,2006-03-19 00:00:00+00:00,65000,A,11447650
12954,2006-03-20 00:00:00+00:00,66400,A,11447650
12955,2006-03-21 00:00:00+00:00,66700,A,11447650
12956,2006-03-22 00:00:00+00:00,65700,A,11447650
12957,2006-03-23 00:00:00+00:00,65100,A,11447650
12958,2006-03-24 00:00:00+00:00,65700,A,11447650
12959,2006-03-25 00:00:00+00:00,66400,A,11447650
12960,2006-03-26 00:00:00+00:00,68300,A,11447650
12961,2006-03-27 00:00:00+00:00,69200,A,11447650
12962,2006-03-28 00:00:00+00:00,68500,A,11447650
12963,2006-03-29 00:00:00+00:00,68900,A,11447650
12964,2006-03-30 00:00:00+00:00,69100,A,11447650
12965,2006-03-31 00:00:00+00:00,69800,A,11447650
12966,2006-04-01 00:00:00+00:00,72300,A,11447650
12967,2006-04-02 00:00:00+00:00,73700,A,11447650
12968,2006-04-03 00:00:00+00:00,75500,A,11447650
12969,2006-04-04 00:00:00+00:00,87200,A,11447650
12970,2006-04-05 00:00:00+00:00,91800,A,11447650
12971,2006-04-06 00:00:00+00:00,91100,A,11447650
12972,2006-04-07 00:00:00+00:00,86900,A,11447650
12973,2006-04-08 00:00:00+00:00,84200,A,11447650
12974,2006-04-09 00:00:00+00:00,83600,A,11447650
12975,2006-04-10 00:00:00+00:00,82800,A,11447650
12976,2006-04-11 00:00:00+00:00,79200,A,11447650
12977,2006-04-12 00:00:00+00:00,79200,A,11447650
12978,2006-04-13 00:00:00+00:00,78100,A,11447650
12979,2006-04-14 00:00:00+00:00,79100,A,11447650
12980,2006-04-15 00:00:00+00:00,80000,A,11447650
12981,2006-04-16 00:00:00+00:00,81000,A,11447650
12982,2006-04-17 00:00:00+00:00,81100,A,11447650
12983,2006-04-18 00:00:00+00:00,80000,A,11447650
12984,2006-04-19 00:00:00+00:00,78100,A,11447650
12985,2006-04-20 00:00:00+00:00,75100,A,11447650
12986,2006-04-21 00:00:00+00:00,72700,A,11447650
12987,2006-04-22 00:00:00+00:00,72300,A,11447650
12988,2006-04-23 00:00:00+00:00,70800,A,11447650
12989,2006-04-24 00:00:00+00:00,71200,A,11447650
12990,2006-04-25 00:00:00+00:00,70800,A,11447650
12991,2006-04-26 00:00:00+00:00,70900,A,11447650
12992,2006-04-27 00:00:00+00:00,69900,A,11447650
12993,2006-04-28 00:00:00+00:00,70700,A,11447650
12994,2006-04-29 00:00:00+00:00,70200,A,11447650
12995,2006-04-30 00:00:00+00:00,69900,A,11447650
12996,2006-05-01 00:00:00+00:00,70600,A,11447650
12997,2006-05-02 00:00:00+00:00,69900,A,11447650
12998,2006-05-03 00:00:00+00:00,69800,A,11447650
12999,2006-05-04 00:00:00+00:00,69600,A,11447650
13000,2006-05-05 00:00:00+00:00,68500,A,11447650
13001,2006-05-06 00:00:00+00:00,67100,A,11447650
13002,2006-05-07 00:00:00+00:00,64100,A,11447650
13003,2006-05-08 00:00:00+00:00,60400,A,11447650
13004,2006-05-09 00:00:00+00:00,56500,A,11447650
13005,2006-05-10 00:00:00+00:00,55600,A,11447650
13006,2006-05-11 00:00:00+00:00,56300,A,11447650
13007,2006-05-12 00:00:00+00:00,56100,A,11447650
13008,2006-05-13 00:00:00+00:00,55800,A,11447650
13009,2006-05-14 00:00:00+00:00,54900,A,11447650
13010,2006-05-15 00:00:00+00:00,54400,A,11447650
13011,2006-05-16 00:00:00+00:00,53100,A,11447650
13012,2006-05-17 00:00:00+00:00,50900,A,11447650
13013,2006-05-18 00:00:00+00:00,50000,A,11447650
14359,2010-01-23 00:00:00+00:00,55500,A,11447650
14360,2010-01-24 00:00:00+00:00,58400,A,11447650
14361,2010-01-25 00:00:00+00:00,55600,A,11447650
14362,2010-01-26 00:00:00+00:00,50600,A,11447650
14363,2010-01-27 00:00:00+00:00,50500,A,11447650
14364,2010-01-28 00:00:00+00:00,54100,A,11447650
14365,2010-01-29 00:00:00+00:00,56500,A,11447650
14366,2010-01-30 00:00:00+00:00,52600,A,11447650
14687,2010-12-17 00:00:00+00:00,54600,A,11447650
14688,2010-12-18 00:00:00+00:00,53900,A,11447650
14689,2010-12-19 00:00:00+00:00,61600,A,11447650
14690,2010-12-20 00:00:00+00:00,71400,A,11447650
14691,2010-12-21 00:00:00+00:00,77000,A,11447650
14692,2010-12-22 00:00:00+00:00,75200,A,11447650
14693,2010-12-23 00:00:00+00:00,72000,A,11447650
14694,2010-12-24 00:00:00+00:00,69800,A,11447650
14695,2010-12-25 00:00:00+00:00,69100,A,11447650
14696,2010-12-26 00:00:00+00:00,68200,A,11447650
14697,2010-12-27 00:00:00+00:00,65600,A,11447650
14698,2010-12-28 00:00:00+00:00,63900,A,11447650
14699,2010-12-29 00:00:00+00:00,62000,A,11447650
14700,2010-12-30 00:00:00+00:00,65200,A,11447650
14701,2010-12-31 00:00:00+00:00,67300,A,11447650
14702,2011-01-01 00:00:00+00:00,67300,A,11447650
14703,2011-01-02 00:00:00+00:00,65500,A,11447650
14704,2011-01-03 00:00:00+00:00,64700,A,11447650
14705,2011-01-04 00:00:00+00:00,60900,A,11447650
14706,2011-01-05 00:00:00+00:00,56600,A,11447650
14707,2011-01-06 00:00:00+00:00,52000,A,11447650
14776,2011-03-16 00:00:00+00:00,55100,A,11447650
14777,2011-03-17 00:00:00+00:00,73800,A,11447650
14778,2011-03-18 00:00:00+00:00,80800,A,11447650
14779,2011-03-19 00:00:00+00:00,82700,A,11447650
14780,2011-03-20 00:00:00+00:00,83800,A,11447650
14781,2011-03-21 00:00:00+00:00,84800,A,11447650
14782,2011-03-22 00:00:00+00:00,85100,A,11447650
14783,2011-03-23 00:00:00+00:00,82800,A,11447650
14784,2011-03-24 00:00:00+00:00,83400,A,11447650
14785,2011-03-25 00:00:00+00:00,86000,A,11447650
14786,2011-03-26 00:00:00+00:00,85500,A,11447650
14787,2011-03-27 00:00:00+00:00,84500,A,11447650
14788,2011-03-28 00:00:00+00:00,82100,A,11447650
14789,2011-03-29 00:00:00+00:00,79300,A,11447650
14790,2011-03-30 00:00:00+00:00,74800,A,11447650
14791,2011-03-31 00:00:00+00:00,73600,A,11447650
14792,2011-04-01 00:00:00+00:00,72000,A,11447650
14793,2011-04-02 00:00:00+00:00,70800,A,11447650
14794,2011-04-03 00:00:00+00:00,70100,A,11447650
14795,2011-04-04 00:00:00+00:00,71800,A,11447650
14796,2011-04-05 00:00:00+00:00,71000,A,11447650
14797,2011-04-06 00:00:00+00:00,69900,A,11447650
14798,2011-04-07 00:00:00+00:00,69200,A,11447650
14799,2011-04-08 00:00:00+00:00,68700,A,11447650
14800,2011-04-09 00:00:00+00:00,67700,A,11447650
14801,2011-04-10 00:00:00+00:00,66100,A,11447650
14802,2011-04-11 00:00:00+00:00,62200,A,11447650
14803,2011-04-12 00:00:00+00:00,58400,A,11447650
14804,2011-04-13 00:00:00+00:00,53900,A,11447650
15404,2012-12-03 00:00:00+00:00,55600,A,11447650
15405,2012-12-04 00:00:00+00:00,57700,A,11447650
15406,2012-12-05 00:00:00+00:00,56500,A,11447650
15407,2012-12-06 00:00:00+00:00,56600,A,11447650
15408,2012-12-07 00:00:00+00:00,57500,A,11447650
15409,2012-12-08 00:00:00+00:00,56400,A,11447650
15410,2012-12-09 00:00:00+00:00,52800,A,11447650
15425,2012-12-24 00:00:00+00:00,57600,A,11447650
15426,2012-12-25 00:00:00+00:00,65400,A,11447650
15427,2012-12-26 00:00:00+00:00,69000,A,11447650
15428,2012-12-27 00:00:00+00:00,67900,A,11447650
15429,2012-12-28 00:00:00+00:00,66300,A,11447650
15430,2012-12-29 00:00:00+00:00,62400,A,11447650
15431,2012-12-30 00:00:00+00:00,57500,A,11447650
15432,2012-12-31 00:00:00+00:00,50500,A,11447650
